ticker,kind,mode,step,date,seed,n,mean_pnl,sd_pnl,q05_pnl,es05_pnl,mean_pnl_change,paired_se,mean_abs_mark_change,q95_abs_mark_change
GS,put,frozen,0,2026-04-28,0,3000,-0.7485880343030831,2.2208162161361474e-16,-0.7485880343030828,-0.7485880343030831,0.0,0.0,0.0,0.0
GS,put,frozen,0,2026-04-28,20260429,1000,-0.7485880343030831,2.221557105636704e-16,-0.7485880343030828,-0.7485880343030831,0.0,0.0,0.0,0.0
GS,put,frozen,0,2026-04-28,20260430,1000,-0.7485880343030831,2.221557105636704e-16,-0.7485880343030828,-0.7485880343030831,0.0,0.0,0.0,0.0
GS,put,frozen,0,2026-04-28,20260431,1000,-0.7485880343030831,2.221557105636704e-16,-0.7485880343030828,-0.7485880343030831,0.0,0.0,0.0,0.0
GS,put,frozen,5,2026-05-05,0,3000,0.1314845999196138,12.795198330613484,-21.832691379140154,-40.22376023779136,0.10235622506135023,0.010359642506563314,0.4403320060845295,1.2807039926988848
GS,put,frozen,5,2026-05-05,20260429,1000,-0.2965036784535527,13.400662277061675,-23.16861468867356,-43.85260699764123,0.0884596721935531,0.018425008935028207,0.4494244646881731,1.3104746651848522
GS,put,frozen,5,2026-05-05,20260430,1000,0.17638554125363543,12.853259798601066,-23.369023960633974,-39.66391891955271,0.10536220056422142,0.01861423805178178,0.4600329574676588,1.3213637484190914
GS,put,frozen,5,2026-05-05,20260431,1000,0.5145719369587582,12.09804727055577,-18.940022986467174,-36.54931743990281,0.11324680242627613,0.016740741476508576,0.41153859609775684,1.171634941288245
GS,put,frozen,10,2026-05-12,0,3000,0.6629493751162244,19.42761713279483,-36.99380788112691,-63.34115004165554,0.2851885610679718,0.010180915889309939,0.5090982522830461,1.2010250482971108
GS,put,frozen,10,2026-05-12,20260429,1000,0.018239794940686407,19.307271226489593,-40.63199462488441,-63.31837556289557,0.26858474837320395,0.018025972334339297,0.5070153746560164,1.2115330443073429
GS,put,frozen,10,2026-05-12,20260430,1000,0.340384979633385,20.150904347667193,-38.656078892688924,-65.5136388187563,0.28019222559115986,0.01813411947500481,0.5251296624511769,1.192601540475161
GS,put,frozen,10,2026-05-12,20260431,1000,1.630223350774601,18.78206858731319,-31.30109467570944,-60.19572459360916,0.30678870923955165,0.01670125779227493,0.4951497197419451,1.204127609802313
GS,put,frozen,15,2026-05-19,0,3000,1.6806186149238886,23.949935642960753,-49.0020259664448,-78.86113817181017,0.45438580696150377,0.008932343208185943,0.5902994280181094,1.0199249540604383
GS,put,frozen,15,2026-05-19,20260429,1000,1.1818887466970829,24.157513159050144,-50.28216775802803,-79.4561468156737,0.43899681580051325,0.015648916794932893,0.5823728911014856,1.0185625802292626
GS,put,frozen,15,2026-05-19,20260430,1000,1.9237248415495278,23.029428211483832,-45.31860289208072,-74.59794068086454,0.4581679805422436,0.015461288256487906,0.5928017156342046,1.0190248431171482
GS,put,frozen,15,2026-05-19,20260431,1000,1.9362422565250543,24.650213877286305,-49.246649435137364,-82.36033357500344,0.46599262454175444,0.015304696491428066,0.5957236773186378,1.020944362457095
GS,put,frozen,20,2026-05-27,0,3000,2.9836369592788117,28.69108994108828,-61.714441438372155,-95.86581888041012,0.5627203774346875,0.005632658509586564,0.5627203774346875,1.123284078825474
GS,put,frozen,20,2026-05-27,20260429,1000,3.2783124161389092,27.304803216882746,-58.69996195498974,-90.47496635050345,0.5661785314198177,0.009831038978554928,0.5661785314198177,1.1232840788254737
GS,put,frozen,20,2026-05-27,20260430,1000,2.6809462057806344,29.482355218092664,-65.25144875667857,-98.42918050896483,0.5549128499325456,0.009722666636825791,0.5549128499325456,1.1194933681012014
GS,put,frozen,20,2026-05-27,20260431,1000,2.99165225591689,29.261641873505663,-60.65887308010763,-98.24995382786379,0.5670697509516989,0.009719085829171612,0.5670697509516989,1.1286048362711318
GS,put,frozen,22,2026-05-29,0,3000,3.405352843194921,30.05209952194787,-63.59769492137276,-100.0614982832344,0.0,0.0,0.0,0.0
GS,put,frozen,22,2026-05-29,20260429,1000,3.3845815274353845,29.18252891634301,-62.076356212366655,-95.98406900796053,0.0,0.0,0.0,0.0
GS,put,frozen,22,2026-05-29,20260430,1000,3.1737225796721757,31.093564540967243,-68.11948592839792,-103.18247209882817,0.0,0.0,0.0,0.0
GS,put,frozen,22,2026-05-29,20260431,1000,3.6577544224772023,29.877189696476194,-59.10808288158056,-100.48211916964108,0.0,0.0,0.0,0.0
GS,put,surface,0,2026-04-28,0,3000,-0.7485880343030831,2.2208162161361474e-16,-0.7485880343030828,-0.7485880343030831,0.0,0.0,0.0,0.0
GS,put,surface,0,2026-04-28,20260429,1000,-0.7485880343030831,2.221557105636704e-16,-0.7485880343030828,-0.7485880343030831,0.0,0.0,0.0,0.0
GS,put,surface,0,2026-04-28,20260430,1000,-0.7485880343030831,2.221557105636704e-16,-0.7485880343030828,-0.7485880343030831,0.0,0.0,0.0,0.0
GS,put,surface,0,2026-04-28,20260431,1000,-0.7485880343030831,2.221557105636704e-16,-0.7485880343030828,-0.7485880343030831,0.0,0.0,0.0,0.0
GS,put,surface,5,2026-05-05,0,3000,0.029128374858263896,12.32310156317454,-20.678833711607318,-38.961764529208416,0.0,0.0,0.0,0.0
GS,put,surface,5,2026-05-05,20260429,1000,-0.38496335064710546,12.91387625327823,-21.95436403324902,-42.56334241518051,0.0,0.0,0.0,0.0
GS,put,surface,5,2026-05-05,20260430,1000,0.07102334068941459,12.359757890714341,-22.146110148973953,-38.37171912629155,0.0,0.0,0.0,0.0
GS,put,surface,5,2026-05-05,20260431,1000,0.40132513453248225,11.663474330146881,-17.92985997268096,-35.37362483078234,0.0,0.0,0.0,0.0
GS,put,surface,10,2026-05-12,0,3000,0.37776081404825246,19.048268286901667,-35.91931076484711,-62.8556270830387,0.0,0.0,0.0,0.0
GS,put,surface,10,2026-05-12,20260429,1000,-0.2503449534325175,18.906191288155444,-39.59026269789827,-62.863872249294616,0.0,0.0,0.0,0.0
GS,put,surface,10,2026-05-12,20260430,1000,0.060192754042225245,19.762654589559357,-37.592013824522084,-65.06458193533994,0.0,0.0,0.0,0.0
GS,put,surface,10,2026-05-12,20260431,1000,1.3234346415350497,18.434704549177322,-30.252971256551604,-59.64206375352877,0.0,0.0,0.0,0.0
GS,put,surface,15,2026-05-19,0,3000,1.2262328079623848,23.673686789940458,-48.933418059877575,-79.13687996740038,0.0,0.0,0.0,0.0
GS,put,surface,15,2026-05-19,20260429,1000,0.7428919308965695,23.878689334725316,-50.252391781225214,-79.74108221794447,0.0,0.0,0.0,0.0
GS,put,surface,15,2026-05-19,20260430,1000,1.4655568610072844,22.740574722842975,-45.13286964481748,-74.85454300479687,0.0,0.0,0.0,0.0
GS,put,surface,15,2026-05-19,20260431,1000,1.4702496319833003,24.388030160527784,-49.18554683390274,-82.640745646666,0.0,0.0,0.0,0.0
GS,put,surface,20,2026-05-27,0,3000,2.4209165818441245,28.62758247052528,-62.109057823185815,-96.21765063024709,0.0,0.0,0.0,0.0
GS,put,surface,20,2026-05-27,20260429,1000,2.712133884719093,27.244054215540384,-59.08772663032205,-90.84205342972137,0.0,0.0,0.0,0.0
GS,put,surface,20,2026-05-27,20260430,1000,2.1260333558480893,29.421236200695397,-65.65402447735462,-98.77772276788814,0.0,0.0,0.0,0.0
GS,put,surface,20,2026-05-27,20260431,1000,2.4245825049651915,29.19309119115636,-61.0510660737995,-98.5888141881338,0.0,0.0,0.0,0.0
GS,put,surface,22,2026-05-29,0,3000,3.405352843194921,30.05209952194787,-63.59769492137276,-100.0614982832344,0.0,0.0,0.0,0.0
GS,put,surface,22,2026-05-29,20260429,1000,3.3845815274353845,29.18252891634301,-62.076356212366655,-95.98406900796053,0.0,0.0,0.0,0.0
GS,put,surface,22,2026-05-29,20260430,1000,3.1737225796721757,31.093564540967243,-68.11948592839792,-103.18247209882817,0.0,0.0,0.0,0.0
GS,put,surface,22,2026-05-29,20260431,1000,3.6577544224772023,29.877189696476194,-59.10808288158056,-100.48211916964108,0.0,0.0,0.0,0.0
GS,put,relaxation,0,2026-04-28,0,3000,-0.7485880343030831,2.2208162161361474e-16,-0.7485880343030828,-0.7485880343030831,0.0,0.0,0.0,0.0
GS,put,relaxation,0,2026-04-28,20260429,1000,-0.7485880343030831,2.221557105636704e-16,-0.7485880343030828,-0.7485880343030831,0.0,0.0,0.0,0.0
GS,put,relaxation,0,2026-04-28,20260430,1000,-0.7485880343030831,2.221557105636704e-16,-0.7485880343030828,-0.7485880343030831,0.0,0.0,0.0,0.0
GS,put,relaxation,0,2026-04-28,20260431,1000,-0.7485880343030831,2.221557105636704e-16,-0.7485880343030828,-0.7485880343030831,0.0,0.0,0.0,0.0
GS,put,relaxation,5,2026-05-05,0,3000,0.1286172142095314,12.740332196130762,-21.654955568228342,-40.06413693829261,0.09948883935126782,0.00927034537998051,0.39273071879917076,1.1368028274966542
GS,put,relaxation,5,2026-05-05,20260429,1000,-0.30001677195479065,13.345333298659751,-23.008170703093136,-43.70084775200377,0.08494657869231532,0.01655397311835712,0.40110139905428416,1.1812067320203996
GS,put,relaxation,5,2026-05-05,20260430,1000,0.17414333352226047,12.794140356379746,-23.159380462475482,-39.48664694967735,0.10311999283284547,0.016580058988548915,0.4100756556271313,1.155947220235476
GS,put,relaxation,5,2026-05-05,20260431,1000,0.5117250810611246,12.047916745841013,-18.8103627691397,-36.41075708514739,0.11039994652864266,0.014989777921750031,0.3670151017160967,1.0792011958994678
GS,put,relaxation,10,2026-05-12,0,3000,0.6294316315568614,19.34772856640681,-36.640770278954726,-63.205098519783135,0.25167081750860903,0.008562983043521474,0.42477782469243053,1.0740534698145083
GS,put,relaxation,10,2026-05-12,20260429,1000,-0.01202170500824722,19.22257884749575,-40.32714791011321,-63.16868888041406,0.2383232484242701,0.015183939276548332,0.4248360267072284,1.075136007017035
GS,put,relaxation,10,2026-05-12,20260430,1000,0.3061916516184403,20.067341973648862,-38.58121897112507,-65.38277741749589,0.24599889757621524,0.015121755259608273,0.43472071030470905,1.0752902530998725
GS,put,relaxation,10,2026-05-12,20260431,1000,1.5941249480603914,18.710944431862938,-31.07111000999373,-60.068715194826325,0.2706903065253417,0.014162286535969126,0.4147767370653538,1.067005331650356
GS,put,relaxation,15,2026-05-19,0,3000,1.6189408496064497,23.89027643782533,-48.86054919874248,-78.84870717381551,0.3927080416440649,0.007819440246891152,0.5009377520775675,0.9344468370010535
GS,put,relaxation,15,2026-05-19,20260429,1000,1.1261851114938548,24.096434871075015,-50.29304279776327,-79.43993176280773,0.383293180597285,0.013525365446146518,0.4948150623223337,0.9345195792039303
GS,put,relaxation,15,2026-05-19,20260430,1000,1.8632168491176473,22.96502201470008,-45.1953315725935,-74.58383365618039,0.397659988110363,0.013475251605290986,0.501221111856313,0.9358621374576962
GS,put,relaxation,15,2026-05-19,20260431,1000,1.8674205882078465,24.59641361454339,-49.180206817992335,-82.34741909209657,0.39717095622454685,0.013638508444740644,0.5067770820540558,0.9323063242176045
GS,put,relaxation,20,2026-05-27,0,3000,2.9493427947006383,28.67934091783436,-61.714441438372155,-95.86581888041012,0.528426212856515,0.005155614781684271,0.5304088529385641,1.0242541485680092
GS,put,relaxation,20,2026-05-27,20260429,1000,3.2503010139140653,27.294016383003953,-58.69996195498974,-90.47496635050345,0.5381671291949739,0.00897904727416463,0.5389738775304946,1.0394178059039407
GS,put,relaxation,20,2026-05-27,20260430,1000,2.6443584704311474,29.471363295833797,-65.25144875667857,-98.42918050896483,0.5183251145830582,0.009083252885483157,0.5216498815759683,1.0189938665494984
GS,put,relaxation,20,2026-05-27,20260431,1000,2.953368899756703,29.248112181329464,-60.65887308010763,-98.24995382786379,0.5287863947915128,0.008721060616242487,0.5306027997092292,1.0156063268058428
GS,put,relaxation,22,2026-05-29,0,3000,3.405352843194921,30.05209952194787,-63.59769492137276,-100.0614982832344,0.0,0.0,0.0,0.0
GS,put,relaxation,22,2026-05-29,20260429,1000,3.3845815274353845,29.18252891634301,-62.076356212366655,-95.98406900796053,0.0,0.0,0.0,0.0
GS,put,relaxation,22,2026-05-29,20260430,1000,3.1737225796721757,31.093564540967243,-68.11948592839792,-103.18247209882817,0.0,0.0,0.0,0.0
GS,put,relaxation,22,2026-05-29,20260431,1000,3.6577544224772023,29.877189696476194,-59.10808288158056,-100.48211916964108,0.0,0.0,0.0,0.0
GS,put,uncoupled,0,2026-04-28,0,3000,-0.7485880343030831,2.2208162161361474e-16,-0.7485880343030828,-0.7485880343030831,0.0,0.0,0.0,0.0
GS,put,uncoupled,0,2026-04-28,20260429,1000,-0.7485880343030831,2.221557105636704e-16,-0.7485880343030828,-0.7485880343030831,0.0,0.0,0.0,0.0
GS,put,uncoupled,0,2026-04-28,20260430,1000,-0.7485880343030831,2.221557105636704e-16,-0.7485880343030828,-0.7485880343030831,0.0,0.0,0.0,0.0
GS,put,uncoupled,0,2026-04-28,20260431,1000,-0.7485880343030831,2.221557105636704e-16,-0.7485880343030828,-0.7485880343030831,0.0,0.0,0.0,0.0
GS,put,uncoupled,5,2026-05-05,0,3000,0.2080844703783652,12.90626863858342,-21.75086187956333,-40.28612988051705,0.1789560955201016,0.044650055446219965,1.9275665893108123,4.900405391078158
GS,put,uncoupled,5,2026-05-05,20260429,1000,-0.19099884823601418,13.510961702362993,-23.182631977724807,-43.69608217608952,0.19396450241109178,0.07726752220261018,1.9400697475803312,4.88340182144708
GS,put,uncoupled,5,2026-05-05,20260430,1000,0.2945954004245029,12.939245949321167,-24.269607674482256,-39.541064918114515,0.22357205973508826,0.07760232514925498,1.9350046239286456,4.88281838584762
GS,put,uncoupled,5,2026-05-05,20260431,1000,0.5206568589466072,12.239848766193997,-18.614009517480913,-36.93515313813551,0.11933172441412468,0.07717806207628426,1.9076253964234606,5.000428174176852
GS,put,uncoupled,10,2026-05-12,0,3000,0.686450952643862,19.46415188195117,-36.88037830069334,-63.24468082143821,0.3086901385956099,0.04092415756844572,1.754181418701921,4.640301936560565
GS,put,uncoupled,10,2026-05-12,20260429,1000,0.08756708864240968,19.31843464221015,-39.575992992088196,-62.99446026978863,0.3379120420749275,0.07279330304843508,1.8069151167282762,4.847166703353055
GS,put,uncoupled,10,2026-05-12,20260430,1000,0.41622392923886187,20.160355088748776,-38.56287516502987,-65.4682238286586,0.35603117519663635,0.06985247677648562,1.7629016770624932,4.463690070793305
GS,put,uncoupled,10,2026-05-12,20260431,1000,1.5555618400503153,18.880890591156437,-30.99899930878574,-60.357928213242666,0.2321271985152657,0.06997098976976555,1.6927274623149937,4.616765802834873
GS,put,uncoupled,15,2026-05-19,0,3000,1.6637036381907104,23.968228218490324,-49.2109200031736,-79.00956620372783,0.43747083022832545,0.02970122938157724,1.2947090499617577,3.5450042619226796
GS,put,uncoupled,15,2026-05-19,20260429,1000,1.1909589742974445,24.202406020737257,-50.738574220371255,-79.57701093847066,0.4480670434008748,0.05151293181624033,1.2993211874797805,3.48978929691185
GS,put,uncoupled,15,2026-05-19,20260430,1000,1.967339790808358,23.013138684501193,-45.07273860818041,-74.73334813827017,0.5017829298010732,0.052591532366864265,1.315339398828422,3.7252590597717163
GS,put,uncoupled,15,2026-05-19,20260431,1000,1.8328121494663285,24.67533910166899,-49.210920003173605,-82.48420686477957,0.36256251748302853,0.05015420865467916,1.2694665635770699,3.484521496015815
GS,put,uncoupled,20,2026-05-27,0,3000,2.958022112615003,28.683629268619093,-61.714441438372155,-95.86581888041012,0.5371055307708789,0.01012588103786758,0.598367121788448,1.575981445021512
GS,put,uncoupled,20,2026-05-27,20260429,1000,3.270385621095923,27.298261909095764,-58.69996195498974,-90.47496635050345,0.5582517363768313,0.017756490693780436,0.6088699480063755,1.5783970092510744
GS,put,uncoupled,20,2026-05-27,20260430,1000,2.665857395187082,29.475733643528844,-65.25144875667857,-98.42918050896483,0.5398240393389941,0.018262097633323753,0.6052544246242074,1.6540651417395174
GS,put,uncoupled,20,2026-05-27,20260431,1000,2.9378233215620035,29.252374478046466,-60.65887308010763,-98.24995382786379,0.5132408165968115,0.016540699623730323,0.5809769927347614,1.4765512476715699
GS,put,uncoupled,22,2026-05-29,0,3000,3.405352843194921,30.05209952194787,-63.59769492137276,-100.0614982832344,0.0,0.0,0.0,0.0
GS,put,uncoupled,22,2026-05-29,20260429,1000,3.3845815274353845,29.18252891634301,-62.076356212366655,-95.98406900796053,0.0,0.0,0.0,0.0
GS,put,uncoupled,22,2026-05-29,20260430,1000,3.1737225796721757,31.093564540967243,-68.11948592839792,-103.18247209882817,0.0,0.0,0.0,0.0
GS,put,uncoupled,22,2026-05-29,20260431,1000,3.6577544224772023,29.877189696476194,-59.10808288158056,-100.48211916964108,0.0,0.0,0.0,0.0
GS,put,coupled,0,2026-04-28,0,3000,-0.7485880343030831,2.2208162161361474e-16,-0.7485880343030828,-0.7485880343030831,0.0,0.0,0.0,0.0
GS,put,coupled,0,2026-04-28,20260429,1000,-0.7485880343030831,2.221557105636704e-16,-0.7485880343030828,-0.7485880343030831,0.0,0.0,0.0,0.0
GS,put,coupled,0,2026-04-28,20260430,1000,-0.7485880343030831,2.221557105636704e-16,-0.7485880343030828,-0.7485880343030831,0.0,0.0,0.0,0.0
GS,put,coupled,0,2026-04-28,20260431,1000,-0.7485880343030831,2.221557105636704e-16,-0.7485880343030828,-0.7485880343030831,0.0,0.0,0.0,0.0
GS,put,coupled,5,2026-05-05,0,3000,-0.05373098401858268,13.80903481548489,-24.196136663250613,-43.04277117557621,-0.08285935887684656,0.04469860186536384,1.9586764688251144,4.8475798082494475
GS,put,coupled,5,2026-05-05,20260429,1000,-0.49343511057918,14.451003992714181,-25.307843644786477,-46.62688343736016,-0.10847175993207413,0.07845925359962162,1.9962828879005383,4.882905780835695
GS,put,coupled,5,2026-05-05,20260430,1000,0.026276464037639616,13.867076497510205,-26.718689786938608,-42.312938747342876,-0.04474687665177508,0.07798990616052288,1.9817682857049457,4.95079378058086
GS,put,coupled,5,2026-05-05,20260431,1000,0.30596569448579186,13.076440999103987,-21.21575821712963,-39.527801365934714,-0.09535944004669056,0.07584944201822519,1.8979782328698602,4.727213399432382
GS,put,coupled,10,2026-05-12,0,3000,0.33232275847567755,20.067964968321526,-38.97893915557258,-64.8555259870688,-0.045438055572574874,0.04027049178116661,1.7670443265861007,4.3675821545435545
GS,put,coupled,10,2026-05-12,20260429,1000,-0.327256371768982,19.949956634006885,-41.91252569235243,-64.58974578412568,-0.0769114183364643,0.07118583411153927,1.812999333202687,4.486099287253319
GS,put,coupled,10,2026-05-12,20260430,1000,0.056209361134502395,20.774389076455307,-40.20359628617119,-67.01150236975049,-0.003983392907722779,0.06933953704528073,1.762467371975027,4.31716510753036
GS,put,coupled,10,2026-05-12,20260431,1000,1.2680152860615121,19.44252307350839,-33.29554020549947,-62.06805408754079,-0.055419355473537484,0.06875279423020536,1.7256662745805875,4.355470862546474
GS,put,coupled,15,2026-05-19,0,3000,1.3757252634672517,24.22626507735133,-49.614428744219026,-79.42536505597886,0.1494924555048667,0.02930926842372969,1.2894157494279728,3.2882840175017667
GS,put,coupled,15,2026-05-19,20260429,1000,0.8880016747315395,24.458388872467562,-51.4835835913385,-79.9575730253032,0.14510974383496972,0.0509281518837414,1.2926488742356885,3.187216920838622
GS,put,coupled,15,2026-05-19,20260430,1000,1.6718380904531966,23.28381717717634,-46.150939165315485,-75.19172694133194,0.20628122944591226,0.05037693623743194,1.289827479976309,3.4134952641670657
GS,put,coupled,15,2026-05-19,20260431,1000,1.5673360252170179,24.923867970913705,-49.62495166342829,-82.88977840974466,0.09708639323371801,0.050979891864942936,1.2857708940719212,3.2945301171485184
GS,put,coupled,20,2026-05-27,0,3000,2.8743713131770208,28.683376698644413,-61.714441438372155,-95.86581888041012,0.45345473133289627,0.00907703937746124,0.5373959193163866,1.3157576618056093
GS,put,coupled,20,2026-05-27,20260429,1000,3.1903120856083698,27.302255507806336,-58.69996195498974,-90.47496635050345,0.4781782008892784,0.015673934168274086,0.5438351051371116,1.3306036887194765
GS,put,coupled,20,2026-05-27,20260430,1000,2.5804218381061728,29.472364032168457,-65.25144875667857,-98.42918050896483,0.4543884822580841,0.016075812307213326,0.5432736288313695,1.372848521774239
GS,put,coupled,20,2026-05-27,20260431,1000,2.8523800158165176,29.251241392284307,-60.65887308010763,-98.24995382786379,0.42779751085132633,0.0153835303268966,0.525079023980679,1.2288786705087915
GS,put,coupled,22,2026-05-29,0,3000,3.405352843194921,30.05209952194787,-63.59769492137276,-100.0614982832344,0.0,0.0,0.0,0.0
GS,put,coupled,22,2026-05-29,20260429,1000,3.3845815274353845,29.18252891634301,-62.076356212366655,-95.98406900796053,0.0,0.0,0.0,0.0
GS,put,coupled,22,2026-05-29,20260430,1000,3.1737225796721757,31.093564540967243,-68.11948592839792,-103.18247209882817,0.0,0.0,0.0,0.0
GS,put,coupled,22,2026-05-29,20260431,1000,3.6577544224772023,29.877189696476194,-59.10808288158056,-100.48211916964108,0.0,0.0,0.0,0.0
GS,call,frozen,0,2026-04-28,0,3000,0.01943025245246588,0.0,0.01943025245246588,0.01943025245246588,0.0,0.0,0.0,0.0
GS,call,frozen,0,2026-04-28,20260429,1000,0.01943025245246588,0.0,0.01943025245246588,0.01943025245246588,0.0,0.0,0.0,0.0
GS,call,frozen,0,2026-04-28,20260430,1000,0.01943025245246588,0.0,0.01943025245246588,0.01943025245246588,0.0,0.0,0.0,0.0
GS,call,frozen,0,2026-04-28,20260431,1000,0.01943025245246588,0.0,0.01943025245246588,0.01943025245246588,0.0,0.0,0.0,0.0
GS,call,frozen,5,2026-05-05,0,3000,0.041216926119339886,13.749394009642582,-22.882588630854677,-41.50271736461003,0.5728845392884693,0.011964442570959143,0.6040647259281272,1.9628292821927291
GS,call,frozen,5,2026-05-05,20260429,1000,0.3007996558896969,13.0321128560351,-24.192863667214446,-39.04155115188992,0.5771391933654495,0.020889179346694917,0.6086403264518352,1.9988070749402225
GS,call,frozen,5,2026-05-05,20260430,1000,-0.2990752533059173,14.061931031923491,-25.39402930447436,-42.49675082427374,0.5988645378174942,0.02120249071396713,0.6291692278704077,2.021380242760804
GS,call,frozen,5,2026-05-05,20260431,1000,0.12192637577423981,14.133372610155197,-20.491203431819567,-42.56292273117005,0.5426498866824644,0.020041918313487752,0.5743846234621384,1.8872225147112702
GS,call,frozen,10,2026-05-12,0,3000,-0.02884892970409127,21.422291834316535,-37.4115723856307,-71.08432139010947,0.8678718346506149,0.0123862831590976,0.8678718346506149,1.9526777557332573
GS,call,frozen,10,2026-05-12,20260429,1000,0.31509322536535306,21.08059240279362,-37.49123830749971,-67.9564644585918,0.852154182843751,0.021621655109019068,0.852154182843751,1.9553780286186218
GS,call,frozen,10,2026-05-12,20260430,1000,0.010230508314307397,20.601021264110482,-37.082795061711806,-69.04765992645366,0.8985213478300836,0.021269011004840913,0.8985213478300836,1.9542293743631793
GS,call,frozen,10,2026-05-12,20260431,1000,-0.4118705227919345,22.552211893838447,-36.31096658876984,-76.2258804822771,0.8529399732780104,0.021457491201772344,0.8529399732780104,1.9476278683980741
GS,call,frozen,15,2026-05-19,0,3000,-0.13682138937872704,27.309361947025653,-54.88642727565126,-91.92537775037965,0.8854267426229901,0.00904937077539082,0.8854267426229901,1.655282191387632
GS,call,frozen,15,2026-05-19,20260429,1000,0.24402363307437222,26.301566638623,-50.950896564421285,-87.47148964245734,0.8759029185487377,0.015631229875550306,0.8759029185487377,1.654660949950665
GS,call,frozen,15,2026-05-19,20260430,1000,-0.2591646896290673,27.78782066214181,-54.71814350943416,-91.50797812422304,0.8939724268911093,0.015679563568569015,0.8939724268911093,1.65062789204704
GS,call,frozen,15,2026-05-19,20260431,1000,-0.39532311158148564,27.83405108214645,-57.003671101047416,-96.60414697175064,0.8864048824291235,0.015721416179938448,0.8864048824291235,1.6598606916205525
GS,call,frozen,20,2026-05-27,0,3000,0.11323997333937369,33.65992926793228,-71.35208818860472,-115.65948664863002,0.7900173825426294,0.007249742935586384,0.7900173825426294,1.5880299711090706
GS,call,frozen,20,2026-05-27,20260429,1000,-0.08219943519505434,34.74337248842473,-71.4319688977874,-118.5815190405776,0.785947251414345,0.0124840762229077,0.785947251414345,1.5835944022992847
GS,call,frozen,20,2026-05-27,20260430,1000,-0.754731233533518,34.68173535790955,-74.18261137568847,-120.54737627328744,0.7858677002880707,0.012606917701902625,0.7858677002880707,1.593641240740527
GS,call,frozen,20,2026-05-27,20260431,1000,1.1766505887466923,31.454597891807488,-63.217567056998284,-107.28671260867155,0.7982371959254719,0.012587956001514496,0.7982371959254719,1.5898178816935533
GS,call,frozen,22,2026-05-29,0,3000,-0.5485043416150143,36.89641948106108,-80.53041313475717,-125.70860660129777,0.0,0.0,0.0,0.0
GS,call,frozen,22,2026-05-29,20260429,1000,-0.9755276100784949,37.54215679971779,-82.08466200286391,-126.5013692006059,0.0,0.0,0.0,0.0
GS,call,frozen,22,2026-05-29,20260430,1000,-1.541413010679791,39.2466651011436,-83.09988752147576,-134.5158628965099,0.0,0.0,0.0,0.0
GS,call,frozen,22,2026-05-29,20260431,1000,0.8714275959132353,33.672850472961315,-72.97016529421488,-115.43637447346427,0.0,0.0,0.0,0.0
GS,call,surface,0,2026-04-28,0,3000,0.01943025245246588,0.0,0.01943025245246588,0.01943025245246588,0.0,0.0,0.0,0.0
GS,call,surface,0,2026-04-28,20260429,1000,0.01943025245246588,0.0,0.01943025245246588,0.01943025245246588,0.0,0.0,0.0,0.0
GS,call,surface,0,2026-04-28,20260430,1000,0.01943025245246588,0.0,0.01943025245246588,0.01943025245246588,0.0,0.0,0.0,0.0
GS,call,surface,0,2026-04-28,20260431,1000,0.01943025245246588,0.0,0.01943025245246588,0.01943025245246588,0.0,0.0,0.0,0.0
GS,call,surface,5,2026-05-05,0,3000,-0.5316676131691294,14.259611615705714,-24.84937287948114,-43.57717474917132,0.0,0.0,0.0,0.0
GS,call,surface,5,2026-05-05,20260429,1000,-0.27633953747575246,13.556129173479224,-26.19167074215467,-41.12609259844865,0.0,0.0,0.0,0.0
GS,call,surface,5,2026-05-05,20260430,1000,-0.8979397911234116,14.593931714335639,-27.418576508512103,-44.58201206657222,0.0,0.0,0.0,0.0
GS,call,surface,5,2026-05-05,20260431,1000,-0.4207235109082246,14.610041107811664,-22.38787785167573,-44.60616760581108,0.0,0.0,0.0,0.0
GS,call,surface,10,2026-05-12,0,3000,-0.8967207643547059,21.85298784871295,-39.23671075323864,-72.77440446819703,0.0,0.0,0.0,0.0
GS,call,surface,10,2026-05-12,20260429,1000,-0.5370609574783975,21.52919821953134,-39.31550187105142,-69.6603995374808,0.0,0.0,0.0,0.0
GS,call,surface,10,2026-05-12,20260430,1000,-0.888290839515776,21.034232552393284,-38.91158635383689,-70.74304600003148,0.0,0.0,0.0,0.0
GS,call,surface,10,2026-05-12,20260431,1000,-1.264810496069945,22.965295544573838,-38.1483563886794,-77.89706396380595,0.0,0.0,0.0,0.0
GS,call,surface,15,2026-05-19,0,3000,-1.0222481320017172,27.571759624314748,-56.34442379982008,-93.2202732715764,0.0,0.0,0.0,0.0
GS,call,surface,15,2026-05-19,20260429,1000,-0.6318792854743653,26.579433816524286,-52.42313566880905,-88.78591344613356,0.0,0.0,0.0,0.0
GS,call,surface,15,2026-05-19,20260430,1000,-1.153137116520177,28.04123909136475,-56.17675375175653,-92.80613150554001,0.0,0.0,0.0,0.0
GS,call,surface,15,2026-05-19,20260431,1000,-1.2817279940106097,28.091159351158915,-58.45385946995624,-97.87695960788348,0.0,0.0,0.0,0.0
GS,call,surface,20,2026-05-27,0,3000,-0.6767774092032559,33.62815045229406,-71.79939486996587,-115.94043035967557,0.0,0.0,0.0,0.0
GS,call,surface,20,2026-05-27,20260429,1000,-0.8681466866093993,34.703592714473565,-71.87870240634113,-118.85812932896921,0.0,0.0,0.0,0.0
GS,call,surface,20,2026-05-27,20260430,1000,-1.5405989338215886,34.64776831869297,-74.60980386068444,-120.81128781254621,0.0,0.0,0.0,0.0
GS,call,surface,20,2026-05-27,20260431,1000,0.37841339282122216,31.43431477147466,-63.73456876109607,-107.59337471194118,0.0,0.0,0.0,0.0
GS,call,surface,22,2026-05-29,0,3000,-0.5485043416150143,36.89641948106108,-80.53041313475717,-125.70860660129777,0.0,0.0,0.0,0.0
GS,call,surface,22,2026-05-29,20260429,1000,-0.9755276100784949,37.54215679971779,-82.08466200286391,-126.5013692006059,0.0,0.0,0.0,0.0
GS,call,surface,22,2026-05-29,20260430,1000,-1.541413010679791,39.2466651011436,-83.09988752147576,-134.5158628965099,0.0,0.0,0.0,0.0
GS,call,surface,22,2026-05-29,20260431,1000,0.8714275959132353,33.672850472961315,-72.97016529421488,-115.43637447346427,0.0,0.0,0.0,0.0
GS,call,relaxation,0,2026-04-28,0,3000,0.01943025245246588,0.0,0.01943025245246588,0.01943025245246588,0.0,0.0,0.0,0.0
GS,call,relaxation,0,2026-04-28,20260429,1000,0.01943025245246588,0.0,0.01943025245246588,0.01943025245246588,0.0,0.0,0.0,0.0
GS,call,relaxation,0,2026-04-28,20260430,1000,0.01943025245246588,0.0,0.01943025245246588,0.01943025245246588,0.0,0.0,0.0,0.0
GS,call,relaxation,0,2026-04-28,20260431,1000,0.01943025245246588,0.0,0.01943025245246588,0.01943025245246588,0.0,0.0,0.0,0.0
GS,call,relaxation,5,2026-05-05,0,3000,-0.01983743302990692,13.804533693089596,-23.012211903319525,-41.74078570289292,0.5118301801392227,0.010844471434742917,0.544694970666958,1.7337425396790187
GS,call,relaxation,5,2026-05-05,20260429,1000,0.23939496519543768,13.08826613543798,-24.41340348891141,-39.276538513612515,0.5157345026711904,0.018997495821582288,0.5487628496036578,1.7474575783961186
GS,call,relaxation,5,2026-05-05,20260430,1000,-0.36328665720496145,14.119676094459871,-25.549730408206905,-42.74752066866679,0.5346531339184498,0.019174729557949622,0.5676738647363687,1.760552539229066
GS,call,relaxation,5,2026-05-05,20260431,1000,0.06437939291980335,14.185082167397942,-20.681710928600058,-42.79515676399288,0.48510290382802773,0.01814669492999461,0.5176481976608477,1.6935918245871946
GS,call,relaxation,10,2026-05-12,0,3000,-0.2110527670694147,21.517849573148712,-37.93600022531046,-71.43146329321449,0.6856679972852917,0.01019427516177463,0.6946409094045655,1.5598313670511659
GS,call,relaxation,10,2026-05-12,20260429,1000,0.1341058647066173,21.183885468636813,-38.013710933042105,-68.31996525071835,0.6711668221850151,0.017749714389308963,0.6816550105551985,1.5538552960657126
GS,call,relaxation,10,2026-05-12,20260430,1000,-0.17813943800701532,20.70058704390657,-37.54012106902729,-69.39354450379214,0.7101514015087605,0.017402416522798704,0.7178032384868962,1.5533509356319488
GS,call,relaxation,10,2026-05-12,20260431,1000,-0.589124727907845,22.63726543368204,-36.69234261867918,-76.55680280193384,0.6756857681620998,0.017808049871745606,0.6844644791716016,1.5796710362466884
GS,call,relaxation,15,2026-05-19,0,3000,-0.37750562591867265,27.37728786331663,-55.146811311153805,-92.13483967817717,0.6447425060830444,0.007334128674030469,0.6545155144438277,1.1990924823099471
GS,call,relaxation,15,2026-05-19,20260429,1000,0.00769255087889067,26.381556612033382,-51.26058193954243,-87.69655111303084,0.6395718363532553,0.012639208022801985,0.649149108516297,1.1764991392223187
GS,call,relaxation,15,2026-05-19,20260430,1000,-0.5058378694637211,27.848797394717465,-55.012735535188284,-91.71784102556809,0.6472992470564556,0.012905969051081809,0.6599643457786762,1.1944670729150026
GS,call,relaxation,15,2026-05-19,20260431,1000,-0.6343715591711869,27.897582350354504,-57.26886047449228,-96.80184338685238,0.6473564348394223,0.012572759771634126,0.6544330890365101,1.2227037777916265
GS,call,relaxation,20,2026-05-27,0,3000,0.021440593762468572,33.65191647634829,-71.35377299047806,-115.65988797331107,0.6982180029657238,0.005521752049442911,0.6992673325190875,1.2986735510650538
GS,call,relaxation,20,2026-05-27,20260429,1000,-0.17385638542314297,34.735250914044784,-71.43367062970437,-118.58193880887164,0.694290301186257,0.009493878490804214,0.6953981899806938,1.2907443960542115
GS,call,relaxation,20,2026-05-27,20260430,1000,-0.8445834368731657,34.67180070972232,-74.18312427653346,-120.54752850902561,0.696015496948423,0.009766710683897879,0.6978542152084631,1.3074711816006672
GS,call,relaxation,20,2026-05-27,20260431,1000,1.0827616035837138,31.44890681625248,-63.24518952361392,-107.28747065033363,0.7043482107624915,0.009434540329952425,0.7045495923681051,1.3042047663955423
GS,call,relaxation,22,2026-05-29,0,3000,-0.5485043416150143,36.89641948106108,-80.53041313475717,-125.70860660129777,0.0,0.0,0.0,0.0
GS,call,relaxation,22,2026-05-29,20260429,1000,-0.9755276100784949,37.54215679971779,-82.08466200286391,-126.5013692006059,0.0,0.0,0.0,0.0
GS,call,relaxation,22,2026-05-29,20260430,1000,-1.541413010679791,39.2466651011436,-83.09988752147576,-134.5158628965099,0.0,0.0,0.0,0.0
GS,call,relaxation,22,2026-05-29,20260431,1000,0.8714275959132353,33.672850472961315,-72.97016529421488,-115.43637447346427,0.0,0.0,0.0,0.0
GS,call,uncoupled,0,2026-04-28,0,3000,0.01943025245246588,0.0,0.01943025245246588,0.01943025245246588,0.0,0.0,0.0,0.0
GS,call,uncoupled,0,2026-04-28,20260429,1000,0.01943025245246588,0.0,0.01943025245246588,0.01943025245246588,0.0,0.0,0.0,0.0
GS,call,uncoupled,0,2026-04-28,20260430,1000,0.01943025245246588,0.0,0.01943025245246588,0.01943025245246588,0.0,0.0,0.0,0.0
GS,call,uncoupled,0,2026-04-28,20260431,1000,0.01943025245246588,0.0,0.01943025245246588,0.01943025245246588,0.0,0.0,0.0,0.0
GS,call,uncoupled,5,2026-05-05,0,3000,0.04557065936936819,14.016908550554202,-23.385007067478316,-41.83489057975837,0.5772382725384976,0.04705136903142521,2.043346012019409,5.2351633079866895
GS,call,uncoupled,5,2026-05-05,20260429,1000,0.34958671562318283,13.24419009143811,-24.576492830791175,-38.96607375831675,0.6259262530989353,0.08088313341757676,2.0521316552401863,5.18652628509474
GS,call,uncoupled,5,2026-05-05,20260430,1000,-0.25040593933503513,14.336185701516586,-24.304829508226007,-43.03695688207726,0.6475338517883764,0.08406667731971457,2.087942155937956,5.42244740426597
GS,call,uncoupled,5,2026-05-05,20260431,1000,0.03753120181995693,14.446433894687281,-20.93837308170773,-43.15217119417997,0.45825471272818097,0.07941662395762043,1.989964224880085,5.15472669037069
GS,call,uncoupled,10,2026-05-12,0,3000,-0.1282072648168605,21.63709268318489,-37.98823405012172,-71.53640207948979,0.7685134995378458,0.04453900306675095,1.9264297350434598,5.525121680511179
GS,call,uncoupled,10,2026-05-12,20260429,1000,0.24546430114101633,21.256907146093646,-37.44156740359161,-68.33795150424649,0.7825252586194142,0.07651994567684452,1.9292058275042008,5.262449638905384
GS,call,uncoupled,10,2026-05-12,20260430,1000,-0.04640341192470278,20.845064244926462,-37.86026336093987,-69.47719146145793,0.8418874275910735,0.07858603329881826,1.9681037383592752,5.812615390150598
GS,call,uncoupled,10,2026-05-12,20260431,1000,-0.5836826836668958,22.77502283363938,-38.22162842497392,-76.77851345657581,0.6811278124030493,0.076296285178436,1.8819796392669044,5.424632710853276
GS,call,uncoupled,15,2026-05-19,0,3000,-0.3095329179355799,27.43165919356181,-56.056547160957535,-92.18989103713511,0.7127152140661372,0.032018976630563786,1.4112463846237824,4.087626246019763
GS,call,uncoupled,15,2026-05-19,20260429,1000,0.06427694151434493,26.452900495289484,-51.47756383875714,-87.68805412069304,0.6961562269887105,0.055059998923187976,1.3858014663333778,3.9830555656922586
GS,call,uncoupled,15,2026-05-19,20260430,1000,-0.3957894280131384,27.88729028592802,-55.43208774875072,-91.79070944948072,0.7573476885070383,0.0564859715425304,1.4498967566616578,4.227674552196287
GS,call,uncoupled,15,2026-05-19,20260431,1000,-0.5970862673079459,27.95187438373571,-58.6036065185857,-96.89886411682284,0.6846417267026631,0.05484309736301633,1.398040930876312,4.047253383015782
GS,call,uncoupled,20,2026-05-27,0,3000,0.031146113405858634,33.6569624824029,-71.35365835646894,-115.66020588885345,0.7079235226091138,0.011119613033510228,0.7541363271656139,1.9347214093016603
GS,call,uncoupled,20,2026-05-27,20260429,1000,-0.17837766522754062,34.7342198164863,-71.43373689096755,-118.58210775734979,0.6897690213818574,0.01931939538568198,0.7442885766417175,1.8499749219522643
GS,call,uncoupled,20,2026-05-27,20260430,1000,-0.8226537336906294,34.68105467565779,-74.18252898611128,-120.54787648281322,0.717945200130959,0.019208879191270883,0.7560710418743266,1.9492438939676011
GS,call,uncoupled,20,2026-05-27,20260431,1000,1.0944697391357474,31.45622679350058,-63.26743806750943,-107.28916741276447,0.716056346314525,0.019257155196119053,0.7620493629807971,1.9619015466524536
GS,call,uncoupled,22,2026-05-29,0,3000,-0.5485043416150143,36.89641948106108,-80.53041313475717,-125.70860660129777,0.0,0.0,0.0,0.0
GS,call,uncoupled,22,2026-05-29,20260429,1000,-0.9755276100784949,37.54215679971779,-82.08466200286391,-126.5013692006059,0.0,0.0,0.0,0.0
GS,call,uncoupled,22,2026-05-29,20260430,1000,-1.541413010679791,39.2466651011436,-83.09988752147576,-134.5158628965099,0.0,0.0,0.0,0.0
GS,call,uncoupled,22,2026-05-29,20260431,1000,0.8714275959132353,33.672850472961315,-72.97016529421488,-115.43637447346427,0.0,0.0,0.0,0.0
GS,call,coupled,0,2026-04-28,0,3000,0.01943025245246588,0.0,0.01943025245246588,0.01943025245246588,0.0,0.0,0.0,0.0
GS,call,coupled,0,2026-04-28,20260429,1000,0.01943025245246588,0.0,0.01943025245246588,0.01943025245246588,0.0,0.0,0.0,0.0
GS,call,coupled,0,2026-04-28,20260430,1000,0.01943025245246588,0.0,0.01943025245246588,0.01943025245246588,0.0,0.0,0.0,0.0
GS,call,coupled,0,2026-04-28,20260431,1000,0.01943025245246588,0.0,0.01943025245246588,0.01943025245246588,0.0,0.0,0.0,0.0
GS,call,coupled,5,2026-05-05,0,3000,0.3179347982821605,12.98812384670801,-20.50163234071204,-38.7225502368211,0.8496024114512898,0.04853067813362402,2.1010274816057506,5.876514731925344
GS,call,coupled,5,2026-05-05,20260429,1000,0.599771321159828,12.160237579925381,-21.543630611397898,-35.936188916211925,0.8761108586355804,0.08435165622414494,2.119008261292171,5.792796349757362
GS,call,coupled,5,2026-05-05,20260430,1000,0.044757163335288695,13.265287296260114,-21.003624244153873,-39.88575406698214,0.9426969544587005,0.08699382725631732,2.1697475482590924,6.098106874984316
GS,call,coupled,5,2026-05-05,20260431,1000,0.3092759103513646,13.506231578533347,-18.4125407955277,-40.08189129734634,0.729999421259589,0.08064961397003326,2.014326635265987,5.693430820400669
GS,call,coupled,10,2026-05-12,0,3000,0.19050209798379733,20.967967357585835,-35.20327389704108,-69.82835494837369,1.0872228623385036,0.04395346414760236,1.958374214957539,5.761532386853966
GS,call,coupled,10,2026-05-12,20260429,1000,0.5290182082346139,20.576584542641303,-35.11213084553619,-66.6420492919107,1.0660791657130122,0.07598510916825207,1.96555636059756,5.398050870076185
GS,call,coupled,10,2026-05-12,20260430,1000,0.2821390501646351,20.14788163201591,-35.25822896884671,-67.76468732827956,1.1704298896804113,0.07693561043145969,1.9940421218084612,5.926108615785547
GS,call,coupled,10,2026-05-12,20260431,1000,-0.2396509644478569,22.140593051099287,-35.27142577285532,-75.07812589638799,1.0251595316220878,0.07546328654800004,1.9155241624665964,5.580144838471741
GS,call,coupled,15,2026-05-19,0,3000,-0.03637248542567329,27.14892693366106,-54.612984125906884,-91.73724335353468,0.9858756465760438,0.029759975253595777,1.4199446857304732,4.143712802348266
GS,call,coupled,15,2026-05-19,20260429,1000,0.3313956312829877,26.147806497221886,-50.50120160785581,-87.2244304965658,0.9632749167573527,0.05053264319311016,1.36838892942853,4.157706516855588
GS,call,coupled,15,2026-05-19,20260430,1000,-0.1251381935709846,27.611459657288577,-54.241173804496206,-91.32711081080066,1.0279989229491926,0.05294899257213621,1.4857012162534846,4.191491191066838
GS,call,coupled,15,2026-05-19,20260431,1000,-0.31537489398902296,27.682966237707674,-56.99939164689466,-96.4675046291637,0.966353100021586,0.051150870913378006,1.4057439115094048,4.012358026709113
GS,call,coupled,20,2026-05-27,0,3000,0.10915870220514325,33.65550394930468,-71.35230321141292,-115.65976251352137,0.7859361114083986,0.011045910592896904,0.80295388913138,2.0671128079326913
GS,call,coupled,20,2026-05-27,20260429,1000,-0.09867591956825258,34.73484988795748,-71.43223243407682,-118.58175614966564,0.7694707670411484,0.01937935719522285,0.7934003773286573,1.9929961036608752
GS,call,coupled,20,2026-05-27,20260430,1000,-0.7454805945580331,34.680142497314925,-74.18251529973635,-120.54746337562315,0.7951183392635558,0.01905034985355598,0.8069171399265826,2.136845332908248
GS,call,coupled,20,2026-05-27,20260431,1000,1.1716326207417131,31.451868826411488,-63.25799660791777,-107.28749240211073,0.793219227920492,0.018972556093235372,0.8085441501389001,2.0664014508237183
GS,call,coupled,22,2026-05-29,0,3000,-0.5485043416150143,36.89641948106108,-80.53041313475717,-125.70860660129777,0.0,0.0,0.0,0.0
GS,call,coupled,22,2026-05-29,20260429,1000,-0.9755276100784949,37.54215679971779,-82.08466200286391,-126.5013692006059,0.0,0.0,0.0,0.0
GS,call,coupled,22,2026-05-29,20260430,1000,-1.541413010679791,39.2466651011436,-83.09988752147576,-134.5158628965099,0.0,0.0,0.0,0.0
GS,call,coupled,22,2026-05-29,20260431,1000,0.8714275959132353,33.672850472961315,-72.97016529421488,-115.43637447346427,0.0,0.0,0.0,0.0
LLY,put,frozen,0,2026-04-28,0,3000,1.3454820793691942,3.7753875674314504e-15,1.345482079369198,1.3454820793691942,0.0,0.0,0.0,0.0
LLY,put,frozen,0,2026-04-28,20260429,1000,1.345482079369194,3.998802790146067e-15,1.345482079369198,1.345482079369194,0.0,0.0,0.0,0.0
LLY,put,frozen,0,2026-04-28,20260430,1000,1.345482079369194,3.998802790146067e-15,1.345482079369198,1.345482079369194,0.0,0.0,0.0,0.0
LLY,put,frozen,0,2026-04-28,20260431,1000,1.345482079369194,3.998802790146067e-15,1.345482079369198,1.345482079369194,0.0,0.0,0.0,0.0
LLY,put,frozen,5,2026-05-05,0,3000,4.314845972072454,9.65304008567664,-13.67189288571052,-23.690118992171776,0.5277308907302656,0.00748265337132958,0.5899817339557953,0.8888522208133468
LLY,put,frozen,5,2026-05-05,20260429,1000,4.0198433141027845,9.893924317005153,-14.38131245843783,-24.57456420408331,0.5236348628482597,0.013407636650467356,0.5916200327620292,0.974301602935408
LLY,put,frozen,5,2026-05-05,20260430,1000,4.235654815780274,9.914015672250462,-14.947203594129375,-24.210913571672382,0.5170731028353243,0.013750989566106432,0.588091779290975,0.8263506887634592
LLY,put,frozen,5,2026-05-05,20260431,1000,4.689039786334306,9.127929671675078,-10.4850859705269,-21.849446554847788,0.5424847065072127,0.01162085909949364,0.5902333898143814,0.8226400840705417
LLY,put,frozen,10,2026-05-12,0,3000,7.141241928199209,13.972033409077802,-18.216687132719272,-35.718074379664436,1.325664010648567,0.008719937071779394,1.325664010648567,2.5304709391349256
LLY,put,frozen,10,2026-05-12,20260429,1000,6.630436384648766,14.13613841357714,-19.15353347526831,-36.45090729909507,1.328521329925659,0.01543232742182187,1.328521329925659,2.5948391309974213
LLY,put,frozen,10,2026-05-12,20260430,1000,6.783445173396061,14.901643353176782,-20.585815068636002,-38.825374332542694,1.3160539562353206,0.015150150737682805,1.3160539562353206,2.504882598048931
LLY,put,frozen,10,2026-05-12,20260431,1000,8.009844226552799,12.767538518148136,-16.540114243958957,-31.490062971218197,1.332416745784721,0.014729641651269299,1.332416745784721,2.518325654678622
LLY,put,frozen,15,2026-05-19,0,3000,10.559864246385898,16.518970734968654,-21.158006077732356,-43.45223018741492,1.9462934813703732,0.008127505325738112,1.9462934813703732,2.7627331880026884
LLY,put,frozen,15,2026-05-19,20260429,1000,10.233150825135349,16.4667683023852,-20.474890269554855,-43.981213891906975,1.925700808824709,0.013680835232773917,1.925700808824709,2.7591901263668963
LLY,put,frozen,15,2026-05-19,20260430,1000,10.472815595085422,16.393459085108553,-21.373383553622777,-41.47358495183604,1.9621320151881982,0.014233424082485928,1.9621320151881982,2.763884022498092
LLY,put,frozen,15,2026-05-19,20260431,1000,10.973626318936924,16.70298531496915,-20.548034169945943,-44.88597028320429,1.951047620098213,0.014298600946391281,1.951047620098213,2.7631185298168766
LLY,put,frozen,20,2026-05-27,0,3000,14.5681369155557,19.639182602378312,-26.336027951693335,-55.20672002074727,0.8839113253431139,0.007967394404014729,0.8839113253431139,1.521219591085878
LLY,put,frozen,20,2026-05-27,20260429,1000,14.73050337895876,18.6931516292704,-22.613790011515103,-50.99200395328539,0.8911558279488158,0.013986531673623575,0.8911558279488158,1.523659210634328
LLY,put,frozen,20,2026-05-27,20260430,1000,14.277504433116041,19.904175984219073,-29.067610334649768,-56.15015725390058,0.8672756795961104,0.013649237129219633,0.8672756795961104,1.5097369826791438
LLY,put,frozen,20,2026-05-27,20260431,1000,14.696402934592307,20.300913720498784,-27.715339104756954,-57.94993276406136,0.8933024684844146,0.013760560976877258,0.8933024684844146,1.522267152492782
LLY,put,frozen,22,2026-05-29,0,3000,15.663347730750178,21.048387636973768,-31.07947650717288,-60.8917825804446,0.0,0.0,0.0,0.0
LLY,put,frozen,22,2026-05-29,20260429,1000,15.555709168683968,21.03589497247725,-31.907138278501094,-60.95600200277753,0.0,0.0,0.0,0.0
LLY,put,frozen,22,2026-05-29,20260430,1000,15.606146566915402,20.93877017109066,-28.124167134892982,-60.38556525859165,0.0,0.0,0.0,0.0
LLY,put,frozen,22,2026-05-29,20260431,1000,15.828187456651165,21.189803603097584,-33.00269555173573,-61.180969298835116,0.0,0.0,0.0,0.0
LLY,put,surface,0,2026-04-28,0,3000,1.3454820793691942,3.7753875674314504e-15,1.345482079369198,1.3454820793691942,0.0,0.0,0.0,0.0
LLY,put,surface,0,2026-04-28,20260429,1000,1.345482079369194,3.998802790146067e-15,1.345482079369198,1.345482079369194,0.0,0.0,0.0,0.0
LLY,put,surface,0,2026-04-28,20260430,1000,1.345482079369194,3.998802790146067e-15,1.345482079369198,1.345482079369194,0.0,0.0,0.0,0.0
LLY,put,surface,0,2026-04-28,20260431,1000,1.345482079369194,3.998802790146067e-15,1.345482079369198,1.345482079369194,0.0,0.0,0.0,0.0
LLY,put,surface,5,2026-05-05,0,3000,3.787115081342188,9.353544098153101,-13.353617872491714,-23.163795138375043,0.0,0.0,0.0,0.0
LLY,put,surface,5,2026-05-05,20260429,1000,3.496208451254524,9.581518112932141,-14.030943620858269,-24.02780393825055,0.0,0.0,0.0,0.0
LLY,put,surface,5,2026-05-05,20260430,1000,3.718581712944948,9.589407740215021,-14.572602243876931,-23.656661393133646,0.0,0.0,0.0,0.0
LLY,put,surface,5,2026-05-05,20260431,1000,4.146555079827093,8.869078013919786,-10.335424943097854,-21.39301189226916,0.0,0.0,0.0,0.0
LLY,put,surface,10,2026-05-12,0,3000,5.815577917550641,13.686968857974664,-18.820423296750338,-36.349405971067135,0.0,0.0,0.0,0.0
LLY,put,surface,10,2026-05-12,20260429,1000,5.301915054723104,13.844109799058963,-19.743769876754627,-37.09017567092273,0.0,0.0,0.0,0.0
LLY,put,surface,10,2026-05-12,20260430,1000,5.467391217160738,14.614467581333736,-21.159002747583887,-39.46325318728444,0.0,0.0,0.0,0.0
LLY,put,surface,10,2026-05-12,20260431,1000,6.6774274807680785,12.490130296989948,-17.172962829134995,-32.11244480726285,0.0,0.0,0.0,0.0
LLY,put,surface,15,2026-05-19,0,3000,8.613570765015522,16.37117194273924,-23.0300701138483,-45.32725328901867,0.0,0.0,0.0,0.0
LLY,put,surface,15,2026-05-19,20260429,1000,8.307450016310638,16.33111559675489,-22.338191922922846,-45.86995999798705,0.0,0.0,0.0,0.0
LLY,put,surface,15,2026-05-19,20260430,1000,8.510683579897222,16.23752911059778,-23.24820138816319,-43.356758653447635,0.0,0.0,0.0,0.0
LLY,put,surface,15,2026-05-19,20260431,1000,9.02257869883871,16.551369615901052,-22.41227363386579,-46.738915931635695,0.0,0.0,0.0,0.0
LLY,put,surface,20,2026-05-27,0,3000,13.684225590212586,19.547868915059265,-27.21428801203185,-55.701169947789495,0.0,0.0,0.0,0.0
LLY,put,surface,20,2026-05-27,20260429,1000,13.839347551009947,18.607250852249212,-23.535951022829956,-51.53266469769537,0.0,0.0,0.0,0.0
LLY,put,surface,20,2026-05-27,20260430,1000,13.410228753519927,19.817741398575073,-29.906902525382375,-56.62129808121842,0.0,0.0,0.0,0.0
LLY,put,surface,20,2026-05-27,20260431,1000,13.803100466107887,20.199913380909138,-28.574523195357347,-58.42827195472771,0.0,0.0,0.0,0.0
LLY,put,surface,22,2026-05-29,0,3000,15.663347730750178,21.048387636973768,-31.07947650717288,-60.8917825804446,0.0,0.0,0.0,0.0
LLY,put,surface,22,2026-05-29,20260429,1000,15.555709168683968,21.03589497247725,-31.907138278501094,-60.95600200277753,0.0,0.0,0.0,0.0
LLY,put,surface,22,2026-05-29,20260430,1000,15.606146566915402,20.93877017109066,-28.124167134892982,-60.38556525859165,0.0,0.0,0.0,0.0
LLY,put,surface,22,2026-05-29,20260431,1000,15.828187456651165,21.189803603097584,-33.00269555173573,-61.180969298835116,0.0,0.0,0.0,0.0
LLY,put,relaxation,0,2026-04-28,0,3000,1.3454820793691942,3.7753875674314504e-15,1.345482079369198,1.3454820793691942,0.0,0.0,0.0,0.0
LLY,put,relaxation,0,2026-04-28,20260429,1000,1.345482079369194,3.998802790146067e-15,1.345482079369198,1.345482079369194,0.0,0.0,0.0,0.0
LLY,put,relaxation,0,2026-04-28,20260430,1000,1.345482079369194,3.998802790146067e-15,1.345482079369198,1.345482079369194,0.0,0.0,0.0,0.0
LLY,put,relaxation,0,2026-04-28,20260431,1000,1.345482079369194,3.998802790146067e-15,1.345482079369198,1.345482079369194,0.0,0.0,0.0,0.0
LLY,put,relaxation,5,2026-05-05,0,3000,4.282034544025629,9.6183259064486,-13.529326691746686,-23.598588032436677,0.4949194626834412,0.006855507892421787,0.5461407736288534,0.8429219014564138
LLY,put,relaxation,5,2026-05-05,20260429,1000,3.9867766028933027,9.86045085745735,-14.35524754578466,-24.487488825228947,0.4905681516387791,0.012413514388417797,0.5480154325256715,0.9285697119067571
LLY,put,relaxation,5,2026-05-05,20260430,1000,4.204563405702285,9.87549225821868,-14.782416977548447,-24.11138066182197,0.48598169275733666,0.012526768684484053,0.5434820343394441,0.804016152990929
LLY,put,relaxation,5,2026-05-05,20260431,1000,4.654763623481303,9.095911858385227,-10.374581038692112,-21.761699835999302,0.5082085436542076,0.010581738997790389,0.5469248540214446,0.7851203015694412
LLY,put,relaxation,10,2026-05-12,0,3000,6.943972961341015,13.918089166870969,-18.259223781525222,-35.71445160687176,1.1283950437903745,0.008028689738318781,1.1283950437903745,2.246638904808693
LLY,put,relaxation,10,2026-05-12,20260429,1000,6.432543377876371,14.080635258498592,-19.335415115885827,-36.444655261055956,1.1306283231532637,0.01415292679884282,1.1306283231532637,2.271589866202827
LLY,put,relaxation,10,2026-05-12,20260430,1000,6.589685884716916,14.845095387814808,-20.592080563567475,-38.81696587581591,1.122294667556178,0.013827310241441008,1.122294667556178,2.218694143067168
LLY,put,relaxation,10,2026-05-12,20260431,1000,7.809689621429758,12.718042438654953,-16.70896831615737,-31.508265065314955,1.132262140661682,0.013746592932872054,1.132262140661682,2.207602572713753
LLY,put,relaxation,15,2026-05-19,0,3000,10.181928499430532,16.49897263585881,-21.414426129544,-43.685527898658336,1.56835773441501,0.008764211289756085,1.56835773441501,2.4421749880811987
LLY,put,relaxation,15,2026-05-19,20260429,1000,9.854804900752832,16.4481633291223,-20.855674471415302,-44.214764316049724,1.5473548844421967,0.014802123221786935,1.5473548844421967,2.4238984124259355
LLY,put,relaxation,15,2026-05-19,20260430,1000,10.09746823546369,16.374520743187002,-21.774538599297752,-41.71060514497383,1.5867846555664677,0.01538986728312763,1.5867846555664677,2.447966124104577
LLY,put,relaxation,15,2026-05-19,20260431,1000,10.593512362075076,16.68060059858995,-20.821906084612362,-45.10797240728825,1.5709336632363653,0.015330523931393619,1.5709336632363653,2.4455433407559752
LLY,put,relaxation,20,2026-05-27,0,3000,14.41581048364631,19.643259782090738,-26.422349016074367,-55.23253809589736,0.7315848934337204,0.007287524423008136,0.7331080848269811,1.3308400767883233
LLY,put,relaxation,20,2026-05-27,20260429,1000,14.576553231524105,18.700619727072922,-22.76784053500906,-51.03275523687703,0.7372056805141631,0.012768432262015125,0.7387805842899049,1.3385416159579984
LLY,put,relaxation,20,2026-05-27,20260430,1000,14.125232908527794,19.906859708043434,-29.111806072387566,-56.169003240426754,0.7150041550078674,0.012423873178109187,0.71595830563102,1.3180022859427953
LLY,put,relaxation,20,2026-05-27,20260431,1000,14.545645310887025,20.3032498109763,-27.78727905321763,-57.97253855442912,0.7425448447791305,0.012668012001849931,0.7445853645600184,1.3316005715172718
LLY,put,relaxation,22,2026-05-29,0,3000,15.663347730750178,21.048387636973768,-31.07947650717288,-60.8917825804446,0.0,0.0,0.0,0.0
LLY,put,relaxation,22,2026-05-29,20260429,1000,15.555709168683968,21.03589497247725,-31.907138278501094,-60.95600200277753,0.0,0.0,0.0,0.0
LLY,put,relaxation,22,2026-05-29,20260430,1000,15.606146566915402,20.93877017109066,-28.124167134892982,-60.38556525859165,0.0,0.0,0.0,0.0
LLY,put,relaxation,22,2026-05-29,20260431,1000,15.828187456651165,21.189803603097584,-33.00269555173573,-61.180969298835116,0.0,0.0,0.0,0.0
LLY,put,uncoupled,0,2026-04-28,0,3000,1.3454820793691942,3.7753875674314504e-15,1.345482079369198,1.3454820793691942,0.0,0.0,0.0,0.0
LLY,put,uncoupled,0,2026-04-28,20260429,1000,1.345482079369194,3.998802790146067e-15,1.345482079369198,1.345482079369194,0.0,0.0,0.0,0.0
LLY,put,uncoupled,0,2026-04-28,20260430,1000,1.345482079369194,3.998802790146067e-15,1.345482079369198,1.345482079369194,0.0,0.0,0.0,0.0
LLY,put,uncoupled,0,2026-04-28,20260431,1000,1.345482079369194,3.998802790146067e-15,1.345482079369198,1.345482079369194,0.0,0.0,0.0,0.0
LLY,put,uncoupled,5,2026-05-05,0,3000,4.342669047241552,9.836701726073532,-13.263408381770779,-23.75959113548209,0.5555539658993628,0.042612101869827744,1.9036131378574257,4.676644154917663
LLY,put,uncoupled,5,2026-05-05,20260429,1000,4.090102138299744,10.098689366806918,-14.348180118376277,-24.635824225795467,0.5938936870452189,0.07338232574223123,1.9083274383701416,4.774805626472453
LLY,put,uncoupled,5,2026-05-05,20260430,1000,4.305095946232804,10.087260441381437,-13.822485664459473,-24.193269564610983,0.5865142332878546,0.07482752653774521,1.9337406396067196,4.688285018142228
LLY,put,uncoupled,5,2026-05-05,20260431,1000,4.632809057192107,9.305371297330538,-11.845593327920952,-22.131971831098696,0.4862539773650148,0.07322338442607483,1.868771335595418,4.5591345258793785
LLY,put,uncoupled,10,2026-05-12,0,3000,7.000395141534002,14.09277372163318,-18.674794437843914,-35.87696580562404,1.1848172239833616,0.040441345820623247,2.043478901756281,4.7920095626724
LLY,put,uncoupled,10,2026-05-12,20260429,1000,6.552359185920672,14.284858849292874,-18.87087775741825,-36.67290221203238,1.2504441311975667,0.07160277717930222,2.1110852701873157,4.870181887171317
LLY,put,uncoupled,10,2026-05-12,20260430,1000,6.696903893679194,14.95350070607917,-20.7525249977082,-38.80292912183049,1.2295126765184548,0.07018997334720971,2.066800089313679,4.827731794695114
LLY,put,uncoupled,10,2026-05-12,20260431,1000,7.751922345002142,12.949654557618002,-16.064666511030108,-31.78304501295486,1.0744948642340633,0.06824412614831078,1.952551345767849,4.533511133548505
LLY,put,uncoupled,15,2026-05-19,0,3000,10.21258793026697,16.610392112385952,-22.534662002244204,-44.06082020379091,1.5990171652514469,0.030432558063722706,1.973801501888438,4.059268853426302
LLY,put,uncoupled,15,2026-05-19,20260429,1000,9.898974834682127,16.613754766642316,-21.910283219217973,-44.91229156516029,1.5915248183714898,0.05285742834040936,1.9564287459494025,4.12471946005959
LLY,put,uncoupled,15,2026-05-19,20260430,1000,10.183305050050128,16.422799770745666,-23.458634426199232,-41.81398536451422,1.6726214701529043,0.054173594374037674,2.0555642632849533,4.3264607132552095
LLY,put,uncoupled,15,2026-05-19,20260431,1000,10.555483906068655,16.80254551917781,-21.5284759977022,-45.41012572841866,1.5329052072299476,0.05101261889151159,1.9094114964309576,3.680138048411143
LLY,put,uncoupled,20,2026-05-27,0,3000,14.419904284896402,19.647464265778385,-26.354815392288636,-55.244980766680094,0.7356786946838113,0.01133023156321522,0.815226679754434,1.7139757767429225
LLY,put,uncoupled,20,2026-05-27,20260429,1000,14.601855219469714,18.708616405567458,-22.58542287837669,-51.0496304468576,0.7625076684597715,0.019907946660531674,0.8367899419720055,1.7415116563728206
LLY,put,uncoupled,20,2026-05-27,20260430,1000,14.133496764089472,19.90668826077038,-29.023475807231538,-56.17719055703621,0.7232680105695428,0.020255909874560555,0.8150221535082954,1.740864495789193
LLY,put,uncoupled,20,2026-05-27,20260431,1000,14.52436087113001,20.308289850794708,-27.799478411131567,-57.98941613395311,0.7212604050221203,0.018666208171981922,0.7938679437830007,1.6251163854112471
LLY,put,uncoupled,22,2026-05-29,0,3000,15.663347730750178,21.048387636973768,-31.07947650717288,-60.8917825804446,0.0,0.0,0.0,0.0
LLY,put,uncoupled,22,2026-05-29,20260429,1000,15.555709168683968,21.03589497247725,-31.907138278501094,-60.95600200277753,0.0,0.0,0.0,0.0
LLY,put,uncoupled,22,2026-05-29,20260430,1000,15.606146566915402,20.93877017109066,-28.124167134892982,-60.38556525859165,0.0,0.0,0.0,0.0
LLY,put,uncoupled,22,2026-05-29,20260431,1000,15.828187456651165,21.189803603097584,-33.00269555173573,-61.180969298835116,0.0,0.0,0.0,0.0
LLY,put,coupled,0,2026-04-28,0,3000,1.3454820793691942,3.7753875674314504e-15,1.345482079369198,1.3454820793691942,0.0,0.0,0.0,0.0
LLY,put,coupled,0,2026-04-28,20260429,1000,1.345482079369194,3.998802790146067e-15,1.345482079369198,1.345482079369194,0.0,0.0,0.0,0.0
LLY,put,coupled,0,2026-04-28,20260430,1000,1.345482079369194,3.998802790146067e-15,1.345482079369198,1.345482079369194,0.0,0.0,0.0,0.0
LLY,put,coupled,0,2026-04-28,20260431,1000,1.345482079369194,3.998802790146067e-15,1.345482079369198,1.345482079369194,0.0,0.0,0.0,0.0
LLY,put,coupled,5,2026-05-05,0,3000,4.119035189729352,10.838924587578127,-15.783511169512632,-26.803064748979676,0.3319201083871626,0.04182356199890599,1.8527395383058074,4.315290777974324
LLY,put,coupled,5,2026-05-05,20260429,1000,3.8122162340943206,11.119045244155263,-16.99592427944255,-27.76075313144286,0.31600778283979586,0.07317781791820711,1.8911689823668154,4.399151485197181
LLY,put,coupled,5,2026-05-05,20260430,1000,4.063428028331251,11.138612665678313,-16.45563808048481,-27.30167496323298,0.3448463153863043,0.07413197964697243,1.896544138009263,4.385987237556708
LLY,put,coupled,5,2026-05-05,20260431,1000,4.4814613067624816,10.234812535189162,-13.628519696810017,-24.970201156834253,0.33490622693538746,0.07001732453588812,1.7705054945413448,4.109073154359213
LLY,put,coupled,10,2026-05-12,0,3000,6.644414256276812,14.943452652660339,-21.28905861172637,-38.443643460137636,0.8288363387261708,0.039978492162144344,1.9549523948952228,4.101626816875642
LLY,put,coupled,10,2026-05-12,20260429,1000,6.127593318958179,15.134660452098261,-21.06099748133694,-39.26594039224653,0.8256782642350716,0.07086922413465035,2.0120431238342333,4.157401111933685
LLY,put,coupled,10,2026-05-12,20260430,1000,6.317680279883693,15.826516632409822,-22.996159454432085,-41.41780148293462,0.8502890627229535,0.06916641027569842,1.9545451917782093,4.1414528088487215
LLY,put,coupled,10,2026-05-12,20260431,1000,7.487969169988564,13.774769909156687,-18.592290735552485,-34.359004742111466,0.8105416892204872,0.06772645617298474,1.898268869073226,4.0263022176285075
LLY,put,coupled,15,2026-05-19,0,3000,9.876664736726564,17.11903042138984,-24.293440341806804,-45.491128287546275,1.26309397171104,0.030056386327551088,1.7966885925095952,3.3979055512977854
LLY,put,coupled,15,2026-05-19,20260429,1000,9.54085224552856,17.107041345156716,-23.874565402197298,-46.30582808310035,1.2334022292179239,0.05219119174823397,1.783271571068701,3.386932694829538
LLY,put,coupled,15,2026-05-19,20260430,1000,9.830568626236145,16.95964865140653,-24.37660073442706,-43.26753878726855,1.319885046338924,0.052428672586763224,1.8338323160325194,3.4359586446108543
LLY,put,coupled,15,2026-05-19,20260431,1000,10.258573338414987,17.2982299899396,-23.344247361494116,-46.87955231873697,1.235994639576273,0.05155939026645862,1.7729618904275641,3.344429169501349
LLY,put,coupled,20,2026-05-27,0,3000,14.29205020841442,19.6970445150769,-26.56592353127503,-55.3001056570297,0.6078246182018282,0.011481687420284319,0.7409580180028994,1.5102666607560151
LLY,put,coupled,20,2026-05-27,20260429,1000,14.469510945277467,18.766860871194105,-22.822738305277888,-51.12157709574285,0.6301633942675217,0.019881915760721933,0.7522672725495849,1.5093104867419025
LLY,put,coupled,20,2026-05-27,20260430,1000,14.00518240124465,19.950800578106413,-29.145169397738933,-56.223145031237564,0.5949536477247246,0.02019661459100822,0.7386654248280359,1.5383238821624805
LLY,put,coupled,20,2026-05-27,20260431,1000,14.401457278721132,20.35539289302838,-28.03814947785303,-58.04011210286846,0.5983568126132388,0.019578181435608293,0.7319413566310775,1.4734246548593504
LLY,put,coupled,22,2026-05-29,0,3000,15.663347730750178,21.048387636973768,-31.07947650717288,-60.8917825804446,0.0,0.0,0.0,0.0
LLY,put,coupled,22,2026-05-29,20260429,1000,15.555709168683968,21.03589497247725,-31.907138278501094,-60.95600200277753,0.0,0.0,0.0,0.0
LLY,put,coupled,22,2026-05-29,20260430,1000,15.606146566915402,20.93877017109066,-28.124167134892982,-60.38556525859165,0.0,0.0,0.0,0.0
LLY,put,coupled,22,2026-05-29,20260431,1000,15.828187456651165,21.189803603097584,-33.00269555173573,-61.180969298835116,0.0,0.0,0.0,0.0
LLY,call,frozen,0,2026-04-28,0,3000,1.8038068739636228,2.2208162161361474e-16,1.803806873963623,1.8038068739636228,0.0,0.0,0.0,0.0
LLY,call,frozen,0,2026-04-28,20260429,1000,1.8038068739636228,2.221557105636704e-16,1.803806873963623,1.8038068739636228,0.0,0.0,0.0,0.0
LLY,call,frozen,0,2026-04-28,20260430,1000,1.8038068739636228,2.221557105636704e-16,1.803806873963623,1.8038068739636228,0.0,0.0,0.0,0.0
LLY,call,frozen,0,2026-04-28,20260431,1000,1.8038068739636228,2.221557105636704e-16,1.803806873963623,1.8038068739636228,0.0,0.0,0.0,0.0
LLY,call,frozen,5,2026-05-05,0,3000,3.8887827235261065,11.437804408862563,-14.584289694190405,-32.10285617417807,1.1786441003313832,0.005485719915318078,1.1786441003313832,1.7235889835222027
LLY,call,frozen,5,2026-05-05,20260429,1000,3.9690879543213122,12.12793893172327,-15.884366816578964,-34.835184901616046,1.179539647918502,0.00956905440745694,1.179539647918502,1.7796411465731914
LLY,call,frozen,5,2026-05-05,20260430,1000,3.732839512883249,11.619436841517107,-13.610655457157472,-33.26464596049812,1.1933541838294492,0.010011071061395533,1.1933541838294492,1.6826477040762393
LLY,call,frozen,5,2026-05-05,20260431,1000,3.964420703373757,10.51652402862916,-13.553057732189425,-28.098374947446306,1.1630384692461981,0.008875207877173968,1.1630384692461981,1.6802168455335467
LLY,call,frozen,10,2026-05-12,0,3000,6.310465386819895,16.383339412489377,-22.092373987888873,-47.29034288744924,2.2294441289732103,0.006889841454916294,2.2294441289732103,3.117663172015308
LLY,call,frozen,10,2026-05-12,20260429,1000,6.66288649816283,15.782515572697832,-25.91497419765509,-45.97057361576939,2.2224664904274523,0.012077096473893439,2.2224664904274523,3.144356405174417
LLY,call,frozen,10,2026-05-12,20260430,1000,6.213977940378121,16.82974508304429,-21.796525630238918,-48.507648661872956,2.225860839161834,0.012144159627459739,2.225860839161834,3.110194998606909
LLY,call,frozen,10,2026-05-12,20260431,1000,6.054531721918731,16.530319622372257,-20.452987306264937,-46.99832159809979,2.240005057330345,0.011576019865095063,2.240005057330345,3.090470865636742
LLY,call,frozen,15,2026-05-19,0,3000,8.892143283139003,19.224388628000476,-27.109972255212075,-57.03540761277847,2.836562086448447,0.012327847344154041,2.836562086448447,3.4027836267059572
LLY,call,frozen,15,2026-05-19,20260429,1000,8.96576650040108,19.055900157716973,-33.144416149281795,-58.48954878298946,2.8168304309125682,0.021272176915539256,2.8168304309125682,3.4044609422647962
LLY,call,frozen,15,2026-05-19,20260430,1000,8.844028528781784,19.08699404032895,-24.337458274304325,-53.84913333523058,2.8295902161319124,0.021583352292811504,2.8295902161319124,3.400371246556325
LLY,call,frozen,15,2026-05-19,20260431,1000,8.86663482023415,19.545387734482322,-24.558630852431957,-57.864771318120326,2.86326561230086,0.021194253144644928,2.86326561230086,3.4031075493963887
LLY,call,frozen,20,2026-05-27,0,3000,12.00872083759427,23.05426211265174,-33.19935284042311,-72.43211106717168,0.9178805267654799,0.010108580817010314,0.9178805267654799,1.8649938088086937
LLY,call,frozen,20,2026-05-27,20260429,1000,11.470950410733716,24.642004708580416,-45.69749475240111,-79.57053910869003,0.8987624172785071,0.017289119409470095,0.8987624172785071,1.8198977841067048
LLY,call,frozen,20,2026-05-27,20260430,1000,12.018229057793734,22.42062730555965,-27.791334451197706,-69.73402329748428,0.9228512746067932,0.01793987457005003,0.9228512746067932,1.921660384104234
LLY,call,frozen,20,2026-05-27,20260431,1000,12.53698304425536,22.02451417386244,-31.145828666063522,-65.9723681957797,0.9320278884111396,0.017289322444154546,0.9320278884111396,1.8459439049676107
LLY,call,frozen,22,2026-05-29,0,3000,12.424068907245605,25.226201523953133,-41.85312561322665,-81.2348231909127,0.0,0.0,0.0,0.0
LLY,call,frozen,22,2026-05-29,20260429,1000,11.56870242618231,27.185726300300615,-46.840927292386795,-88.84780564754692,0.0,0.0,0.0,0.0
LLY,call,frozen,22,2026-05-29,20260430,1000,12.34973804437495,25.142979548538655,-38.61627834487928,-81.56350148202645,0.0,0.0,0.0,0.0
LLY,call,frozen,22,2026-05-29,20260431,1000,13.353766251179556,23.184509359672784,-38.57763738737418,-72.89738023325752,0.0,0.0,0.0,0.0
LLY,call,surface,0,2026-04-28,0,3000,1.8038068739636228,2.2208162161361474e-16,1.803806873963623,1.8038068739636228,0.0,0.0,0.0,0.0
LLY,call,surface,0,2026-04-28,20260429,1000,1.8038068739636228,2.221557105636704e-16,1.803806873963623,1.8038068739636228,0.0,0.0,0.0,0.0
LLY,call,surface,0,2026-04-28,20260430,1000,1.8038068739636228,2.221557105636704e-16,1.803806873963623,1.8038068739636228,0.0,0.0,0.0,0.0
LLY,call,surface,0,2026-04-28,20260431,1000,1.8038068739636228,2.221557105636704e-16,1.803806873963623,1.8038068739636228,0.0,0.0,0.0,0.0
LLY,call,surface,5,2026-05-05,0,3000,2.710138623194723,11.667747943202334,-16.307878677712605,-34.340362513868115,0.0,0.0,0.0,0.0
LLY,call,surface,5,2026-05-05,20260429,1000,2.7895483064028106,12.35503791153404,-17.66400796315216,-37.08779602777732,0.0,0.0,0.0,0.0
LLY,call,surface,5,2026-05-05,20260430,1000,2.5394853290538,11.864537813284091,-15.293303161233712,-35.59012957235064,0.0,0.0,0.0,0.0
LLY,call,surface,5,2026-05-05,20260431,1000,2.80138223412756,10.734223515029571,-15.23327457772297,-30.228090502686463,0.0,0.0,0.0,0.0
LLY,call,surface,10,2026-05-12,0,3000,4.081021257846683,16.688349537426685,-25.353738950647426,-50.411221867803434,0.0,0.0,0.0,0.0
LLY,call,surface,10,2026-05-12,20260429,1000,4.440420007735379,16.097747511565714,-29.241423442430648,-49.06682610794207,0.0,0.0,0.0,0.0
LLY,call,surface,10,2026-05-12,20260430,1000,3.9881171012162855,17.13257679864349,-25.05104488636122,-51.6244090346054,0.0,0.0,0.0,0.0
LLY,call,surface,10,2026-05-12,20260431,1000,3.8145266645883864,16.82821739470887,-23.673469397961334,-50.13968957514393,0.0,0.0,0.0,0.0
LLY,call,surface,15,2026-05-19,0,3000,6.0555811966905555,19.461202402547872,-30.118806224046082,-60.04919111291067,0.0,0.0,0.0,0.0
LLY,call,surface,15,2026-05-19,20260429,1000,6.148936069488513,19.300094734657197,-36.04424982051412,-61.520545466102206,0.0,0.0,0.0,0.0
LLY,call,surface,15,2026-05-19,20260430,1000,6.014438312649868,19.33972420153579,-27.409895828454026,-56.88433388323136,0.0,0.0,0.0,0.0
LLY,call,surface,15,2026-05-19,20260431,1000,6.003369207933289,19.759597562335923,-27.62579005965218,-60.85821214317821,0.0,0.0,0.0,0.0
LLY,call,surface,20,2026-05-27,0,3000,11.090840310828789,23.22074739603766,-35.04323685650223,-73.61240807813037,0.0,0.0,0.0,0.0
LLY,call,surface,20,2026-05-27,20260429,1000,10.572187993455211,24.792452101873046,-47.293994992814255,-80.62528771013443,0.0,0.0,0.0,0.0
LLY,call,surface,20,2026-05-27,20260430,1000,11.095377783186944,22.597470963710304,-29.720843412087092,-70.95732231172944,0.0,0.0,0.0,0.0
LLY,call,surface,20,2026-05-27,20260431,1000,11.60495515584422,22.200080420118773,-33.024630292112604,-67.27352856216118,0.0,0.0,0.0,0.0
LLY,call,surface,22,2026-05-29,0,3000,12.424068907245605,25.226201523953133,-41.85312561322665,-81.2348231909127,0.0,0.0,0.0,0.0
LLY,call,surface,22,2026-05-29,20260429,1000,11.56870242618231,27.185726300300615,-46.840927292386795,-88.84780564754692,0.0,0.0,0.0,0.0
LLY,call,surface,22,2026-05-29,20260430,1000,12.34973804437495,25.142979548538655,-38.61627834487928,-81.56350148202645,0.0,0.0,0.0,0.0
LLY,call,surface,22,2026-05-29,20260431,1000,13.353766251179556,23.184509359672784,-38.57763738737418,-72.89738023325752,0.0,0.0,0.0,0.0
LLY,call,relaxation,0,2026-04-28,0,3000,1.8038068739636228,2.2208162161361474e-16,1.803806873963623,1.8038068739636228,0.0,0.0,0.0,0.0
LLY,call,relaxation,0,2026-04-28,20260429,1000,1.8038068739636228,2.221557105636704e-16,1.803806873963623,1.8038068739636228,0.0,0.0,0.0,0.0
LLY,call,relaxation,0,2026-04-28,20260430,1000,1.8038068739636228,2.221557105636704e-16,1.803806873963623,1.8038068739636228,0.0,0.0,0.0,0.0
LLY,call,relaxation,0,2026-04-28,20260431,1000,1.8038068739636228,2.221557105636704e-16,1.803806873963623,1.8038068739636228,0.0,0.0,0.0,0.0
LLY,call,relaxation,5,2026-05-05,0,3000,3.7788278852133246,11.467653768191916,-14.774782564006987,-32.332049777692525,1.0686892620186002,0.00493042024314989,1.0686892620186002,1.541064294912826
LLY,call,relaxation,5,2026-05-05,20260429,1000,3.860251569389951,12.15459912242307,-16.02129350505445,-35.05186393940679,1.0707032629871407,0.00871320814593104,1.0707032629871407,1.6201834670708324
LLY,call,relaxation,5,2026-05-05,20260430,1000,3.6212631898459655,11.652315221099416,-13.770272398249519,-33.51303914705671,1.0817778607921655,0.008928819539849175,1.0817778607921655,1.5467926231065947
LLY,call,relaxation,5,2026-05-05,20260431,1000,3.8549688964040554,10.54687182304274,-13.672261749697975,-28.32344696654119,1.053586662276495,0.007929673364220765,1.053586662276495,1.500645891838859
LLY,call,relaxation,10,2026-05-12,0,3000,5.900161381867026,16.472258935809105,-22.734835814621878,-47.9380226709431,1.8191401240203413,0.0050003795912454616,1.8191401240203413,2.4357729494879736
LLY,call,relaxation,10,2026-05-12,20260429,1000,6.254996518938772,15.884160980968652,-26.54188465329953,-46.63068792216781,1.8145765112033911,0.008690426140659952,1.8145765112033911,2.4483941943561978
LLY,call,relaxation,10,2026-05-12,20260430,1000,5.803920150226609,16.914840461607092,-22.40508982949583,-49.1452110174209,1.8158030490103236,0.008812839022765298,1.8158030490103236,2.4091892830740504
LLY,call,relaxation,10,2026-05-12,20260431,1000,5.6415674764356964,16.611096167210814,-21.11015729649963,-47.63899302016154,1.8270408118473094,0.008479399821512296,1.8270408118473094,2.43652471263908
LLY,call,relaxation,15,2026-05-19,0,3000,8.231183136476963,19.351920415759437,-28.197494290570436,-57.81563351234341,2.1756019397864073,0.007984184570918169,2.1756019397864073,2.5474143055609746
LLY,call,relaxation,15,2026-05-19,20260429,1000,8.317390116945173,19.189061962020464,-34.1584943210946,-59.23764091752318,2.1684540474566614,0.01380761841456526,2.1684540474566614,2.5467269721876677
LLY,call,relaxation,15,2026-05-19,20260430,1000,8.180584813834413,19.221448172123836,-25.29905708719098,-54.66642415621933,2.1661465011845458,0.013891107037789206,2.1661465011845458,2.5457447195150507
LLY,call,relaxation,15,2026-05-19,20260431,1000,8.195574478651304,19.6607419704185,-25.599327245892965,-58.652326661236295,2.1922052707180137,0.013786875264674342,2.1922052707180137,2.5502119887744903
LLY,call,relaxation,20,2026-05-27,0,3000,11.752974876365649,23.077322055313935,-33.398210035343794,-72.50722804374264,0.6621345655368601,0.0068423016805584085,0.6635222744876081,1.4249561660470715
LLY,call,relaxation,20,2026-05-27,20260429,1000,11.228858712411478,24.656948417890554,-45.89187377965859,-79.61273310697321,0.6566707189562695,0.011554106145747043,0.6576854625066351,1.3694656333866848
LLY,call,relaxation,20,2026-05-27,20260430,1000,11.755969959214703,22.45035934168589,-28.101441772833866,-69.82794249199529,0.66059217602776,0.012145638377437307,0.6626889215164855,1.4557863867433938
LLY,call,relaxation,20,2026-05-27,20260431,1000,12.274095957470768,22.05048777086868,-31.371766462872504,-66.08029398356958,0.6691408016265509,0.0118549446466198,0.6701924394397042,1.4360096380815293
LLY,call,relaxation,22,2026-05-29,0,3000,12.424068907245605,25.226201523953133,-41.85312561322665,-81.2348231909127,0.0,0.0,0.0,0.0
LLY,call,relaxation,22,2026-05-29,20260429,1000,11.56870242618231,27.185726300300615,-46.840927292386795,-88.84780564754692,0.0,0.0,0.0,0.0
LLY,call,relaxation,22,2026-05-29,20260430,1000,12.34973804437495,25.142979548538655,-38.61627834487928,-81.56350148202645,0.0,0.0,0.0,0.0
LLY,call,relaxation,22,2026-05-29,20260431,1000,13.353766251179556,23.184509359672784,-38.57763738737418,-72.89738023325752,0.0,0.0,0.0,0.0
LLY,call,uncoupled,0,2026-04-28,0,3000,1.8038068739636228,2.2208162161361474e-16,1.803806873963623,1.8038068739636228,0.0,0.0,0.0,0.0
LLY,call,uncoupled,0,2026-04-28,20260429,1000,1.8038068739636228,2.221557105636704e-16,1.803806873963623,1.8038068739636228,0.0,0.0,0.0,0.0
LLY,call,uncoupled,0,2026-04-28,20260430,1000,1.8038068739636228,2.221557105636704e-16,1.803806873963623,1.8038068739636228,0.0,0.0,0.0,0.0
LLY,call,uncoupled,0,2026-04-28,20260431,1000,1.8038068739636228,2.221557105636704e-16,1.803806873963623,1.8038068739636228,0.0,0.0,0.0,0.0
LLY,call,uncoupled,5,2026-05-05,0,3000,3.8192406676066257,11.69981460314248,-15.146580469895909,-32.652438983846785,1.1091020444119026,0.0426991965324581,2.050907003788374,5.11616119142288
LLY,call,uncoupled,5,2026-05-05,20260429,1000,3.9472689300525867,12.372502095630999,-15.38022445233493,-35.58194436199786,1.157720623649776,0.0729970234913535,2.047996867650475,5.174048372430696
LLY,call,uncoupled,5,2026-05-05,20260430,1000,3.7105677454933974,11.862383065035747,-15.299415626751324,-33.700194947171696,1.171082416439598,0.0759477304780676,2.0999914917868514,5.175877212009686
LLY,call,uncoupled,5,2026-05-05,20260431,1000,3.7998853272738953,10.821621239494757,-14.28111038523199,-28.651586180985746,0.9985030931463343,0.07283449470666407,2.0047326519277964,4.979236042883855
LLY,call,uncoupled,10,2026-05-12,0,3000,5.952002613144182,16.641276384246506,-23.184510200776135,-48.46715583466507,1.8709813552974977,0.04085328601194799,2.3638749743069094,5.774872024392255
LLY,call,uncoupled,10,2026-05-12,20260429,1000,6.381556257750126,16.031340879504867,-27.039021728534184,-47.22289654020866,1.9411362500147453,0.07013516975011752,2.402146796375024,5.6243254316457305
LLY,call,uncoupled,10,2026-05-12,20260430,1000,5.891161210851209,17.02888039743614,-21.80156176433172,-49.0925707107149,1.9030441096349244,0.07197805611721814,2.3875320164613227,6.012630933713603
LLY,call,uncoupled,10,2026-05-12,20260431,1000,5.58329037083121,16.853471703624358,-22.390418468611067,-48.84673916443558,1.7687637062428232,0.0701052464618313,2.3019461100843825,5.5732254781333745
LLY,call,uncoupled,15,2026-05-19,0,3000,8.280827974961,19.39774003874429,-28.194117542054027,-57.85960202857944,2.225246778270443,0.031162507485325806,2.387277633409002,5.210623310269219
LLY,call,uncoupled,15,2026-05-19,20260429,1000,8.3846297292843,19.245456942041866,-34.588845548193014,-59.320093753907294,2.2356936597957913,0.05396823743178435,2.3750907018354264,5.292252337689911
LLY,call,uncoupled,15,2026-05-19,20260430,1000,8.275028926838747,19.231290340151233,-25.208210607475085,-54.661605697124614,2.260590614188879,0.05516582263798995,2.443187306252795,5.180098853555773
LLY,call,uncoupled,15,2026-05-19,20260431,1000,8.18282526875995,19.73118545133833,-26.549968133774946,-58.71209546012115,2.179456060826662,0.05278685525175835,2.343554892138786,5.062062313553597
LLY,call,uncoupled,20,2026-05-27,0,3000,11.756242099133926,23.077716150665616,-33.30980883406288,-72.51638645632009,0.6654017883051329,0.01155493315624231,0.7334611960515205,1.7884297467901067
LLY,call,uncoupled,20,2026-05-27,20260429,1000,11.224005331294586,24.655770617234268,-45.90674701785507,-79.63690064063071,0.6518173378393726,0.019288304426654426,0.7147156668701589,1.7432029046572373
LLY,call,uncoupled,20,2026-05-27,20260430,1000,11.776452570874424,22.44915265100966,-27.842136200714673,-69.81781068596956,0.6810747876874828,0.020616210193228544,0.7444061284133647,1.9362172328691665
LLY,call,uncoupled,20,2026-05-27,20260431,1000,12.268268395232763,22.054280653375475,-31.615120591098616,-66.08063536260187,0.6633132393885433,0.020123330623550782,0.7412617928710374,1.7257696776131122
LLY,call,uncoupled,22,2026-05-29,0,3000,12.424068907245605,25.226201523953133,-41.85312561322665,-81.2348231909127,0.0,0.0,0.0,0.0
LLY,call,uncoupled,22,2026-05-29,20260429,1000,11.56870242618231,27.185726300300615,-46.840927292386795,-88.84780564754692,0.0,0.0,0.0,0.0
LLY,call,uncoupled,22,2026-05-29,20260430,1000,12.34973804437495,25.142979548538655,-38.61627834487928,-81.56350148202645,0.0,0.0,0.0,0.0
LLY,call,uncoupled,22,2026-05-29,20260431,1000,13.353766251179556,23.184509359672784,-38.57763738737418,-72.89738023325752,0.0,0.0,0.0,0.0
LLY,call,coupled,0,2026-04-28,0,3000,1.8038068739636228,2.2208162161361474e-16,1.803806873963623,1.8038068739636228,0.0,0.0,0.0,0.0
LLY,call,coupled,0,2026-04-28,20260429,1000,1.8038068739636228,2.221557105636704e-16,1.803806873963623,1.8038068739636228,0.0,0.0,0.0,0.0
LLY,call,coupled,0,2026-04-28,20260430,1000,1.8038068739636228,2.221557105636704e-16,1.803806873963623,1.8038068739636228,0.0,0.0,0.0,0.0
LLY,call,coupled,0,2026-04-28,20260431,1000,1.8038068739636228,2.221557105636704e-16,1.803806873963623,1.8038068739636228,0.0,0.0,0.0,0.0
LLY,call,coupled,5,2026-05-05,0,3000,4.051297907145342,10.439755585847823,-12.128929892084653,-28.591666871055708,1.3411592839506192,0.043578807251582925,2.032789210744028,5.91359977785025
LLY,call,coupled,5,2026-05-05,20260429,1000,4.142890433524702,11.097119611350937,-12.694676768252963,-31.325993028461543,1.3533421271218915,0.07536102595578124,2.0403875519133363,6.114547874886658
LLY,call,coupled,5,2026-05-05,20260430,1000,3.9554034004881173,10.55735939833828,-12.462542798287009,-29.52856764932034,1.4159180714343174,0.07844514759795547,2.099349153975856,6.043477188110013
LLY,call,coupled,5,2026-05-05,20260431,1000,4.05559988742321,9.620923191439532,-11.457536116507955,-24.893337082744466,1.254217653295649,0.07250643547039713,1.958630926342892,5.395428528347651
LLY,call,coupled,10,2026-05-12,0,3000,6.263187323174622,15.660733932490368,-20.27313784156868,-45.173803515139966,2.1821660653279387,0.040816128942295894,2.413090682535225,6.533206721881907
LLY,call,coupled,10,2026-05-12,20260429,1000,6.6469552228972635,14.96959079673085,-23.57093214057081,-43.76727836518485,2.2065352151618827,0.07139246130396626,2.4377753990409006,6.6502429838135795
LLY,call,coupled,10,2026-05-12,20260430,1000,6.204781396607292,16.08593698973838,-19.263332279981178,-45.97857472779044,2.216664295391008,0.07210444170029932,2.431310960673879,6.593902095628965
LLY,call,coupled,10,2026-05-12,20260431,1000,5.937825350019313,15.911126495732168,-19.45876914290525,-45.50473641457078,2.1232986854309255,0.06857422642821835,2.370185687890896,6.215263623012237
LLY,call,coupled,15,2026-05-19,0,3000,8.600761132708946,18.85369502309908,-26.299939823226886,-56.14632627187602,2.545179936018391,0.029861012901933347,2.5762802440185673,5.723619025407178
LLY,call,coupled,15,2026-05-19,20260429,1000,8.677987934223951,18.655848611388894,-32.613740467539145,-57.58666318435631,2.5290518647354396,0.051166566110392005,2.56024294762377,5.832091489620045
LLY,call,coupled,15,2026-05-19,20260430,1000,8.603765698433971,18.69806488994068,-22.978041243802057,-52.92908000122672,2.589327385784105,0.053631850368580605,2.6313167615104027,5.780787699691985
LLY,call,coupled,15,2026-05-19,20260431,1000,8.520529765468918,19.22046676849542,-24.48597811700663,-57.01135537765694,2.5171605575356275,0.050329774522578995,2.5372810229215297,5.600448218764043
LLY,call,coupled,20,2026-05-27,0,3000,11.886253905926603,23.030582583277237,-33.13803649957733,-72.44280146063353,0.7954135950978141,0.011697768495367394,0.8110984935002838,2.0962617201553835
LLY,call,coupled,20,2026-05-27,20260429,1000,11.343983936549717,24.61721120380827,-45.706969831999565,-79.58242211563912,0.7717959430945086,0.019740264425311602,0.7886090759680746,2.0620976096763375
LLY,call,coupled,20,2026-05-27,20260430,1000,11.914190256381975,22.39501828422236,-27.60839163732444,-69.72516508114694,0.8188124731950316,0.021027013465211238,0.8300568896280118,2.2043052229052362
LLY,call,coupled,20,2026-05-27,20260431,1000,12.400587524848119,22.00411807254298,-31.231763548577096,-65.99016700757689,0.7956323690039014,0.019986048843356072,0.8146295149047653,1.9658643432734118
LLY,call,coupled,22,2026-05-29,0,3000,12.424068907245605,25.226201523953133,-41.85312561322665,-81.2348231909127,0.0,0.0,0.0,0.0
LLY,call,coupled,22,2026-05-29,20260429,1000,11.56870242618231,27.185726300300615,-46.840927292386795,-88.84780564754692,0.0,0.0,0.0,0.0
LLY,call,coupled,22,2026-05-29,20260430,1000,12.34973804437495,25.142979548538655,-38.61627834487928,-81.56350148202645,0.0,0.0,0.0,0.0
LLY,call,coupled,22,2026-05-29,20260431,1000,13.353766251179556,23.184509359672784,-38.57763738737418,-72.89738023325752,0.0,0.0,0.0,0.0
