period,ticker,origin,endpoint,horizon,origin_spot,observed,daily_variance,daily_drift,return_count,stock_feature_age,market_feature_age
2025,GS,2025-01-02,2025-01-03,1,574.97,580.13,0.000338546417456336,0.0,2767,0,0
2025,GS,2025-01-02,2025-01-10,5,574.97,560.0,0.000338546417456336,0.0,2767,0,0
2025,GS,2025-01-03,2025-01-06,1,580.13,583.39,0.0003307847036769376,0.0,2768,0,0
2025,GS,2025-01-03,2025-01-13,5,580.13,562.95,0.0003307847036769376,0.0,2768,0,0
2025,GS,2025-01-06,2025-01-07,1,583.39,580.12,0.0003218032061881507,0.0,2769,0,0
2025,GS,2025-01-06,2025-01-14,5,583.39,571.53,0.0003218032061881507,0.0,2769,0,0
2025,GS,2025-01-07,2025-01-08,1,580.12,580.02,0.00031309695822013807,0.0,2770,0,0
2025,GS,2025-01-07,2025-01-15,5,580.12,605.92,0.00031309695822013807,0.0,2770,0,0
2025,GS,2025-01-08,2025-01-10,1,580.02,560.0,0.0003037049410537979,0.0,2771,0,0
2025,GS,2025-01-08,2025-01-16,5,580.02,612.99,0.0003037049410537979,0.0,2771,0,0
2025,GS,2025-01-10,2025-01-13,1,560.0,562.95,0.00033160845175457987,0.0,2772,0,0
2025,GS,2025-01-10,2025-01-17,5,560.0,625.94,0.00033160845175457987,0.0,2772,0,0
2025,GS,2025-01-13,2025-01-14,1,562.95,571.53,0.0003224883433030778,0.0,2773,0,0
2025,GS,2025-01-13,2025-01-21,5,562.95,634.74,0.0003224883433030778,0.0,2773,0,0
2025,GS,2025-01-14,2025-01-15,1,571.53,605.92,0.00031967771544395596,0.0,2774,0,0
2025,GS,2025-01-14,2025-01-22,5,571.53,632.73,0.00031967771544395596,0.0,2774,0,0
2025,GS,2025-01-15,2025-01-16,1,605.92,612.99,0.0004125127977484594,0.0,2775,0,0
2025,GS,2025-01-15,2025-01-23,5,605.92,639.5,0.0004125127977484594,0.0,2775,0,0
2025,GS,2025-01-16,2025-01-17,1,612.99,625.94,0.0004041746721004412,0.0,2776,0,0
2025,GS,2025-01-16,2025-01-24,5,612.99,636.9,0.0004041746721004412,0.0,2776,0,0
2025,GS,2025-01-17,2025-01-21,1,625.94,634.74,0.00040516112815947616,0.0,2777,0,0
2025,GS,2025-01-17,2025-01-27,5,625.94,633.28,0.00040516112815947616,0.0,2777,0,0
2025,GS,2025-01-21,2025-01-22,1,634.74,632.73,0.00039885353501737845,0.0,2778,0,0
2025,GS,2025-01-21,2025-01-28,5,634.74,637.8,0.00039885353501737845,0.0,2778,0,0
2025,GS,2025-01-22,2025-01-23,1,632.73,639.5,0.00038718971470474436,0.0,2779,0,0
2025,GS,2025-01-22,2025-01-29,5,632.73,637.38,0.00038718971470474436,0.0,2779,0,0
2025,GS,2025-01-23,2025-01-24,1,639.5,636.9,0.0003789721182737391,0.0,2780,0,0
2025,GS,2025-01-23,2025-01-30,5,639.5,645.7,0.0003789721182737391,0.0,2780,0,0
2025,GS,2025-01-24,2025-01-27,1,636.9,633.28,0.00036810087011811374,0.0,2781,0,0
2025,GS,2025-01-24,2025-01-31,5,636.9,640.4,0.00036810087011811374,0.0,2781,0,0
2025,GS,2025-01-27,2025-01-28,1,633.28,637.8,0.00035803254229195786,0.0,2782,0,0
2025,GS,2025-01-27,2025-02-03,5,633.28,632.37,0.00035803254229195786,0.0,2782,0,0
2025,GS,2025-01-28,2025-01-29,1,637.8,637.38,0.00034880902167071855,0.0,2783,0,0
2025,GS,2025-01-28,2025-02-04,5,637.8,634.18,0.00034880902167071855,0.0,2783,0,0
2025,GS,2025-01-29,2025-01-30,1,637.38,645.7,0.00033835776879895843,0.0,2784,0,0
2025,GS,2025-01-29,2025-02-05,5,637.38,645.45,0.00033835776879895843,0.0,2784,0,0
2025,GS,2025-01-30,2025-01-31,1,645.7,640.4,0.00033325286558807504,0.0,2785,0,0
2025,GS,2025-01-30,2025-02-06,5,645.7,658.22,0.00033325286558807504,0.0,2785,0,0
2025,GS,2025-01-31,2025-02-03,1,640.4,632.37,0.0003252932056939399,0.0,2786,0,0
2025,GS,2025-01-31,2025-02-07,5,640.4,655.9,0.0003252932056939399,0.0,2786,0,0
2025,GS,2025-02-03,2025-02-04,1,632.37,634.18,0.0003203110659100059,0.0,2787,0,0
2025,GS,2025-02-03,2025-02-10,5,632.37,650.53,0.0003203110659100059,0.0,2787,0,0
2025,GS,2025-02-04,2025-02-05,1,634.18,645.45,0.000310946806278946,0.0,2788,0,0
2025,GS,2025-02-04,2025-02-11,5,634.18,647.24,0.000310946806278946,0.0,2788,0,0
2025,GS,2025-02-05,2025-02-06,1,645.45,658.22,0.00031092696654932094,0.0,2789,0,0
2025,GS,2025-02-05,2025-02-12,5,645.45,649.0,0.00031092696654932094,0.0,2789,0,0
2025,GS,2025-02-06,2025-02-07,1,658.22,655.9,0.0003131139331527094,0.0,2790,0,0
2025,GS,2025-02-06,2025-02-13,5,658.22,648.95,0.0003131139331527094,0.0,2790,0,0
2025,GS,2025-02-07,2025-02-10,1,655.9,650.53,0.00030409452933837953,0.0,2791,0,0
2025,GS,2025-02-07,2025-02-14,5,655.9,660.55,0.00030409452933837953,0.0,2791,0,0
2025,GS,2025-02-10,2025-02-11,1,650.53,647.24,0.0002969992007271483,0.0,2792,0,0
2025,GS,2025-02-10,2025-02-18,5,650.53,672.19,0.0002969992007271483,0.0,2792,0,0
2025,GS,2025-02-11,2025-02-12,1,647.24,649.0,0.000288860446761823,0.0,2793,0,0
2025,GS,2025-02-11,2025-02-19,5,647.24,668.15,0.000288860446761823,0.0,2793,0,0
2025,GS,2025-02-12,2025-02-13,1,649.0,648.95,0.0002804158594152805,0.0,2794,0,0
2025,GS,2025-02-12,2025-02-20,5,649.0,642.26,0.0002804158594152805,0.0,2794,0,0
2025,GS,2025-02-13,2025-02-14,1,648.95,660.55,0.00027200356170879655,0.0,2795,0,0
2025,GS,2025-02-13,2025-02-21,5,648.95,625.6,0.00027200356170879655,0.0,2795,0,0
2025,GS,2025-02-14,2025-02-18,1,660.55,672.19,0.0002732603761207866,0.0,2796,0,0
2025,GS,2025-02-14,2025-02-24,5,660.55,626.14,0.0002732603761207866,0.0,2796,0,0
2025,GS,2025-02-18,2025-02-19,1,672.19,668.15,0.00027421672333900326,0.0,2797,0,0
2025,GS,2025-02-18,2025-02-25,5,672.19,614.91,0.00027421672333900326,0.0,2797,0,0
2025,GS,2025-02-19,2025-02-20,1,668.15,642.26,0.00026708044792676593,0.0,2798,0,0
2025,GS,2025-02-19,2025-02-26,5,668.15,617.77,0.00026708044792676593,0.0,2798,0,0
2025,GS,2025-02-20,2025-02-21,1,642.26,625.6,0.00030592174452944066,0.0,2799,0,0
2025,GS,2025-02-20,2025-02-27,5,642.26,608.0,0.00030592174452944066,0.0,2799,0,0
2025,GS,2025-02-21,2025-02-24,1,625.6,626.14,0.0003174664245611142,0.0,2800,0,0
2025,GS,2025-02-21,2025-02-28,5,625.6,622.29,0.0003174664245611142,0.0,2800,0,0
2025,GS,2025-02-24,2025-02-25,1,626.14,614.91,0.0003079647644896457,0.0,2801,0,0
2025,GS,2025-02-24,2025-03-03,5,626.14,605.26,0.0003079647644896457,0.0,2801,0,0
2025,GS,2025-02-25,2025-02-26,1,614.91,617.77,0.000308552028547241,0.0,2802,0,0
2025,GS,2025-02-25,2025-03-04,5,614.91,581.14,0.000308552028547241,0.0,2802,0,0
2025,GS,2025-02-26,2025-02-27,1,617.77,608.0,0.0002999414404015203,0.0,2803,0,0
2025,GS,2025-02-26,2025-03-05,5,617.77,593.07,0.0002999414404015203,0.0,2803,0,0
2025,GS,2025-02-27,2025-02-28,1,608.0,622.29,0.0002985669848441441,0.0,2804,0,0
2025,GS,2025-02-27,2025-03-06,5,608.0,567.67,0.0002985669848441441,0.0,2804,0,0
2025,GS,2025-02-28,2025-03-03,1,622.29,605.26,0.0003058008301283161,0.0,2805,0,0
2025,GS,2025-02-28,2025-03-07,5,622.29,559.67,0.0003058008301283161,0.0,2805,0,0
2025,GS,2025-03-03,2025-03-04,1,605.26,581.14,0.000319725523902169,0.0,2806,0,0
2025,GS,2025-03-03,2025-03-10,5,605.26,531.66,0.000319725523902169,0.0,2806,0,0
2025,GS,2025-03-04,2025-03-05,1,581.14,593.07,0.00035974650453697,0.0,2807,0,0
2025,GS,2025-03-04,2025-03-11,5,581.14,531.43,0.00035974650453697,0.0,2807,0,0
2025,GS,2025-03-05,2025-03-06,1,593.07,567.67,0.0003613420887409339,0.0,2808,0,0
2025,GS,2025-03-05,2025-03-12,5,593.07,535.71,0.0003613420887409339,0.0,2808,0,0
2025,GS,2025-03-06,2025-03-07,1,567.67,559.67,0.00040798191708504383,0.0,2809,0,0
2025,GS,2025-03-06,2025-03-13,5,567.67,524.81,0.00040798191708504383,0.0,2809,0,0
2025,GS,2025-03-07,2025-03-10,1,559.67,531.66,0.0004017856456498358,0.0,2810,0,0
2025,GS,2025-03-07,2025-03-14,5,559.67,541.41,0.0004017856456498358,0.0,2810,0,0
2025,GS,2025-03-10,2025-03-11,1,531.66,531.43,0.00046881560788455316,0.0,2811,0,0
2025,GS,2025-03-10,2025-03-17,5,531.66,551.34,0.00046881560788455316,0.0,2811,0,0
2025,GS,2025-03-11,2025-03-12,1,531.43,535.71,0.000454756756550263,0.0,2812,0,0
2025,GS,2025-03-11,2025-03-18,5,531.43,551.78,0.000454756756550263,0.0,2812,0,0
2025,GS,2025-03-12,2025-03-13,1,535.71,524.81,0.00044304437977845475,0.0,2813,0,0
2025,GS,2025-03-12,2025-03-19,5,535.71,557.34,0.00044304437977845475,0.0,2813,0,0
2025,GS,2025-03-13,2025-03-14,1,524.81,541.41,0.00044243035814287506,0.0,2814,0,0
2025,GS,2025-03-13,2025-03-20,5,524.81,562.68,0.00044243035814287506,0.0,2814,0,0
2025,GS,2025-03-14,2025-03-17,1,541.41,551.34,0.00045824947295825577,0.0,2815,0,0
2025,GS,2025-03-14,2025-03-21,5,541.41,565.14,0.00045824947295825577,0.0,2815,0,0
2025,GS,2025-03-17,2025-03-18,1,551.34,551.78,0.000454411723334404,0.0,2816,0,0
2025,GS,2025-03-17,2025-03-24,5,551.34,580.1,0.000454411723334404,0.0,2816,0,0
2025,GS,2025-03-18,2025-03-19,1,551.78,557.34,0.0004407984631816765,0.0,2817,0,0
2025,GS,2025-03-18,2025-03-25,5,551.78,585.94,0.0004407984631816765,0.0,2817,0,0
2025,GS,2025-03-19,2025-03-20,1,557.34,562.68,0.0004305901599555954,0.0,2818,0,0
2025,GS,2025-03-19,2025-03-26,5,557.34,573.92,0.0004305901599555954,0.0,2818,0,0
2025,GS,2025-03-20,2025-03-21,1,562.68,565.14,0.00042040029448181716,0.0,2819,0,0
2025,GS,2025-03-20,2025-03-27,5,562.68,558.92,0.00042040029448181716,0.0,2819,0,0
2025,GS,2025-03-21,2025-03-24,1,565.14,580.1,0.00040835920301423987,0.0,2820,0,0
2025,GS,2025-03-21,2025-03-28,5,565.14,543.12,0.00040835920301423987,0.0,2820,0,0
2025,GS,2025-03-24,2025-03-25,1,580.1,585.94,0.00041658705338202867,0.0,2821,0,0
2025,GS,2025-03-24,2025-03-31,5,580.1,546.29,0.00041658705338202867,0.0,2821,0,0
2025,GS,2025-03-25,2025-03-26,1,585.94,573.92,0.0004070995860121784,0.0,2822,0,0
2025,GS,2025-03-25,2025-04-01,5,585.94,548.45,0.0004070995860121784,0.0,2822,0,0
2025,GS,2025-03-26,2025-03-27,1,573.92,558.92,0.0004077753287129129,0.0,2823,0,0
2025,GS,2025-03-26,2025-04-02,5,573.92,563.1,0.0004077753287129129,0.0,2823,0,0
2025,GS,2025-03-27,2025-03-28,1,558.92,543.12,0.0004165836019369354,0.0,2824,0,0
2025,GS,2025-03-27,2025-04-03,5,558.92,511.23,0.0004165836019369354,0.0,2824,0,0
2025,GS,2025-03-28,2025-03-31,1,543.12,546.29,0.00042875558676909003,0.0,2825,0,0
2025,GS,2025-03-28,2025-04-04,5,543.12,470.81,0.00042875558676909003,0.0,2825,0,0
2025,GS,2025-03-31,2025-04-01,1,546.29,548.45,0.00041690897952289423,0.0,2826,0,0
2025,GS,2025-03-31,2025-04-07,5,546.29,465.51,0.00041690897952289423,0.0,2826,0,0
2025,GS,2025-04-01,2025-04-02,1,548.45,563.1,0.00040486887255981397,0.0,2827,0,0
2025,GS,2025-04-01,2025-04-08,5,548.45,462.22,0.00040486887255981397,0.0,2827,0,0
2025,GS,2025-04-02,2025-04-03,1,563.1,511.23,0.00041357005696042426,0.0,2828,0,0
2025,GS,2025-04-02,2025-04-09,5,563.1,516.87,0.00041357005696042426,0.0,2828,0,0
2025,GS,2025-04-03,2025-04-04,1,511.23,470.81,0.0006813279909295073,0.0,2829,0,0
2025,GS,2025-04-03,2025-04-10,5,511.23,489.8,0.0006813279909295073,0.0,2829,0,0
2025,GS,2025-04-04,2025-04-07,1,470.81,465.51,0.0008644078055511108,0.0,2830,0,0
2025,GS,2025-04-04,2025-04-11,5,470.81,494.44,0.0008644078055511108,0.0,2830,0,0
2025,GS,2025-04-07,2025-04-08,1,465.51,462.22,0.0008423205476377724,0.0,2831,0,0
2025,GS,2025-04-07,2025-04-14,5,465.51,503.98,0.0008423205476377724,0.0,2831,0,0
2025,GS,2025-04-08,2025-04-09,1,462.22,516.87,0.0008185600849403253,0.0,2832,0,0
2025,GS,2025-04-08,2025-04-15,5,462.22,507.89,0.0008185600849403253,0.0,2832,0,0
2025,GS,2025-04-09,2025-04-10,1,516.87,489.8,0.0011686480002987317,0.0,2833,0,0
2025,GS,2025-04-09,2025-04-16,5,516.87,499.05,0.0011686480002987317,0.0,2833,0,0
2025,GS,2025-04-10,2025-04-11,1,489.8,494.44,0.0012204031928398254,0.0,2834,0,0
2025,GS,2025-04-10,2025-04-17,5,489.8,509.49,0.0012204031928398254,0.0,2834,0,0
2025,GS,2025-04-11,2025-04-14,1,494.44,503.98,0.0011864580884831171,0.0,2835,0,0
2025,GS,2025-04-11,2025-04-21,5,494.44,501.36,0.0011864580884831171,0.0,2835,0,0
2025,GS,2025-04-14,2025-04-15,1,503.98,507.89,0.0011618209982926068,0.0,2836,0,0
2025,GS,2025-04-14,2025-04-22,5,503.98,519.99,0.0011618209982926068,0.0,2836,0,0
2025,GS,2025-04-15,2025-04-16,1,507.89,499.05,0.001128758168803952,0.0,2837,0,0
2025,GS,2025-04-15,2025-04-23,5,507.89,529.31,0.001128758168803952,0.0,2837,0,0
2025,GS,2025-04-16,2025-04-17,1,499.05,509.49,0.0011041445541939898,0.0,2838,0,0
2025,GS,2025-04-16,2025-04-24,5,499.05,545.37,0.0011041445541939898,0.0,2838,0,0
2025,GS,2025-04-17,2025-04-21,1,509.49,501.36,0.0010838798043737432,0.0,2839,0,0
2025,GS,2025-04-17,2025-04-25,5,509.49,544.86,0.0010838798043737432,0.0,2839,0,0
2025,GS,2025-04-21,2025-04-22,1,501.36,519.99,0.0010591260178815986,0.0,2840,0,0
2025,GS,2025-04-21,2025-04-28,5,501.36,546.4,0.0010591260178815986,0.0,2840,0,0
2025,GS,2025-04-22,2025-04-23,1,519.99,529.31,0.0010672872765425821,0.0,2841,0,0
2025,GS,2025-04-22,2025-04-29,5,519.99,548.92,0.0010672872765425821,0.0,2841,0,0
2025,GS,2025-04-23,2025-04-24,1,529.31,545.37,0.001044736185573747,0.0,2842,0,0
2025,GS,2025-04-23,2025-04-30,5,529.31,547.55,0.001044736185573747,0.0,2842,0,0
2025,GS,2025-04-24,2025-04-25,1,545.37,544.86,0.0010401968070449243,0.0,2843,0,0
2025,GS,2025-04-24,2025-05-01,5,545.37,553.83,0.0010401968070449243,0.0,2843,0,0
2025,GS,2025-04-25,2025-04-28,1,544.86,546.4,0.0010090171622702255,0.0,2844,0,0
2025,GS,2025-04-25,2025-05-02,5,544.86,566.1,0.0010090171622702255,0.0,2844,0,0
2025,GS,2025-04-28,2025-04-29,1,546.4,548.92,0.000978985630282569,0.0,2845,0,0
2025,GS,2025-04-28,2025-05-05,5,546.4,559.56,0.000978985630282569,0.0,2845,0,0
2025,GS,2025-04-29,2025-04-30,1,548.92,547.55,0.0009502512487011355,0.0,2846,0,0
2025,GS,2025-04-29,2025-05-06,5,548.92,549.36,0.0009502512487011355,0.0,2846,0,0
2025,GS,2025-04-30,2025-05-01,1,547.55,553.83,0.0009219310507264186,0.0,2847,0,0
2025,GS,2025-04-30,2025-05-07,5,547.55,551.92,0.0009219310507264186,0.0,2847,0,0
2025,GS,2025-05-01,2025-05-02,1,553.83,566.1,0.0008981746548148337,0.0,2848,0,0
2025,GS,2025-05-01,2025-05-08,5,553.83,565.7,0.0008981746548148337,0.0,2848,0,0
2025,GS,2025-05-02,2025-05-05,1,566.1,559.56,0.0008856347504276198,0.0,2849,0,0
2025,GS,2025-05-02,2025-05-09,5,566.1,567.1,0.0008856347504276198,0.0,2849,0,0
2025,GS,2025-05-05,2025-05-06,1,559.56,549.36,0.0008631164262736556,0.0,2850,0,0
2025,GS,2025-05-05,2025-05-12,5,559.56,591.34,0.0008631164262736556,0.0,2850,0,0
2025,GS,2025-05-06,2025-05-07,1,549.36,551.92,0.0008473761969039304,0.0,2851,0,0
2025,GS,2025-05-06,2025-05-13,5,549.36,603.81,0.0008473761969039304,0.0,2851,0,0
2025,GS,2025-05-07,2025-05-08,1,551.92,565.7,0.000822603347173994,0.0,2852,0,0
2025,GS,2025-05-07,2025-05-14,5,551.92,611.6,0.000822603347173994,0.0,2852,0,0
2025,GS,2025-05-08,2025-05-09,1,565.7,567.1,0.0008161698897447083,0.0,2853,0,0
2025,GS,2025-05-08,2025-05-15,5,565.7,615.9,0.0008161698897447083,0.0,2853,0,0
2025,GS,2025-05-09,2025-05-12,1,567.1,591.34,0.0007918680798903459,0.0,2854,0,0
2025,GS,2025-05-09,2025-05-16,5,567.1,619.03,0.0007918680798903459,0.0,2854,0,0
2025,GS,2025-05-12,2025-05-13,1,591.34,603.81,0.00082066850651028,0.0,2855,0,0
2025,GS,2025-05-12,2025-05-19,5,591.34,612.3,0.00082066850651028,0.0,2855,0,0
2025,GS,2025-05-13,2025-05-14,1,603.81,611.6,0.0008091131934566273,0.0,2856,0,0
2025,GS,2025-05-13,2025-05-20,5,603.81,606.52,0.0008091131934566273,0.0,2856,0,0
2025,GS,2025-05-14,2025-05-15,1,611.6,615.9,0.000789769519834231,0.0,2857,0,0
2025,GS,2025-05-14,2025-05-21,5,611.6,593.46,0.000789769519834231,0.0,2857,0,0
2025,GS,2025-05-15,2025-05-16,1,615.9,619.03,0.0007675490135976883,0.0,2858,0,0
2025,GS,2025-05-15,2025-05-22,5,615.9,598.23,0.0007675490135976883,0.0,2858,0,0
2025,GS,2025-05-16,2025-05-19,1,619.03,612.3,0.0007452934237590525,0.0,2859,0,0
2025,GS,2025-05-16,2025-05-23,5,619.03,598.54,0.0007452934237590525,0.0,2859,0,0
2025,GS,2025-05-19,2025-05-20,1,612.3,606.52,0.0007265194719877183,0.0,2860,0,0
2025,GS,2025-05-19,2025-05-27,5,612.3,615.73,0.0007265194719877183,0.0,2860,0,0
2025,GS,2025-05-20,2025-05-21,1,606.52,593.46,0.0007074226479867378,0.0,2861,0,0
2025,GS,2025-05-20,2025-05-28,5,606.52,608.44,0.0007074226479867378,0.0,2861,0,0
2025,GS,2025-05-21,2025-05-22,1,593.46,598.23,0.0007004151982311537,0.0,2862,0,0
2025,GS,2025-05-21,2025-05-29,5,593.46,604.86,0.0007004151982311537,0.0,2862,0,0
2025,GS,2025-05-22,2025-05-23,1,598.23,598.54,0.0006813253737820205,0.0,2863,0,0
2025,GS,2025-05-22,2025-05-30,5,598.23,600.45,0.0006813253737820205,0.0,2863,0,0
2025,GS,2025-05-23,2025-05-27,1,598.54,615.73,0.0006608936641884707,0.0,2864,0,0
2025,GS,2025-05-23,2025-06-02,5,598.54,598.72,0.0006608936641884707,0.0,2864,0,0
2025,GS,2025-05-27,2025-05-28,1,615.73,608.44,0.0006651193695075415,0.0,2865,0,0
2025,GS,2025-05-27,2025-06-03,5,615.73,603.83,0.0006651193695075415,0.0,2865,0,0
2025,GS,2025-05-28,2025-05-29,1,608.44,604.86,0.0006494214110139229,0.0,2866,0,0
2025,GS,2025-05-28,2025-06-04,5,608.44,599.21,0.0006494214110139229,0.0,2866,0,0
2025,GS,2025-05-29,2025-05-30,1,604.86,600.45,0.0006309835211974868,0.0,2867,0,0
2025,GS,2025-05-29,2025-06-05,5,604.86,605.88,0.0006309835211974868,0.0,2867,0,0
2025,GS,2025-05-30,2025-06-02,1,600.45,598.72,0.0006136604565675528,0.0,2868,0,0
2025,GS,2025-05-30,2025-06-06,5,600.45,614.0,0.0006136604565675528,0.0,2868,0,0
2025,GS,2025-06-02,2025-06-03,1,598.72,603.83,0.000595500396923543,0.0,2869,0,0
2025,GS,2025-06-02,2025-06-09,5,598.72,613.52,0.000595500396923543,0.0,2869,0,0
2025,GS,2025-06-03,2025-06-04,1,603.83,599.21,0.000579802200792136,0.0,2870,0,0
2025,GS,2025-06-03,2025-06-10,5,603.83,614.87,0.000579802200792136,0.0,2870,0,0
2025,GS,2025-06-04,2025-06-05,1,599.21,605.88,0.0005641778742186969,0.0,2871,0,0
2025,GS,2025-06-04,2025-06-11,5,599.21,624.17,0.0005641778742186969,0.0,2871,0,0
2025,GS,2025-06-05,2025-06-06,1,605.88,614.0,0.0005509287692073891,0.0,2872,0,0
2025,GS,2025-06-05,2025-06-12,5,605.88,625.11,0.0005509287692073891,0.0,2872,0,0
2025,GS,2025-06-06,2025-06-09,1,614.0,613.52,0.0005397179704144162,0.0,2873,0,0
2025,GS,2025-06-06,2025-06-13,5,614.0,613.54,0.0005397179704144162,0.0,2873,0,0
2025,GS,2025-06-09,2025-06-10,1,613.52,614.87,0.0005235447800573894,0.0,2874,0,0
2025,GS,2025-06-09,2025-06-16,5,613.52,627.85,0.0005235447800573894,0.0,2874,0,0
2025,GS,2025-06-10,2025-06-11,1,614.87,624.17,0.000507983372761391,0.0,2875,0,0
2025,GS,2025-06-10,2025-06-17,5,614.87,624.64,0.000507983372761391,0.0,2875,0,0
2025,GS,2025-06-11,2025-06-12,1,624.17,625.11,0.0004995045892627082,0.0,2876,0,0
2025,GS,2025-06-11,2025-06-18,5,624.17,635.24,0.0004995045892627082,0.0,2876,0,0
2025,GS,2025-06-12,2025-06-13,1,625.11,613.54,0.0004845873903333379,0.0,2877,0,0
2025,GS,2025-06-12,2025-06-20,5,625.11,640.8,0.0004845873903333379,0.0,2877,0,0
2025,GS,2025-06-13,2025-06-16,1,613.54,627.85,0.00048052047575971354,0.0,2878,0,0
2025,GS,2025-06-13,2025-06-23,5,613.54,646.88,0.00048052047575971354,0.0,2878,0,0
2025,GS,2025-06-16,2025-06-17,1,627.85,624.64,0.0004820519903471237,0.0,2879,0,0
2025,GS,2025-06-16,2025-06-24,5,627.85,662.11,0.0004820519903471237,0.0,2879,0,0
2025,GS,2025-06-17,2025-06-18,1,624.64,635.24,0.00046837864560590845,0.0,2880,0,0
2025,GS,2025-06-17,2025-06-25,5,624.64,669.87,0.00046837864560590845,0.0,2880,0,0
2025,GS,2025-06-18,2025-06-20,1,635.24,640.8,0.0004628221243841433,0.0,2881,0,0
2025,GS,2025-06-18,2025-06-26,5,635.24,687.16,0.0004628221243841433,0.0,2881,0,0
2025,GS,2025-06-20,2025-06-23,1,640.8,646.88,0.00045121574407073063,0.0,2882,0,0
2025,GS,2025-06-20,2025-06-27,5,640.8,690.81,0.00045121574407073063,0.0,2882,0,0
2025,GS,2025-06-23,2025-06-24,1,646.88,662.11,0.0004403546115998195,0.0,2883,0,0
2025,GS,2025-06-23,2025-06-30,5,646.88,707.75,0.0004403546115998195,0.0,2883,0,0
2025,GS,2025-06-24,2025-06-25,1,662.11,669.87,0.00044339001599460223,0.0,2884,0,0
2025,GS,2025-06-24,2025-07-01,5,662.11,706.46,0.00044339001599460223,0.0,2884,0,0
2025,GS,2025-06-25,2025-06-26,1,669.87,687.16,0.00043416135957421694,0.0,2885,0,0
2025,GS,2025-06-25,2025-07-02,5,669.87,715.89,0.00043416135957421694,0.0,2885,0,0
2025,GS,2025-06-26,2025-06-27,1,687.16,690.81,0.0004406187789732361,0.0,2886,0,0
2025,GS,2025-06-26,2025-07-03,5,687.16,723.68,0.0004406187789732361,0.0,2886,0,0
2025,GS,2025-06-27,2025-06-30,1,690.81,707.75,0.00042824217176890065,0.0,2887,0,0
2025,GS,2025-06-27,2025-07-07,5,690.81,710.93,0.00042824217176890065,0.0,2887,0,0
2025,GS,2025-06-30,2025-07-01,1,707.75,706.46,0.00043300202694758494,0.0,2888,0,0
2025,GS,2025-06-30,2025-07-08,5,707.75,697.28,0.00043300202694758494,0.0,2888,0,0
2025,GS,2025-07-01,2025-07-02,1,706.46,715.89,0.0004201118126975642,0.0,2889,0,0
2025,GS,2025-07-01,2025-07-09,5,706.46,696.56,0.0004201118126975642,0.0,2889,0,0
2025,GS,2025-07-02,2025-07-03,1,715.89,723.68,0.00041278323896115453,0.0,2890,0,0
2025,GS,2025-07-02,2025-07-10,5,715.89,709.12,0.00041278323896115453,0.0,2890,0,0
2025,GS,2025-07-03,2025-07-07,1,723.68,710.93,0.0004039137200055904,0.0,2891,0,0
2025,GS,2025-07-03,2025-07-11,5,723.68,704.95,0.0004039137200055904,0.0,2891,0,0
2025,GS,2025-07-07,2025-07-08,1,710.93,697.28,0.00040127518300326877,0.0,2892,0,0
2025,GS,2025-07-07,2025-07-14,5,710.93,713.3,0.00040127518300326877,0.0,2892,0,0
2025,GS,2025-07-08,2025-07-09,1,697.28,696.56,0.0004005125078944083,0.0,2893,0,0
2025,GS,2025-07-08,2025-07-15,5,697.28,702.51,0.0004005125078944083,0.0,2893,0,0
2025,GS,2025-07-09,2025-07-10,1,696.56,709.12,0.0003885291525942691,0.0,2894,0,0
2025,GS,2025-07-09,2025-07-16,5,696.56,708.82,0.0003885291525942691,0.0,2894,0,0
2025,GS,2025-07-10,2025-07-11,1,709.12,704.95,0.0003864542751330056,0.0,2895,0,0
2025,GS,2025-07-10,2025-07-17,5,709.12,705.84,0.0003864542751330056,0.0,2895,0,0
2025,GS,2025-07-11,2025-07-14,1,704.95,713.3,0.0003759041987871123,0.0,2896,0,0
2025,GS,2025-07-11,2025-07-18,5,704.95,708.26,0.0003759041987871123,0.0,2896,0,0
2025,GS,2025-07-14,2025-07-15,1,713.3,702.51,0.0003687867406269918,0.0,2897,0,0
2025,GS,2025-07-14,2025-07-21,5,713.3,706.0,0.0003687867406269918,0.0,2897,0,0
2025,GS,2025-07-15,2025-07-16,1,702.51,708.82,0.00036469310988805647,0.0,2898,0,0
2025,GS,2025-07-15,2025-07-22,5,702.51,700.41,0.00036469310988805647,0.0,2898,0,0
2025,GS,2025-07-16,2025-07-17,1,708.82,705.84,0.0003561510865744916,0.0,2899,0,0
2025,GS,2025-07-16,2025-07-23,5,708.82,717.52,0.0003561510865744916,0.0,2899,0,0
2025,GS,2025-07-17,2025-07-18,1,705.84,708.26,0.000345999043308955,0.0,2900,0,0
2025,GS,2025-07-17,2025-07-24,5,705.84,719.18,0.000345999043308955,0.0,2900,0,0
2025,GS,2025-07-18,2025-07-21,1,708.26,706.0,0.0003359705131354341,0.0,2901,0,0
2025,GS,2025-07-18,2025-07-25,5,708.26,728.98,0.0003359705131354341,0.0,2901,0,0
2025,GS,2025-07-21,2025-07-22,1,706.0,700.41,0.0003261978341382467,0.0,2902,0,0
2025,GS,2025-07-21,2025-07-28,5,706.0,723.65,0.0003261978341382467,0.0,2902,0,0
2025,GS,2025-07-22,2025-07-23,1,700.41,717.52,0.0003183076686688556,0.0,2903,0,0
2025,GS,2025-07-22,2025-07-29,5,700.41,731.98,0.0003183076686688556,0.0,2903,0,0
2025,GS,2025-07-23,2025-07-24,1,717.52,719.18,0.00032623330418461325,0.0,2904,0,0
2025,GS,2025-07-23,2025-07-30,5,717.52,730.75,0.00032623330418461325,0.0,2904,0,0
2025,GS,2025-07-24,2025-07-25,1,719.18,728.98,0.00031660650620752423,0.0,2905,0,0
2025,GS,2025-07-24,2025-07-31,5,719.18,723.59,0.00031660650620752423,0.0,2905,0,0
2025,GS,2025-07-25,2025-07-28,1,728.98,723.65,0.0003126038913666914,0.0,2906,0,0
2025,GS,2025-07-25,2025-08-01,5,728.98,709.57,0.0003126038913666914,0.0,2906,0,0
2025,GS,2025-07-28,2025-07-29,1,723.65,731.98,0.00030484135862759407,0.0,2907,0,0
2025,GS,2025-07-28,2025-08-04,5,723.65,726.03,0.00030484135862759407,0.0,2907,0,0
2025,GS,2025-07-29,2025-07-30,1,731.98,730.75,0.0002996259928556699,0.0,2908,0,0
2025,GS,2025-07-29,2025-08-05,5,731.98,720.91,0.0002996259928556699,0.0,2908,0,0
2025,GS,2025-07-30,2025-07-31,1,730.75,723.59,0.0002907220653148074,0.0,2909,0,0
2025,GS,2025-07-30,2025-08-06,5,730.75,724.74,0.0002907220653148074,0.0,2909,0,0
2025,GS,2025-07-31,2025-08-01,1,723.59,709.57,0.00028490899270930316,0.0,2910,0,0
2025,GS,2025-07-31,2025-08-07,5,723.59,719.74,0.00028490899270930316,0.0,2910,0,0
2025,GS,2025-08-01,2025-08-04,1,709.57,726.03,0.00028784631636359534,0.0,2911,0,0
2025,GS,2025-08-01,2025-08-08,5,709.57,721.27,0.00028784631636359534,0.0,2911,0,0
2025,GS,2025-08-04,2025-08-05,1,726.03,720.91,0.000294987478106376,0.0,2912,0,0
2025,GS,2025-08-04,2025-08-11,5,726.03,719.24,0.000294987478106376,0.0,2912,0,0
2025,GS,2025-08-05,2025-08-06,1,720.91,724.74,0.0002876403858245819,0.0,2913,0,0
2025,GS,2025-08-05,2025-08-12,5,720.91,743.38,0.0002876403858245819,0.0,2913,0,0
2025,GS,2025-08-06,2025-08-07,1,724.74,719.74,0.00027985345040325884,0.0,2914,0,0
2025,GS,2025-08-06,2025-08-13,5,724.74,744.69,0.00027985345040325884,0.0,2914,0,0
2025,GS,2025-08-07,2025-08-08,1,719.74,721.27,0.00027289565741373944,0.0,2915,0,0
2025,GS,2025-08-07,2025-08-14,5,719.74,747.2,0.00027289565741373944,0.0,2915,0,0
2025,GS,2025-08-08,2025-08-11,1,721.27,719.24,0.0002648440667101873,0.0,2916,0,0
2025,GS,2025-08-08,2025-08-15,5,721.27,730.72,0.0002648440667101873,0.0,2916,0,0
2025,GS,2025-08-11,2025-08-12,1,719.24,743.38,0.0002571370542014226,0.0,2917,0,0
2025,GS,2025-08-11,2025-08-18,5,719.24,730.96,0.0002571370542014226,0.0,2917,0,0
2025,GS,2025-08-12,2025-08-13,1,743.38,744.69,0.00028211721222075326,0.0,2918,0,0
2025,GS,2025-08-12,2025-08-19,5,743.38,721.38,0.00028211721222075326,0.0,2918,0,0
2025,GS,2025-08-13,2025-08-14,1,744.69,747.2,0.0002737466946529583,0.0,2919,0,0
2025,GS,2025-08-13,2025-08-20,5,744.69,720.68,0.0002737466946529583,0.0,2919,0,0
2025,GS,2025-08-14,2025-08-15,1,747.2,730.72,0.0002658739628055786,0.0,2920,0,0
2025,GS,2025-08-14,2025-08-21,5,747.2,715.95,0.0002658739628055786,0.0,2920,0,0
2025,GS,2025-08-15,2025-08-18,1,730.72,730.96,0.00027281983926006427,0.0,2921,0,0
2025,GS,2025-08-15,2025-08-22,5,730.72,741.89,0.00027281983926006427,0.0,2921,0,0
2025,GS,2025-08-18,2025-08-19,1,730.96,721.38,0.0002646384792673202,0.0,2922,0,0
2025,GS,2025-08-18,2025-08-25,5,730.96,738.79,0.0002646384792673202,0.0,2922,0,0
2025,GS,2025-08-19,2025-08-20,1,721.38,720.68,0.0002619207405150113,0.0,2923,0,0
2025,GS,2025-08-19,2025-08-26,5,721.38,748.95,0.0002619207405150113,0.0,2923,0,0
2025,GS,2025-08-20,2025-08-21,1,720.68,715.95,0.0002540913938282021,0.0,2924,0,0
2025,GS,2025-08-20,2025-08-27,5,720.68,749.67,0.0002540913938282021,0.0,2924,0,0
2025,GS,2025-08-21,2025-08-22,1,715.95,741.89,0.00024776947080951687,0.0,2925,0,0
2025,GS,2025-08-21,2025-08-28,5,715.95,751.22,0.00024776947080951687,0.0,2925,0,0
2025,GS,2025-08-22,2025-08-25,1,741.89,738.79,0.0002783372221477205,0.0,2926,0,0
2025,GS,2025-08-22,2025-08-29,5,741.89,745.25,0.0002783372221477205,0.0,2926,0,0
2025,GS,2025-08-25,2025-08-26,1,738.79,748.95,0.00027051310274378175,0.0,2927,0,0
2025,GS,2025-08-25,2025-09-02,5,738.79,730.85,0.00027051310274378175,0.0,2927,0,0
2025,GS,2025-08-26,2025-08-27,1,748.95,749.67,0.00026799435885489184,0.0,2928,0,0
2025,GS,2025-08-26,2025-09-03,5,748.95,730.56,0.00026799435885489184,0.0,2928,0,0
2025,GS,2025-08-27,2025-08-28,1,749.67,751.22,0.0002599822270361175,0.0,2929,0,0
2025,GS,2025-08-27,2025-09-04,5,749.67,748.9,0.0002599822270361175,0.0,2929,0,0
2025,GS,2025-08-28,2025-08-29,1,751.22,745.25,0.00025231074173302656,0.0,2930,0,0
2025,GS,2025-08-28,2025-09-05,5,751.22,738.21,0.00025231074173302656,0.0,2930,0,0
2025,GS,2025-08-29,2025-09-02,1,745.25,730.85,0.0002466512660838311,0.0,2931,0,0
2025,GS,2025-08-29,2025-09-08,5,745.25,741.85,0.0002466512660838311,0.0,2931,0,0
2025,GS,2025-09-02,2025-09-03,1,730.85,730.56,0.0002506726779642203,0.0,2932,0,0
2025,GS,2025-09-02,2025-09-09,5,730.85,763.92,0.0002506726779642203,0.0,2932,0,0
2025,GS,2025-09-03,2025-09-04,1,730.56,748.9,0.00024315722296574163,0.0,2933,0,0
2025,GS,2025-09-03,2025-09-10,5,730.56,769.58,0.00024315722296574163,0.0,2933,0,0
2025,GS,2025-09-04,2025-09-05,1,748.9,738.21,0.0002543049279929693,0.0,2934,0,0
2025,GS,2025-09-04,2025-09-11,5,748.9,784.73,0.0002543049279929693,0.0,2934,0,0
2025,GS,2025-09-05,2025-09-08,1,738.21,741.85,0.0002528768329611806,0.0,2935,0,0
2025,GS,2025-09-05,2025-09-12,5,738.21,780.06,0.0002528768329611806,0.0,2935,0,0
2025,GS,2025-09-08,2025-09-09,1,741.85,763.92,0.0002460163449480052,0.0,2936,0,0
2025,GS,2025-09-08,2025-09-15,5,741.85,786.76,0.0002460163449480052,0.0,2936,0,0
2025,GS,2025-09-09,2025-09-10,1,763.92,769.58,0.0002644186995055649,0.0,2937,0,0
2025,GS,2025-09-09,2025-09-16,5,763.92,785.53,0.0002644186995055649,0.0,2937,0,0
2025,GS,2025-09-10,2025-09-11,1,769.58,784.73,0.00025812088530570486,0.0,2938,0,0
2025,GS,2025-09-10,2025-09-17,5,769.58,794.22,0.00025812088530570486,0.0,2938,0,0
2025,GS,2025-09-11,2025-09-12,1,784.73,780.06,0.00026177867331889906,0.0,2939,0,0
2025,GS,2025-09-11,2025-09-18,5,784.73,804.31,0.00026177867331889906,0.0,2939,0,0
2025,GS,2025-09-12,2025-09-15,1,780.06,786.76,0.00025499413530985987,0.0,2940,0,0
2025,GS,2025-09-12,2025-09-19,5,780.06,805.0,0.00025499413530985987,0.0,2940,0,0
2025,GS,2025-09-15,2025-09-16,1,786.76,785.53,0.00024953862099962693,0.0,2941,0,0
2025,GS,2025-09-15,2025-09-22,5,786.76,805.56,0.00024953862099962693,0.0,2941,0,0
2025,GS,2025-09-16,2025-09-17,1,785.53,794.22,0.00024212590129980897,0.0,2942,0,0
2025,GS,2025-09-16,2025-09-23,5,785.53,806.32,0.00024212590129980897,0.0,2942,0,0
2025,GS,2025-09-17,2025-09-18,1,794.22,804.31,0.00023849334652074216,0.0,2943,0,0
2025,GS,2025-09-17,2025-09-24,5,794.22,792.43,0.00023849334652074216,0.0,2943,0,0
2025,GS,2025-09-18,2025-09-19,1,804.31,805.0,0.0002361197089246853,0.0,2944,0,0
2025,GS,2025-09-18,2025-09-25,5,804.31,794.76,0.0002361197089246853,0.0,2944,0,0
2025,GS,2025-09-19,2025-09-22,1,805.0,805.56,0.00022905817738025494,0.0,2945,0,0
2025,GS,2025-09-19,2025-09-26,5,805.0,802.51,0.00022905817738025494,0.0,2945,0,0
2025,GS,2025-09-22,2025-09-23,1,805.56,806.32,0.00022220093992424622,0.0,2946,0,0
2025,GS,2025-09-22,2025-09-29,5,805.56,804.12,0.00022220093992424622,0.0,2946,0,0
2025,GS,2025-09-23,2025-09-24,1,806.32,792.43,0.00021556158910078342,0.0,2947,0,0
2025,GS,2025-09-23,2025-09-30,5,806.32,796.35,0.00021556158910078342,0.0,2947,0,0
2025,GS,2025-09-24,2025-09-25,1,792.43,794.76,0.00021815303678998201,0.0,2948,0,0
2025,GS,2025-09-24,2025-10-01,5,792.43,785.51,0.00021815303678998201,0.0,2948,0,0
2025,GS,2025-09-25,2025-09-26,1,794.76,802.51,0.0002118670500654621,0.0,2949,0,0
2025,GS,2025-09-25,2025-10-02,5,794.76,779.38,0.0002118670500654621,0.0,2949,0,0
2025,GS,2025-09-26,2025-09-29,1,802.51,804.12,0.0002083361448900083,0.0,2950,0,0
2025,GS,2025-09-26,2025-10-03,5,802.51,789.98,0.0002083361448900083,0.0,2950,0,0
2025,GS,2025-09-29,2025-09-30,1,804.12,796.35,0.0002022065645659298,0.0,2951,0,0
2025,GS,2025-09-29,2025-10-06,5,804.12,796.78,0.0002022065645659298,0.0,2951,0,0
2025,GS,2025-09-30,2025-10-01,1,796.35,785.51,0.0001989687298774996,0.0,2952,0,0
2025,GS,2025-09-30,2025-10-07,5,796.35,789.65,0.0001989687298774996,0.0,2952,0,0
2025,GS,2025-10-01,2025-10-02,1,785.51,779.38,0.00019863497157791805,0.0,2953,0,0
2025,GS,2025-10-01,2025-10-08,5,785.51,776.51,0.00019863497157791805,0.0,2953,0,0
2025,GS,2025-10-02,2025-10-03,1,779.38,789.98,0.00019451728371299118,0.0,2954,0,0
2025,GS,2025-10-02,2025-10-09,5,779.38,779.96,0.00019451728371299118,0.0,2954,0,0
2025,GS,2025-10-03,2025-10-06,1,789.98,796.78,0.00019415647404435817,0.0,2955,0,0
2025,GS,2025-10-03,2025-10-10,5,789.98,764.36,0.00019415647404435817,0.0,2955,0,0
2025,GS,2025-10-06,2025-10-07,1,796.78,789.65,0.00019053562915762216,0.0,2956,0,0
2025,GS,2025-10-06,2025-10-13,5,796.78,786.78,0.00019053562915762216,0.0,2956,0,0
2025,GS,2025-10-07,2025-10-08,1,789.65,776.51,0.00018724351401697915,0.0,2957,0,0
2025,GS,2025-10-07,2025-10-14,5,789.65,770.76,0.00018724351401697915,0.0,2957,0,0
2025,GS,2025-10-08,2025-10-09,1,776.51,779.96,0.0001900735510710182,0.0,2958,0,0
2025,GS,2025-10-08,2025-10-15,5,776.51,767.93,0.0001900735510710182,0.0,2958,0,0
2025,GS,2025-10-09,2025-10-10,1,779.96,764.36,0.00018496091993303797,0.0,2959,0,0
2025,GS,2025-10-09,2025-10-16,5,779.96,758.09,0.00018496091993303797,0.0,2959,0,0
2025,GS,2025-10-10,2025-10-13,1,764.36,786.78,0.00019165784253819896,0.0,2960,0,0
2025,GS,2025-10-10,2025-10-17,5,764.36,750.77,0.00019165784253819896,0.0,2960,0,0
2025,GS,2025-10-13,2025-10-14,1,786.78,770.76,0.00021098137628059498,0.0,2961,0,0
2025,GS,2025-10-13,2025-10-20,5,786.78,763.32,0.00021098137628059498,0.0,2961,0,0
2025,GS,2025-10-14,2025-10-15,1,770.76,767.93,0.00021734768852729727,0.0,2962,0,0
2025,GS,2025-10-14,2025-10-21,5,770.76,758.98,0.00021734768852729727,0.0,2962,0,0
2025,GS,2025-10-15,2025-10-16,1,767.93,758.09,0.00021123318944656593,0.0,2963,0,0
2025,GS,2025-10-15,2025-10-22,5,767.93,744.6,0.00021123318944656593,0.0,2963,0,0
2025,GS,2025-10-16,2025-10-17,1,758.09,750.77,0.00020988576273486194,0.0,2964,0,0
2025,GS,2025-10-16,2025-10-23,5,758.09,750.78,0.00020988576273486194,0.0,2964,0,0
2025,GS,2025-10-17,2025-10-20,1,750.77,763.32,0.00020641349964290178,0.0,2965,0,0
2025,GS,2025-10-17,2025-10-24,5,750.77,783.88,0.00020641349964290178,0.0,2965,0,0
2025,GS,2025-10-20,2025-10-21,1,763.32,758.98,0.00020846599114930924,0.0,2966,0,0
2025,GS,2025-10-20,2025-10-27,5,763.32,789.99,0.00020846599114930924,0.0,2966,0,0
2025,GS,2025-10-21,2025-10-22,1,758.98,744.6,0.00020318736607557674,0.0,2967,0,0
2025,GS,2025-10-21,2025-10-28,5,758.98,792.09,0.00020318736607557674,0.0,2967,0,0
2025,GS,2025-10-22,2025-10-23,1,744.6,750.78,0.00020806846092127947,0.0,2968,0,0
2025,GS,2025-10-22,2025-10-29,5,744.6,783.06,0.00020806846092127947,0.0,2968,0,0
2025,GS,2025-10-23,2025-10-24,1,750.78,783.88,0.0002038759641153505,0.0,2969,0,0
2025,GS,2025-10-23,2025-10-30,5,750.78,790.16,0.0002038759641153505,0.0,2969,0,0
2025,GS,2025-10-24,2025-10-27,1,783.88,789.99,0.0002535999668469222,0.0,2970,0,0
2025,GS,2025-10-24,2025-10-31,5,783.88,789.37,0.0002535999668469222,0.0,2970,0,0
2025,GS,2025-10-27,2025-10-28,1,789.99,792.09,0.0002478005169905069,0.0,2971,0,0
2025,GS,2025-10-27,2025-11-03,5,789.99,785.52,0.0002478005169905069,0.0,2971,0,0
2025,GS,2025-10-28,2025-10-29,1,792.09,783.06,0.00024057792994972097,0.0,2972,0,0
2025,GS,2025-10-28,2025-11-04,5,792.09,790.83,0.00024057792994972097,0.0,2972,0,0
2025,GS,2025-10-29,2025-10-30,1,783.06,790.16,0.00023730446056225172,0.0,2973,0,0
2025,GS,2025-10-29,2025-11-05,5,783.06,793.09,0.00023730446056225172,0.0,2973,0,0
2025,GS,2025-10-30,2025-10-31,1,790.16,789.37,0.0002326294602407181,0.0,2974,0,0
2025,GS,2025-10-30,2025-11-06,5,790.16,787.58,0.0002326294602407181,0.0,2974,0,0
2025,GS,2025-10-31,2025-11-03,1,789.37,785.52,0.00022568059429457082,0.0,2975,0,0
2025,GS,2025-10-31,2025-11-07,5,789.37,786.34,0.00022568059429457082,0.0,2975,0,0
2025,GS,2025-11-03,2025-11-04,1,785.52,790.83,0.00021962731652797502,0.0,2976,0,0
2025,GS,2025-11-03,2025-11-10,5,785.52,797.2,0.00021962731652797502,0.0,2976,0,0
2025,GS,2025-11-04,2025-11-05,1,790.83,793.09,0.00021440015575134816,0.0,2977,0,0
2025,GS,2025-11-04,2025-11-11,5,790.83,810.31,0.00021440015575134816,0.0,2977,0,0
2025,GS,2025-11-05,2025-11-06,1,793.09,787.58,0.00020821245600741525,0.0,2978,0,0
2025,GS,2025-11-05,2025-11-12,5,793.09,838.97,0.00020821245600741525,0.0,2978,0,0
2025,GS,2025-11-06,2025-11-07,1,787.58,786.34,0.00020342424353526746,0.0,2979,0,0
2025,GS,2025-11-06,2025-11-13,5,787.58,805.5,0.00020342424353526746,0.0,2979,0,0
2025,GS,2025-11-07,2025-11-10,1,786.34,797.2,0.00019739599962835153,0.0,2980,0,0
2025,GS,2025-11-07,2025-11-14,5,786.34,790.91,0.00019739599962835153,0.0,2980,0,0
2025,GS,2025-11-10,2025-11-11,1,797.2,810.31,0.00019711824223054753,0.0,2981,0,0
2025,GS,2025-11-10,2025-11-17,5,797.2,775.56,0.00019711824223054753,0.0,2981,0,0
2025,GS,2025-11-11,2025-11-12,1,810.31,838.97,0.00019918645230839372,0.0,2982,0,0
2025,GS,2025-11-11,2025-11-18,5,810.31,776.3,0.00019918645230839372,0.0,2982,0,0
2025,GS,2025-11-12,2025-11-13,1,838.97,805.5,0.00022945453760926727,0.0,2983,0,0
2025,GS,2025-11-12,2025-11-19,5,838.97,785.99,0.00022945453760926727,0.0,2983,0,0
2025,GS,2025-11-13,2025-11-14,1,805.5,790.91,0.00027229429022528404,0.0,2984,0,0
2025,GS,2025-11-13,2025-11-20,5,805.5,773.7,0.00027229429022528404,0.0,2984,0,0
2025,GS,2025-11-14,2025-11-17,1,790.91,775.56,0.00027414914016185197,0.0,2985,0,0
2025,GS,2025-11-14,2025-11-21,5,790.91,774.03,0.00027414914016185197,0.0,2985,0,0
2025,GS,2025-11-17,2025-11-18,1,775.56,776.3,0.000277448092672314,0.0,2986,0,0
2025,GS,2025-11-17,2025-11-24,5,775.56,790.71,0.000277448092672314,0.0,2986,0,0
2025,GS,2025-11-18,2025-11-19,1,776.3,785.99,0.0002691519358794743,0.0,2987,0,0
2025,GS,2025-11-18,2025-11-25,5,776.3,802.32,0.0002691519358794743,0.0,2987,0,0
2025,GS,2025-11-19,2025-11-20,1,785.99,773.7,0.0002656939181210018,0.0,2988,0,0
2025,GS,2025-11-19,2025-11-26,5,785.99,816.01,0.0002656939181210018,0.0,2988,0,0
2025,GS,2025-11-20,2025-11-21,1,773.7,774.03,0.00026517430389727455,0.0,2989,0,0
2025,GS,2025-11-20,2025-11-28,5,773.7,826.04,0.00026517430389727455,0.0,2989,0,0
2025,GS,2025-11-21,2025-11-24,1,774.03,790.71,0.00025722453008160097,0.0,2990,0,0
2025,GS,2025-11-21,2025-12-01,5,774.03,810.86,0.00025722453008160097,0.0,2990,0,0
2025,GS,2025-11-24,2025-11-25,1,790.71,802.32,0.00026314488934401243,0.0,2991,0,0
2025,GS,2025-11-24,2025-12-02,5,790.71,815.21,0.00026314488934401243,0.0,2991,0,0
2025,GS,2025-11-25,2025-11-26,1,802.32,816.01,0.00026162455874978495,0.0,2992,0,0
2025,GS,2025-11-25,2025-12-03,5,802.32,836.57,0.00026162455874978495,0.0,2992,0,0
2025,GS,2025-11-26,2025-11-28,1,816.01,826.04,0.0002623634790247298,0.0,2993,0,0
2025,GS,2025-11-26,2025-12-04,5,816.01,837.83,0.0002623634790247298,0.0,2993,0,0
2025,GS,2025-11-28,2025-12-01,1,826.04,810.86,0.0002589699258435179,0.0,2994,0,0
2025,GS,2025-11-28,2025-12-05,5,826.04,854.56,0.0002589699258435179,0.0,2994,0,0
2025,GS,2025-12-01,2025-12-02,1,810.86,815.21,0.00026152143866825034,0.0,2995,0,0
2025,GS,2025-12-01,2025-12-08,5,810.86,866.69,0.00026152143866825034,0.0,2995,0,0
2025,GS,2025-12-02,2025-12-03,1,815.21,836.57,0.00025453457834673986,0.0,2996,0,0
2025,GS,2025-12-02,2025-12-09,5,815.21,876.58,0.00025453457834673986,0.0,2996,0,0
2025,GS,2025-12-03,2025-12-04,1,836.57,837.83,0.0002669676344780553,0.0,2997,0,0
2025,GS,2025-12-03,2025-12-10,5,836.57,889.24,0.0002669676344780553,0.0,2997,0,0
2025,GS,2025-12-04,2025-12-05,1,837.83,854.56,0.00025902655772940827,0.0,2998,0,0
2025,GS,2025-12-04,2025-12-11,5,837.83,911.03,0.00025902655772940827,0.0,2998,0,0
2025,GS,2025-12-05,2025-12-08,1,854.56,866.69,0.0002629831281371437,0.0,2999,0,0
2025,GS,2025-12-05,2025-12-12,5,854.56,887.96,0.0002629831281371437,0.0,2999,0,0
2025,GS,2025-12-08,2025-12-09,1,866.69,876.58,0.0002610534018334196,0.0,3000,0,0
2025,GS,2025-12-08,2025-12-15,5,866.69,889.59,0.0002610534018334196,0.0,3000,0,0
2025,GS,2025-12-09,2025-12-10,1,876.58,889.24,0.0002570841694233253,0.0,3001,0,0
2025,GS,2025-12-09,2025-12-16,5,876.58,879.15,0.0002570841694233253,0.0,3001,0,0
2025,GS,2025-12-10,2025-12-11,1,889.24,911.03,0.00025554001804539646,0.0,3002,0,0
2025,GS,2025-12-10,2025-12-17,5,889.24,872.33,0.00025554001804539646,0.0,3002,0,0
2025,GS,2025-12-11,2025-12-12,1,911.03,887.96,0.00026545559731183644,0.0,3003,0,0
2025,GS,2025-12-11,2025-12-18,5,911.03,876.3,0.00026545559731183644,0.0,3003,0,0
2025,GS,2025-12-12,2025-12-15,1,887.96,889.59,0.000277228266455354,0.0,3004,0,0
2025,GS,2025-12-12,2025-12-19,5,887.96,893.48,0.000277228266455354,0.0,3004,0,0
2025,GS,2025-12-15,2025-12-16,1,889.59,879.15,0.00026901232354539084,0.0,3005,0,0
2025,GS,2025-12-15,2025-12-22,5,889.59,899.0,0.00026901232354539084,0.0,3005,0,0
2025,GS,2025-12-16,2025-12-17,1,879.15,872.33,0.00026512280142642215,0.0,3006,0,0
2025,GS,2025-12-16,2025-12-23,5,879.15,901.71,0.00026512280142642215,0.0,3006,0,0
2025,GS,2025-12-17,2025-12-18,1,872.33,876.3,0.0002589885837012451,0.0,3007,0,0
2025,GS,2025-12-17,2025-12-24,5,872.33,910.78,0.0002589885837012451,0.0,3007,0,0
2025,GS,2025-12-18,2025-12-19,1,876.3,893.48,0.0002518374663496514,0.0,3008,0,0
2025,GS,2025-12-18,2025-12-26,5,876.3,907.04,0.0002518374663496514,0.0,3008,0,0
2025,GS,2025-12-19,2025-12-22,1,893.48,899.0,0.0002555911361201986,0.0,3009,0,0
2025,GS,2025-12-19,2025-12-29,5,893.48,892.18,0.0002555911361201986,0.0,3009,0,0
2025,GS,2025-12-22,2025-12-23,1,899.0,901.71,0.0002490614315104792,0.0,3010,0,0
2025,GS,2025-12-22,2025-12-30,5,899.0,884.42,0.0002490614315104792,0.0,3010,0,0
2025,GS,2025-12-23,2025-12-24,1,901.71,910.78,0.00024186137822544874,0.0,3011,0,0
2025,GS,2025-12-23,2025-12-31,5,901.71,879.0,0.00024186137822544874,0.0,3011,0,0
2025,GS,2025-12-24,2025-12-26,1,910.78,907.04,0.00023761058777695387,0.0,3012,0,0
2025,GS,2025-12-26,2025-12-29,1,907.04,892.18,0.00023099022360185847,0.0,3013,0,0
2025,GS,2025-12-29,2025-12-30,1,892.18,884.42,0.00023224648550778065,0.0,3014,0,0
2025,GS,2025-12-30,2025-12-31,1,884.42,879.0,0.00022756853953805794,0.0,3015,0,0
2025,LLY,2025-01-02,2025-01-03,1,778.07,781.98,0.00034410055083301013,0.0,2767,0,0
2025,LLY,2025-01-02,2025-01-10,5,778.07,799.9,0.00034410055083301013,0.0,2767,0,0
2025,LLY,2025-01-03,2025-01-06,1,781.98,765.1,0.0003345313402281533,0.0,2768,0,0
2025,LLY,2025-01-03,2025-01-13,5,781.98,797.48,0.0003345313402281533,0.0,2768,0,0
2025,LLY,2025-01-06,2025-01-07,1,765.1,773.29,0.0003387822030289674,0.0,2769,0,0
2025,LLY,2025-01-06,2025-01-14,5,765.1,744.91,0.0003387822030289674,0.0,2769,0,0
2025,LLY,2025-01-07,2025-01-08,1,773.29,787.22,0.0003320198757648983,0.0,2770,0,0
2025,LLY,2025-01-07,2025-01-15,5,773.29,746.74,0.0003320198757648983,0.0,2770,0,0
2025,LLY,2025-01-08,2025-01-10,1,787.22,799.9,0.00033162182331378606,0.0,2771,0,0
2025,LLY,2025-01-08,2025-01-16,5,787.22,757.6,0.00033162182331378606,0.0,2771,0,0
2025,LLY,2025-01-10,2025-01-13,1,799.9,797.48,0.00032933299110279564,0.0,2772,0,0
2025,LLY,2025-01-10,2025-01-17,5,799.9,725.72,0.00032933299110279564,0.0,2772,0,0
2025,LLY,2025-01-13,2025-01-14,1,797.48,744.91,0.0003197284218031622,0.0,2773,0,0
2025,LLY,2025-01-13,2025-01-21,5,797.48,742.35,0.0003197284218031622,0.0,2773,0,0
2025,LLY,2025-01-14,2025-01-15,1,744.91,746.74,0.00044964655974672114,0.0,2774,0,0
2025,LLY,2025-01-14,2025-01-22,5,744.91,753.98,0.00044964655974672114,0.0,2774,0,0
2025,LLY,2025-01-15,2025-01-16,1,746.74,757.6,0.00043633777636604515,0.0,2775,0,0
2025,LLY,2025-01-15,2025-01-23,5,746.74,766.6,0.00043633777636604515,0.0,2775,0,0
2025,LLY,2025-01-16,2025-01-17,1,757.6,725.72,0.0004295017309485603,0.0,2776,0,0
2025,LLY,2025-01-16,2025-01-24,5,757.6,785.41,0.0004295017309485603,0.0,2776,0,0
2025,LLY,2025-01-17,2025-01-21,1,725.72,742.35,0.0004720641743375128,0.0,2777,0,0
2025,LLY,2025-01-17,2025-01-27,5,725.72,808.17,0.0004720641743375128,0.0,2777,0,0
2025,LLY,2025-01-21,2025-01-22,1,742.35,753.98,0.000473301846642726,0.0,2778,0,0
2025,LLY,2025-01-21,2025-01-28,5,742.35,804.99,0.000473301846642726,0.0,2778,0,0
2025,LLY,2025-01-22,2025-01-23,1,753.98,766.6,0.0004663522135507331,0.0,2779,0,0
2025,LLY,2025-01-22,2025-01-29,5,753.98,804.08,0.0004663522135507331,0.0,2779,0,0
2025,LLY,2025-01-23,2025-01-24,1,766.6,785.41,0.0004606277604057539,0.0,2780,0,0
2025,LLY,2025-01-23,2025-01-30,5,766.6,823.23,0.0004606277604057539,0.0,2780,0,0
2025,LLY,2025-01-24,2025-01-27,1,785.41,808.17,0.00046443730493272295,0.0,2781,0,0
2025,LLY,2025-01-24,2025-01-31,5,785.41,811.08,0.00046443730493272295,0.0,2781,0,0
2025,LLY,2025-01-27,2025-01-28,1,808.17,804.99,0.00047498563286724123,0.0,2782,0,0
2025,LLY,2025-01-27,2025-02-03,5,808.17,810.43,0.00047498563286724123,0.0,2782,0,0
2025,LLY,2025-01-28,2025-01-29,1,804.99,804.08,0.00046120238138955944,0.0,2783,0,0
2025,LLY,2025-01-28,2025-02-04,5,804.99,826.07,0.00046120238138955944,0.0,2783,0,0
2025,LLY,2025-01-29,2025-01-30,1,804.08,823.23,0.000447404690767747,0.0,2784,0,0
2025,LLY,2025-01-29,2025-02-05,5,804.08,842.18,0.000447404690767747,0.0,2784,0,0
2025,LLY,2025-01-30,2025-01-31,1,823.23,811.08,0.00045060206381123107,0.0,2785,0,0
2025,LLY,2025-01-30,2025-02-06,5,823.23,870.37,0.00045060206381123107,0.0,2785,0,0
2025,LLY,2025-01-31,2025-02-03,1,811.08,810.43,0.00044371655793877166,0.0,2786,0,0
2025,LLY,2025-01-31,2025-02-07,5,811.08,878.31,0.00044371655793877166,0.0,2786,0,0
2025,LLY,2025-02-03,2025-02-04,1,810.43,826.07,0.00043042434394050644,0.0,2787,0,0
2025,LLY,2025-02-03,2025-02-10,5,810.43,868.88,0.00043042434394050644,0.0,2787,0,0
2025,LLY,2025-02-04,2025-02-05,1,826.07,842.18,0.0004284725881806096,0.0,2788,0,0
2025,LLY,2025-02-04,2025-02-11,5,826.07,865.0,0.0004284725881806096,0.0,2788,0,0
2025,LLY,2025-02-05,2025-02-06,1,842.18,870.37,0.00042680962093666255,0.0,2789,0,0
2025,LLY,2025-02-05,2025-02-12,5,842.18,872.97,0.00042680962093666255,0.0,2789,0,0
2025,LLY,2025-02-06,2025-02-07,1,870.37,878.31,0.00044652629082769015,0.0,2790,0,0
2025,LLY,2025-02-06,2025-02-13,5,870.37,871.86,0.00044652629082769015,0.0,2790,0,0
2025,LLY,2025-02-07,2025-02-10,1,878.31,868.88,0.00043560454675838116,0.0,2791,0,0
2025,LLY,2025-02-07,2025-02-14,5,878.31,844.27,0.00043560454675838116,0.0,2791,0,0
2025,LLY,2025-02-10,2025-02-11,1,868.88,865.0,0.0004260320994122933,0.0,2792,0,0
2025,LLY,2025-02-10,2025-02-18,5,868.88,857.2,0.0004260320994122933,0.0,2792,0,0
2025,LLY,2025-02-11,2025-02-12,1,865.0,872.97,0.00041385204455022005,0.0,2793,0,0
2025,LLY,2025-02-11,2025-02-19,5,865.0,867.05,0.00041385204455022005,0.0,2793,0,0
2025,LLY,2025-02-12,2025-02-13,1,872.97,871.86,0.00040396007686645545,0.0,2794,0,0
2025,LLY,2025-02-12,2025-02-20,5,872.97,873.12,0.00040396007686645545,0.0,2794,0,0
2025,LLY,2025-02-13,2025-02-14,1,871.86,844.27,0.00039188983930194953,0.0,2795,0,0
2025,LLY,2025-02-13,2025-02-21,5,871.86,873.68,0.00039188983930194953,0.0,2795,0,0
2025,LLY,2025-02-14,2025-02-18,1,844.27,857.2,0.00041115438186980585,0.0,2796,0,0
2025,LLY,2025-02-14,2025-02-24,5,844.27,881.4,0.00041115438186980585,0.0,2796,0,0
2025,LLY,2025-02-18,2025-02-19,1,857.2,867.05,0.00040574996088248063,0.0,2797,0,0
2025,LLY,2025-02-18,2025-02-25,5,857.2,901.8,0.00040574996088248063,0.0,2797,0,0
2025,LLY,2025-02-19,2025-02-20,1,867.05,873.12,0.0003974936424281167,0.0,2798,0,0
2025,LLY,2025-02-19,2025-02-26,5,867.05,915.01,0.0003974936424281167,0.0,2798,0,0
2025,LLY,2025-02-20,2025-02-21,1,873.12,873.68,0.00038702892036453646,0.0,2799,0,0
2025,LLY,2025-02-20,2025-02-27,5,873.12,905.16,0.00038702892036453646,0.0,2799,0,0
2025,LLY,2025-02-21,2025-02-24,1,873.68,881.4,0.00037543038581697917,0.0,2800,0,0
2025,LLY,2025-02-21,2025-02-28,5,873.68,920.63,0.00037543038581697917,0.0,2800,0,0
2025,LLY,2025-02-24,2025-02-25,1,881.4,901.8,0.0003664892892506719,0.0,2801,0,0
2025,LLY,2025-02-24,2025-03-03,5,881.4,929.72,0.0003664892892506719,0.0,2801,0,0
2025,LLY,2025-02-25,2025-02-26,1,901.8,915.01,0.00037120110861871953,0.0,2802,0,0
2025,LLY,2025-02-25,2025-03-04,5,901.8,911.06,0.00037120110861871953,0.0,2802,0,0
2025,LLY,2025-02-26,2025-02-27,1,915.01,905.16,0.00036640936738255227,0.0,2803,0,0
2025,LLY,2025-02-26,2025-03-05,5,915.01,929.72,0.00036640936738255227,0.0,2803,0,0
2025,LLY,2025-02-27,2025-02-28,1,905.16,920.63,0.0003589313819061525,0.0,2804,0,0
2025,LLY,2025-02-27,2025-03-06,5,905.16,912.76,0.0003589313819061525,0.0,2804,0,0
2025,LLY,2025-02-28,2025-03-03,1,920.63,929.72,0.00035677895086811545,0.0,2805,0,0
2025,LLY,2025-02-28,2025-03-07,5,920.63,869.58,0.00035677895086811545,0.0,2805,0,0
2025,LLY,2025-03-03,2025-03-04,1,929.72,911.06,0.0003489716468484134,0.0,2806,0,0
2025,LLY,2025-03-03,2025-03-10,5,929.72,829.76,0.0003489716468484134,0.0,2806,0,0
2025,LLY,2025-03-04,2025-03-05,1,911.06,929.72,0.00035083441190764646,0.0,2807,0,0
2025,LLY,2025-03-04,2025-03-11,5,911.06,824.06,0.00035083441190764646,0.0,2807,0,0
2025,LLY,2025-03-05,2025-03-06,1,929.72,912.76,0.0003526412940151025,0.0,2808,0,0
2025,LLY,2025-03-05,2025-03-12,5,929.72,821.86,0.0003526412940151025,0.0,2808,0,0
2025,LLY,2025-03-06,2025-03-07,1,912.76,869.58,0.00035223043853680445,0.0,2809,0,0
2025,LLY,2025-03-06,2025-03-13,5,912.76,801.65,0.00035223043853680445,0.0,2809,0,0
2025,LLY,2025-03-07,2025-03-10,1,869.58,829.76,0.00041212234940879,0.0,2810,0,0
2025,LLY,2025-03-07,2025-03-14,5,869.58,813.48,0.00041212234940879,0.0,2810,0,0
2025,LLY,2025-03-10,2025-03-11,1,829.76,824.06,0.00046567336865781293,0.0,2811,0,0
2025,LLY,2025-03-10,2025-03-17,5,829.76,824.76,0.00046567336865781293,0.0,2811,0,0
2025,LLY,2025-03-11,2025-03-12,1,824.06,821.86,0.0004531286370587447,0.0,2812,0,0
2025,LLY,2025-03-11,2025-03-18,5,824.06,822.51,0.0004531286370587447,0.0,2812,0,0
2025,LLY,2025-03-12,2025-03-13,1,821.86,801.65,0.0004397491704921199,0.0,2813,0,0
2025,LLY,2025-03-12,2025-03-19,5,821.86,837.01,0.0004397491704921199,0.0,2813,0,0
2025,LLY,2025-03-13,2025-03-14,1,801.65,813.48,0.00044515394865968726,0.0,2814,0,0
2025,LLY,2025-03-13,2025-03-20,5,801.65,842.57,0.00044515394865968726,0.0,2814,0,0
2025,LLY,2025-03-14,2025-03-17,1,813.48,824.76,0.00043823733506424324,0.0,2815,0,0
2025,LLY,2025-03-14,2025-03-21,5,813.48,837.57,0.00043823733506424324,0.0,2815,0,0
2025,LLY,2025-03-17,2025-03-18,1,824.76,822.51,0.0004307795056554071,0.0,2816,0,0
2025,LLY,2025-03-17,2025-03-24,5,824.76,864.9,0.0004307795056554071,0.0,2816,0,0
2025,LLY,2025-03-18,2025-03-19,1,822.51,837.01,0.00041808000148886435,0.0,2817,0,0
2025,LLY,2025-03-18,2025-03-25,5,822.51,852.35,0.00041808000148886435,0.0,2817,0,0
2025,LLY,2025-03-19,2025-03-20,1,837.01,842.57,0.0004146992657231556,0.0,2818,0,0
2025,LLY,2025-03-19,2025-03-26,5,837.01,826.76,0.0004146992657231556,0.0,2818,0,0
2025,LLY,2025-03-20,2025-03-21,1,842.57,837.57,0.00040357330852340117,0.0,2819,0,0
2025,LLY,2025-03-20,2025-03-27,5,842.57,821.67,0.00040357330852340117,0.0,2819,0,0
2025,LLY,2025-03-21,2025-03-24,1,837.57,864.9,0.0003925288635803865,0.0,2820,0,0
2025,LLY,2025-03-21,2025-03-28,5,837.57,822.51,0.0003925288635803865,0.0,2820,0,0
2025,LLY,2025-03-24,2025-03-25,1,864.9,852.35,0.00041168273238834357,0.0,2821,0,0
2025,LLY,2025-03-24,2025-03-31,5,864.9,825.91,0.00041168273238834357,0.0,2821,0,0
2025,LLY,2025-03-25,2025-03-26,1,852.35,826.76,0.0004057416465148875,0.0,2822,0,0
2025,LLY,2025-03-25,2025-04-01,5,852.35,805.23,0.0004057416465148875,0.0,2822,0,0
2025,LLY,2025-03-26,2025-03-27,1,826.76,821.67,0.0004214454176551417,0.0,2823,0,0
2025,LLY,2025-03-26,2025-04-02,5,826.76,818.22,0.0004214454176551417,0.0,2823,0,0
2025,LLY,2025-03-27,2025-03-28,1,821.67,822.51,0.000409946193499181,0.0,2824,0,0
2025,LLY,2025-03-27,2025-04-03,5,821.67,789.09,0.000409946193499181,0.0,2824,0,0
2025,LLY,2025-03-28,2025-03-31,1,822.51,825.91,0.0003976791290946166,0.0,2825,0,0
2025,LLY,2025-03-28,2025-04-04,5,822.51,738.21,0.0003976791290946166,0.0,2825,0,0
2025,LLY,2025-03-31,2025-04-01,1,825.91,805.23,0.00038625926558391767,0.0,2826,0,0
2025,LLY,2025-03-31,2025-04-07,5,825.91,723.73,0.00038625926558391767,0.0,2826,0,0
2025,LLY,2025-04-01,2025-04-02,1,805.23,818.22,0.000393962116260201,0.0,2827,0,0
2025,LLY,2025-04-01,2025-04-08,5,805.23,726.24,0.000393962116260201,0.0,2827,0,0
2025,LLY,2025-04-02,2025-04-03,1,818.22,789.09,0.0003898264193727298,0.0,2828,0,0
2025,LLY,2025-04-02,2025-04-09,5,818.22,753.71,0.0003898264193727298,0.0,2828,0,0
2025,LLY,2025-04-03,2025-04-04,1,789.09,738.21,0.00041755538605172966,0.0,2829,0,0
2025,LLY,2025-04-03,2025-04-10,5,789.09,720.91,0.00041755538605172966,0.0,2829,0,0
2025,LLY,2025-04-04,2025-04-07,1,738.21,723.73,0.000538303580802367,0.0,2830,0,0
2025,LLY,2025-04-04,2025-04-11,5,738.21,732.41,0.000538303580802367,0.0,2830,0,0
2025,LLY,2025-04-07,2025-04-08,1,723.73,726.24,0.0005339274878135334,0.0,2831,0,0
2025,LLY,2025-04-07,2025-04-14,5,723.73,754.35,0.0005339274878135334,0.0,2831,0,0
2025,LLY,2025-04-08,2025-04-09,1,726.24,753.71,0.0005182692564226967,0.0,2832,0,0
2025,LLY,2025-04-08,2025-04-15,5,726.24,757.18,0.0005182692564226967,0.0,2832,0,0
2025,LLY,2025-04-09,2025-04-10,1,753.71,720.91,0.0005440739143152958,0.0,2833,0,0
2025,LLY,2025-04-09,2025-04-16,5,753.71,734.9,0.0005440739143152958,0.0,2833,0,0
2025,LLY,2025-04-10,2025-04-11,1,720.91,732.41,0.0005871415115244263,0.0,2834,0,0
2025,LLY,2025-04-10,2025-04-17,5,720.91,839.96,0.0005871415115244263,0.0,2834,0,0
2025,LLY,2025-04-11,2025-04-14,1,732.41,754.35,0.0005770412897927879,0.0,2835,0,0
2025,LLY,2025-04-11,2025-04-21,5,732.41,818.02,0.0005770412897927879,0.0,2835,0,0
2025,LLY,2025-04-14,2025-04-15,1,754.35,757.18,0.0005858658519273868,0.0,2836,0,0
2025,LLY,2025-04-14,2025-04-22,5,754.35,827.54,0.0005858658519273868,0.0,2836,0,0
2025,LLY,2025-04-15,2025-04-16,1,757.18,734.9,0.0005687105270439915,0.0,2837,0,0
2025,LLY,2025-04-15,2025-04-23,5,757.18,829.42,0.0005687105270439915,0.0,2837,0,0
2025,LLY,2025-04-16,2025-04-17,1,734.9,839.96,0.0005784095719679137,0.0,2838,0,0
2025,LLY,2025-04-16,2025-04-24,5,734.9,859.73,0.0005784095719679137,0.0,2838,0,0
2025,LLY,2025-04-17,2025-04-21,1,839.96,818.02,0.0010966851029597013,0.0,2839,0,0
2025,LLY,2025-04-17,2025-04-25,5,839.96,884.54,0.0010966851029597013,0.0,2839,0,0
2025,LLY,2025-04-21,2025-04-22,1,818.02,827.54,0.0010848003834908995,0.0,2840,0,0
2025,LLY,2025-04-21,2025-04-28,5,818.02,877.29,0.0010848003834908995,0.0,2840,0,0
2025,LLY,2025-04-22,2025-04-23,1,827.54,829.42,0.001056272775970159,0.0,2841,0,0
2025,LLY,2025-04-22,2025-04-29,5,827.54,885.2,0.001056272775970159,0.0,2841,0,0
2025,LLY,2025-04-23,2025-04-24,1,829.42,859.73,0.0010247390730494927,0.0,2842,0,0
2025,LLY,2025-04-23,2025-04-30,5,829.42,898.95,0.0010247390730494927,0.0,2842,0,0
2025,LLY,2025-04-24,2025-04-25,1,859.73,884.54,0.001032643378835131,0.0,2843,0,0
2025,LLY,2025-04-24,2025-05-01,5,859.73,794.1,0.001032643378835131,0.0,2843,0,0
2025,LLY,2025-04-25,2025-04-28,1,884.54,877.29,0.00102594504191169,0.0,2844,0,0
2025,LLY,2025-04-25,2025-05-02,5,884.54,823.62,0.00102594504191169,0.0,2844,0,0
2025,LLY,2025-04-28,2025-04-29,1,877.29,885.2,0.00099719873958093,0.0,2845,0,0
2025,LLY,2025-04-28,2025-05-05,5,877.29,821.46,0.00099719873958093,0.0,2845,0,0
2025,LLY,2025-04-29,2025-04-30,1,885.2,898.95,0.0009696998334439109,0.0,2846,0,0
2025,LLY,2025-04-29,2025-05-06,5,885.2,775.12,0.0009696998334439109,0.0,2846,0,0
2025,LLY,2025-04-30,2025-05-01,1,898.95,794.1,0.0009477364021932768,0.0,2847,0,0
2025,LLY,2025-04-30,2025-05-07,5,898.95,776.72,0.0009477364021932768,0.0,2847,0,0
2025,LLY,2025-05-01,2025-05-02,1,794.1,823.62,0.0013807183713398451,0.0,2848,0,0
2025,LLY,2025-05-01,2025-05-08,5,794.1,751.45,0.0013807183713398451,0.0,2848,0,0
2025,LLY,2025-05-02,2025-05-05,1,823.62,821.46,0.001379264014893336,0.0,2849,0,0
2025,LLY,2025-05-02,2025-05-09,5,823.62,734.57,0.001379264014893336,0.0,2849,0,0
2025,LLY,2025-05-05,2025-05-06,1,821.46,775.12,0.0013380929728721784,0.0,2850,0,0
2025,LLY,2025-05-05,2025-05-12,5,821.46,755.57,0.0013380929728721784,0.0,2850,0,0
2025,LLY,2025-05-06,2025-05-07,1,775.12,776.72,0.0013990978649703152,0.0,2851,0,0
2025,LLY,2025-05-06,2025-05-13,5,775.12,746.06,0.0013990978649703152,0.0,2851,0,0
2025,LLY,2025-05-07,2025-05-08,1,776.72,751.45,0.00135725249287619,0.0,2852,0,0
2025,LLY,2025-05-07,2025-05-14,5,776.72,715.56,0.00135725249287619,0.0,2852,0,0
2025,LLY,2025-05-08,2025-05-09,1,751.45,734.57,0.001349354086304309,0.0,2853,0,0
2025,LLY,2025-05-08,2025-05-15,5,751.45,733.29,0.001349354086304309,0.0,2853,0,0
2025,LLY,2025-05-09,2025-05-12,1,734.57,755.57,0.0013243585696976127,0.0,2854,0,0
2025,LLY,2025-05-09,2025-05-16,5,734.57,757.39,0.0013243585696976127,0.0,2854,0,0
2025,LLY,2025-05-12,2025-05-13,1,755.57,746.06,0.0013084632538686316,0.0,2855,0,0
2025,LLY,2025-05-12,2025-05-19,5,755.57,755.11,0.0013084632538686316,0.0,2855,0,0
2025,LLY,2025-05-13,2025-05-14,1,746.06,715.56,0.0012740224910012324,0.0,2856,0,0
2025,LLY,2025-05-13,2025-05-20,5,746.06,747.01,0.0012740224910012324,0.0,2856,0,0
2025,LLY,2025-05-14,2025-05-15,1,715.56,733.29,0.001288070079304586,0.0,2857,0,0
2025,LLY,2025-05-14,2025-05-21,5,715.56,724.95,0.001288070079304586,0.0,2857,0,0
2025,LLY,2025-05-15,2025-05-16,1,733.29,757.39,0.0012673999279846186,0.0,2858,0,0
2025,LLY,2025-05-15,2025-05-22,5,733.29,715.2,0.0012673999279846186,0.0,2858,0,0
2025,LLY,2025-05-16,2025-05-19,1,757.39,755.11,0.0012607484825577695,0.0,2859,0,0
2025,LLY,2025-05-16,2025-05-23,5,757.39,713.71,0.0012607484825577695,0.0,2859,0,0
2025,LLY,2025-05-19,2025-05-20,1,755.11,747.01,0.0012231987128189714,0.0,2860,0,0
2025,LLY,2025-05-19,2025-05-27,5,755.11,725.22,0.0012231987128189714,0.0,2860,0,0
2025,LLY,2025-05-20,2025-05-21,1,747.01,724.95,0.0011899921489347755,0.0,2861,0,0
2025,LLY,2025-05-20,2025-05-28,5,747.01,719.39,0.0011899921489347755,0.0,2861,0,0
2025,LLY,2025-05-21,2025-05-22,1,724.95,715.2,0.0011812489948495417,0.0,2862,0,0
2025,LLY,2025-05-21,2025-05-29,5,724.95,722.57,0.0011812489948495417,0.0,2862,0,0
2025,LLY,2025-05-22,2025-05-23,1,715.2,713.71,0.0011513118492328467,0.0,2863,0,0
2025,LLY,2025-05-22,2025-05-30,5,715.2,737.67,0.0011513118492328467,0.0,2863,0,0
2025,LLY,2025-05-23,2025-05-27,1,713.71,725.22,0.001116902973875584,0.0,2864,0,0
2025,LLY,2025-05-23,2025-06-02,5,713.71,747.12,0.001116902973875584,0.0,2864,0,0
2025,LLY,2025-05-27,2025-05-28,1,725.22,719.39,0.0010910742908839034,0.0,2865,0,0
2025,LLY,2025-05-27,2025-06-03,5,725.22,750.78,0.0010910742908839034,0.0,2865,0,0
2025,LLY,2025-05-28,2025-05-29,1,719.39,722.57,0.0010602964998847556,0.0,2866,0,0
2025,LLY,2025-05-28,2025-06-04,5,719.39,765.84,0.0010602964998847556,0.0,2866,0,0
2025,LLY,2025-05-29,2025-05-30,1,722.57,737.67,0.001029071225293324,0.0,2867,0,0
2025,LLY,2025-05-29,2025-06-05,5,722.57,765.68,0.001029071225293324,0.0,2867,0,0
2025,LLY,2025-05-30,2025-06-02,1,737.67,747.12,0.0010110317760876858,0.0,2868,0,0
2025,LLY,2025-05-30,2025-06-06,5,737.67,769.88,0.0010110317760876858,0.0,2868,0,0
2025,LLY,2025-06-02,2025-06-03,1,747.12,750.78,0.0009855618329056288,0.0,2869,0,0
2025,LLY,2025-06-02,2025-06-09,5,747.12,773.71,0.0009855618329056288,0.0,2869,0,0
2025,LLY,2025-06-03,2025-06-04,1,750.78,765.84,0.0009567114173883519,0.0,2870,0,0
2025,LLY,2025-06-03,2025-06-10,5,750.78,807.19,0.0009567114173883519,0.0,2870,0,0
2025,LLY,2025-06-04,2025-06-05,1,765.84,765.68,0.0009398433832392824,0.0,2871,0,0
2025,LLY,2025-06-04,2025-06-11,5,765.84,808.61,0.0009398433832392824,0.0,2871,0,0
2025,LLY,2025-06-05,2025-06-06,1,765.68,769.88,0.0009116493914542929,0.0,2872,0,0
2025,LLY,2025-06-05,2025-06-12,5,765.68,812.03,0.0009116493914542929,0.0,2872,0,0
2025,LLY,2025-06-06,2025-06-09,1,769.88,773.71,0.0008851976452363173,0.0,2873,0,0
2025,LLY,2025-06-06,2025-06-13,5,769.88,819.36,0.0008851976452363173,0.0,2873,0,0
2025,LLY,2025-06-09,2025-06-10,1,773.71,807.19,0.0008593804984885148,0.0,2874,0,0
2025,LLY,2025-06-09,2025-06-16,5,773.71,807.58,0.0008593804984885148,0.0,2874,0,0
2025,LLY,2025-06-10,2025-06-11,1,807.19,808.61,0.00088743513814072,0.0,2875,0,0
2025,LLY,2025-06-10,2025-06-17,5,807.19,791.24,0.00088743513814072,0.0,2875,0,0
2025,LLY,2025-06-11,2025-06-12,1,808.61,812.03,0.0008609047633404377,0.0,2876,0,0
2025,LLY,2025-06-11,2025-06-18,5,808.61,785.03,0.0008609047633404377,0.0,2876,0,0
2025,LLY,2025-06-12,2025-06-13,1,812.03,819.36,0.0008356120145221241,0.0,2877,0,0
2025,LLY,2025-06-12,2025-06-20,5,812.03,762.73,0.0008356120145221241,0.0,2877,0,0
2025,LLY,2025-06-13,2025-06-16,1,819.36,807.58,0.000812966241456098,0.0,2878,0,0
2025,LLY,2025-06-13,2025-06-23,5,819.36,770.64,0.000812966241456098,0.0,2878,0,0
2025,LLY,2025-06-16,2025-06-17,1,807.58,791.24,0.0007948686054578526,0.0,2879,0,0
2025,LLY,2025-06-16,2025-06-24,5,807.58,778.08,0.0007948686054578526,0.0,2879,0,0
2025,LLY,2025-06-17,2025-06-18,1,791.24,785.03,0.0007835573195686065,0.0,2880,0,0
2025,LLY,2025-06-17,2025-06-25,5,791.24,792.3,0.0007835573195686065,0.0,2880,0,0
2025,LLY,2025-06-18,2025-06-20,1,785.03,762.73,0.0007619131490381316,0.0,2881,0,0
2025,LLY,2025-06-18,2025-06-26,5,785.03,795.12,0.0007619131490381316,0.0,2881,0,0
2025,LLY,2025-06-20,2025-06-23,1,762.73,770.64,0.0007639697765416526,0.0,2882,0,0
2025,LLY,2025-06-20,2025-06-27,5,762.73,775.45,0.0007639697765416526,0.0,2882,0,0
2025,LLY,2025-06-23,2025-06-24,1,770.64,778.08,0.0007442440440723648,0.0,2883,0,0
2025,LLY,2025-06-23,2025-06-30,5,770.64,779.53,0.0007442440440723648,0.0,2883,0,0
2025,LLY,2025-06-24,2025-06-25,1,778.08,792.3,0.0007246861374008527,0.0,2884,0,0
2025,LLY,2025-06-24,2025-07-01,5,778.08,775.9,0.0007246861374008527,0.0,2884,0,0
2025,LLY,2025-06-25,2025-06-26,1,792.3,795.12,0.000712785543541877,0.0,2885,0,0
2025,LLY,2025-06-25,2025-07-02,5,792.3,779.28,0.000712785543541877,0.0,2885,0,0
2025,LLY,2025-06-26,2025-06-27,1,795.12,775.45,0.0006917806784353593,0.0,2886,0,0
2025,LLY,2025-06-26,2025-07-03,5,795.12,780.67,0.0006917806784353593,0.0,2886,0,0
2025,LLY,2025-06-27,2025-06-30,1,775.45,779.53,0.0006898516426920236,0.0,2887,0,0
2025,LLY,2025-06-27,2025-07-07,5,775.45,772.87,0.0006898516426920236,0.0,2887,0,0
2025,LLY,2025-06-30,2025-07-01,1,779.53,775.9,0.0006699822339820995,0.0,2888,0,0
2025,LLY,2025-06-30,2025-07-08,5,779.53,777.66,0.0006699822339820995,0.0,2888,0,0
2025,LLY,2025-07-01,2025-07-02,1,775.9,779.28,0.0006505363415101724,0.0,2889,0,0
2025,LLY,2025-07-01,2025-07-09,5,775.9,786.92,0.0006505363415101724,0.0,2889,0,0
2025,LLY,2025-07-02,2025-07-03,1,779.28,780.67,0.0006315870836946351,0.0,2890,0,0
2025,LLY,2025-07-02,2025-07-10,5,779.28,790.65,0.0006315870836946351,0.0,2890,0,0
2025,LLY,2025-07-03,2025-07-07,1,780.67,772.87,0.0006127347485448059,0.0,2891,0,0
2025,LLY,2025-07-03,2025-07-11,5,780.67,793.01,0.0006127347485448059,0.0,2891,0,0
2025,LLY,2025-07-07,2025-07-08,1,772.87,777.66,0.0005973777582695425,0.0,2892,0,0
2025,LLY,2025-07-07,2025-07-14,5,772.87,799.34,0.0005973777582695425,0.0,2892,0,0
2025,LLY,2025-07-08,2025-07-09,1,777.66,786.92,0.0005806016607241517,0.0,2893,0,0
2025,LLY,2025-07-08,2025-07-15,5,777.66,771.75,0.0005806016607241517,0.0,2893,0,0
2025,LLY,2025-07-09,2025-07-10,1,786.92,790.65,0.0005673871763419267,0.0,2894,0,0
2025,LLY,2025-07-09,2025-07-16,5,786.92,789.8,0.0005673871763419267,0.0,2894,0,0
2025,LLY,2025-07-10,2025-07-11,1,790.65,793.01,0.0005510364076941142,0.0,2895,0,0
2025,LLY,2025-07-10,2025-07-17,5,790.65,761.5,0.0005510364076941142,0.0,2895,0,0
2025,LLY,2025-07-11,2025-07-14,1,793.01,799.34,0.0005347718061279536,0.0,2896,0,0
2025,LLY,2025-07-11,2025-07-18,5,793.01,771.71,0.0005347718061279536,0.0,2896,0,0
2025,LLY,2025-07-14,2025-07-15,1,799.34,771.75,0.0005206249918182625,0.0,2897,0,0
2025,LLY,2025-07-14,2025-07-21,5,799.34,762.18,0.0005206249918182625,0.0,2897,0,0
2025,LLY,2025-07-15,2025-07-16,1,771.75,789.8,0.0005420207362081537,0.0,2898,0,0
2025,LLY,2025-07-15,2025-07-22,5,771.75,776.44,0.0005420207362081537,0.0,2898,0,0
2025,LLY,2025-07-16,2025-07-17,1,789.8,761.5,0.0005417948775113728,0.0,2899,0,0
2025,LLY,2025-07-16,2025-07-23,5,789.8,798.89,0.0005417948775113728,0.0,2899,0,0
2025,LLY,2025-07-17,2025-07-18,1,761.5,771.71,0.0005654857070184594,0.0,2900,0,0
2025,LLY,2025-07-17,2025-07-24,5,761.5,805.43,0.0005654857070184594,0.0,2900,0,0
2025,LLY,2025-07-18,2025-07-21,1,771.71,762.18,0.0005538427364925847,0.0,2901,0,0
2025,LLY,2025-07-18,2025-07-25,5,771.71,812.69,0.0005538427364925847,0.0,2901,0,0
2025,LLY,2025-07-21,2025-07-22,1,762.18,776.44,0.0005418596809469629,0.0,2902,0,0
2025,LLY,2025-07-21,2025-07-28,5,762.18,808.11,0.0005418596809469629,0.0,2902,0,0
2025,LLY,2025-07-22,2025-07-23,1,776.44,798.89,0.0005359120806614763,0.0,2903,0,0
2025,LLY,2025-07-22,2025-07-29,5,776.44,762.95,0.0005359120806614763,0.0,2903,0,0
2025,LLY,2025-07-23,2025-07-24,1,798.89,805.43,0.0005442088781130963,0.0,2904,0,0
2025,LLY,2025-07-23,2025-07-30,5,798.89,760.08,0.0005442088781130963,0.0,2904,0,0
2025,LLY,2025-07-24,2025-07-25,1,805.43,812.69,0.0005298767697410871,0.0,2905,0,0
2025,LLY,2025-07-24,2025-07-31,5,805.43,740.07,0.0005298767697410871,0.0,2905,0,0
2025,LLY,2025-07-25,2025-07-28,1,812.69,808.11,0.0005163961436481553,0.0,2906,0,0
2025,LLY,2025-07-25,2025-08-01,5,812.69,762.33,0.0005163961436481553,0.0,2906,0,0
2025,LLY,2025-07-28,2025-07-29,1,808.11,762.95,0.0005018624582165421,0.0,2907,0,0
2025,LLY,2025-07-28,2025-08-04,5,808.11,769.0,0.0005018624582165421,0.0,2907,0,0
2025,LLY,2025-07-29,2025-07-30,1,762.95,760.08,0.0005860137143237811,0.0,2908,0,0
2025,LLY,2025-07-29,2025-08-05,5,762.95,765.95,0.0005860137143237811,0.0,2908,0,0
2025,LLY,2025-07-30,2025-07-31,1,760.08,740.07,0.0005688594201794922,0.0,2909,0,0
2025,LLY,2025-07-30,2025-08-06,5,760.08,746.37,0.0005688594201794922,0.0,2909,0,0
2025,LLY,2025-07-31,2025-08-01,1,740.07,762.33,0.0005731465720682679,0.0,2910,0,0
2025,LLY,2025-07-31,2025-08-07,5,740.07,640.86,0.0005731465720682679,0.0,2910,0,0
2025,LLY,2025-08-01,2025-08-04,1,762.33,769.0,0.0005822987386651194,0.0,2911,0,0
2025,LLY,2025-08-01,2025-08-08,5,762.33,625.65,0.0005822987386651194,0.0,2911,0,0
2025,LLY,2025-08-04,2025-08-05,1,769.0,765.95,0.0005671064503870202,0.0,2912,0,0
2025,LLY,2025-08-04,2025-08-11,5,769.0,635.22,0.0005671064503870202,0.0,2912,0,0
2025,LLY,2025-08-05,2025-08-06,1,765.95,746.37,0.0005505670552882152,0.0,2913,0,0
2025,LLY,2025-08-05,2025-08-12,5,765.95,639.43,0.0005505670552882152,0.0,2913,0,0
2025,LLY,2025-08-06,2025-08-07,1,746.37,640.86,0.0005541672543766837,0.0,2914,0,0
2025,LLY,2025-08-06,2025-08-13,5,746.37,660.49,0.0005541672543766837,0.0,2914,0,0
2025,LLY,2025-08-07,2025-08-08,1,640.86,625.65,0.0012344104253685373,0.0,2915,0,0
2025,LLY,2025-08-07,2025-08-14,5,640.86,684.43,0.0012344104253685373,0.0,2915,0,0
2025,LLY,2025-08-08,2025-08-11,1,625.65,635.22,0.0012146868021324971,0.0,2916,0,0
2025,LLY,2025-08-08,2025-08-15,5,625.65,701.23,0.0012146868021324971,0.0,2916,0,0
2025,LLY,2025-08-11,2025-08-12,1,635.22,639.43,0.0011851594308077728,0.0,2917,0,0
2025,LLY,2025-08-11,2025-08-18,5,635.22,698.05,0.0011851594308077728,0.0,2917,0,0
2025,LLY,2025-08-12,2025-08-13,1,639.43,660.49,0.0011509137294140987,0.0,2918,0,0
2025,LLY,2025-08-12,2025-08-19,5,639.43,703.21,0.0011509137294140987,0.0,2918,0,0
2025,LLY,2025-08-13,2025-08-14,1,660.49,684.43,0.0011478885063724942,0.0,2919,0,0
2025,LLY,2025-08-13,2025-08-20,5,660.49,705.44,0.0011478885063724942,0.0,2919,0,0
2025,LLY,2025-08-14,2025-08-15,1,684.43,701.23,0.0011514820315129718,0.0,2920,0,0
2025,LLY,2025-08-14,2025-08-21,5,684.43,709.82,0.0011514820315129718,0.0,2920,0,0
2025,LLY,2025-08-15,2025-08-18,1,701.23,698.05,0.0011345788066225268,0.0,2921,0,0
2025,LLY,2025-08-15,2025-08-22,5,701.23,711.68,0.0011345788066225268,0.0,2921,0,0
2025,LLY,2025-08-18,2025-08-19,1,698.05,703.21,0.0011011612083958557,0.0,2922,0,0
2025,LLY,2025-08-18,2025-08-25,5,698.05,695.33,0.0011011612083958557,0.0,2922,0,0
2025,LLY,2025-08-19,2025-08-20,1,703.21,705.44,0.0010697535953363777,0.0,2923,0,0
2025,LLY,2025-08-19,2025-08-26,5,703.21,736.03,0.0010697535953363777,0.0,2923,0,0
2025,LLY,2025-08-20,2025-08-21,1,705.44,709.82,0.0010379617235313594,0.0,2924,0,0
2025,LLY,2025-08-20,2025-08-27,5,705.44,734.17,0.0010379617235313594,0.0,2924,0,0
2025,LLY,2025-08-21,2025-08-22,1,709.82,711.68,0.0010079722416095384,0.0,2925,0,0
2025,LLY,2025-08-21,2025-08-28,5,709.82,731.96,0.0010079722416095384,0.0,2925,0,0
2025,LLY,2025-08-22,2025-08-25,1,711.68,695.33,0.0009779385280306412,0.0,2926,0,0
2025,LLY,2025-08-22,2025-08-29,5,711.68,732.58,0.0009779385280306412,0.0,2926,0,0
2025,LLY,2025-08-25,2025-08-26,1,695.33,736.03,0.0009648058369324624,0.0,2927,0,0
2025,LLY,2025-08-25,2025-09-02,5,695.33,735.19,0.0009648058369324624,0.0,2927,0,0
2025,LLY,2025-08-26,2025-08-27,1,736.03,734.17,0.0010329364573070784,0.0,2928,0,0
2025,LLY,2025-08-26,2025-09-03,5,736.03,737.83,0.0010329364573070784,0.0,2928,0,0
2025,LLY,2025-08-27,2025-08-28,1,734.17,731.96,0.0010021404314759612,0.0,2929,0,0
2025,LLY,2025-08-27,2025-09-04,5,734.17,742.91,0.0010021404314759612,0.0,2929,0,0
2025,LLY,2025-08-28,2025-08-29,1,731.96,732.58,0.0009723488785694327,0.0,2930,0,0
2025,LLY,2025-08-28,2025-09-05,5,731.96,727.21,0.0009723488785694327,0.0,2930,0,0
2025,LLY,2025-08-29,2025-09-02,1,732.58,735.19,0.0009431999183391157,0.0,2931,0,0
2025,LLY,2025-08-29,2025-09-08,5,732.58,738.64,0.0009431999183391157,0.0,2931,0,0
2025,LLY,2025-09-02,2025-09-03,1,735.19,737.83,0.0009152833643282097,0.0,2932,0,0
2025,LLY,2025-09-02,2025-09-09,5,735.19,750.61,0.0009152833643282097,0.0,2932,0,0
2025,LLY,2025-09-03,2025-09-04,1,737.83,742.91,0.0008882103175633126,0.0,2933,0,0
2025,LLY,2025-09-03,2025-09-10,5,737.83,754.62,0.0008882103175633126,0.0,2933,0,0
2025,LLY,2025-09-04,2025-09-05,1,742.91,727.21,0.0008629763974757397,0.0,2934,0,0
2025,LLY,2025-09-04,2025-09-11,5,742.91,756.28,0.0008629763974757397,0.0,2934,0,0
2025,LLY,2025-09-05,2025-09-08,1,727.21,738.64,0.0008507740971733036,0.0,2935,0,0
2025,LLY,2025-09-05,2025-09-12,5,727.21,755.39,0.0008507740971733036,0.0,2935,0,0
2025,LLY,2025-09-08,2025-09-09,1,738.64,750.61,0.0008325473349710704,0.0,2936,0,0
2025,LLY,2025-09-08,2025-09-15,5,738.64,748.19,0.0008325473349710704,0.0,2936,0,0
2025,LLY,2025-09-09,2025-09-10,1,750.61,754.62,0.0008153236159143525,0.0,2937,0,0
2025,LLY,2025-09-09,2025-09-16,5,750.61,764.71,0.0008153236159143525,0.0,2937,0,0
2025,LLY,2025-09-10,2025-09-11,1,754.62,756.28,0.0007917155675645146,0.0,2938,0,0
2025,LLY,2025-09-10,2025-09-17,5,754.62,760.13,0.0007917155675645146,0.0,2938,0,0
2025,LLY,2025-09-11,2025-09-12,1,756.28,755.39,0.0007681089531490327,0.0,2939,0,0
2025,LLY,2025-09-11,2025-09-18,5,756.28,762.93,0.0007681089531490327,0.0,2939,0,0
2025,LLY,2025-09-12,2025-09-15,1,755.39,748.19,0.0007451072801524393,0.0,2940,0,0
2025,LLY,2025-09-12,2025-09-19,5,755.39,751.99,0.0007451072801524393,0.0,2940,0,0
2025,LLY,2025-09-15,2025-09-16,1,748.19,764.71,0.0007255057535973954,0.0,2941,0,0
2025,LLY,2025-09-15,2025-09-22,5,748.19,754.95,0.0007255057535973954,0.0,2941,0,0
2025,LLY,2025-09-16,2025-09-17,1,764.71,760.13,0.000718049782831901,0.0,2942,0,0
2025,LLY,2025-09-16,2025-09-23,5,764.71,746.98,0.000718049782831901,0.0,2942,0,0
2025,LLY,2025-09-17,2025-09-18,1,760.13,762.93,0.0006975908849581294,0.0,2943,0,0
2025,LLY,2025-09-17,2025-09-24,5,760.13,741.85,0.0006975908849581294,0.0,2943,0,0
2025,LLY,2025-09-18,2025-09-19,1,762.93,751.99,0.0006770687269522256,0.0,2944,0,0
2025,LLY,2025-09-18,2025-09-25,5,762.93,714.59,0.0006770687269522256,0.0,2944,0,0
2025,LLY,2025-09-19,2025-09-22,1,751.99,754.95,0.0006630148961650894,0.0,2945,0,0
2025,LLY,2025-09-19,2025-09-26,5,751.99,724.54,0.0006630148961650894,0.0,2945,0,0
2025,LLY,2025-09-22,2025-09-23,1,754.95,746.98,0.0006435874416815554,0.0,2946,0,0
2025,LLY,2025-09-22,2025-09-29,5,754.95,726.51,0.0006435874416815554,0.0,2946,0,0
2025,LLY,2025-09-23,2025-09-24,1,746.98,741.85,0.000627658962106242,0.0,2947,0,0
2025,LLY,2025-09-23,2025-09-30,5,746.98,763.0,0.000627658962106242,0.0,2947,0,0
2025,LLY,2025-09-24,2025-09-25,1,741.85,714.59,0.0006102539121614983,0.0,2948,0,0
2025,LLY,2025-09-24,2025-10-01,5,741.85,825.42,0.0006102539121614983,0.0,2948,0,0
2025,LLY,2025-09-25,2025-09-26,1,714.59,724.54,0.000633994667873449,0.0,2949,0,0
2025,LLY,2025-09-25,2025-10-02,5,714.59,819.85,0.000633994667873449,0.0,2949,0,0
2025,LLY,2025-09-26,2025-09-29,1,724.54,726.51,0.0006207112511858929,0.0,2950,0,0
2025,LLY,2025-09-26,2025-10-03,5,724.54,839.87,0.0006207112511858929,0.0,2950,0,0
2025,LLY,2025-09-29,2025-09-30,1,726.51,763.0,0.0006023110954955882,0.0,2951,0,0
2025,LLY,2025-09-29,2025-10-06,5,726.51,845.05,0.0006023110954955882,0.0,2951,0,0
2025,LLY,2025-09-30,2025-10-01,1,763.0,825.42,0.0006562887678414462,0.0,2952,0,0
2025,LLY,2025-09-30,2025-10-07,5,763.0,843.63,0.0006562887678414462,0.0,2952,0,0
2025,LLY,2025-10-01,2025-10-02,1,825.42,819.85,0.0008221007763549209,0.0,2953,0,0
2025,LLY,2025-10-01,2025-10-08,5,825.42,845.72,0.0008221007763549209,0.0,2953,0,0
2025,LLY,2025-10-02,2025-10-03,1,819.85,839.87,0.0007988131263896697,0.0,2954,0,0
2025,LLY,2025-10-02,2025-10-09,5,819.85,855.35,0.0007988131263896697,0.0,2954,0,0
2025,LLY,2025-10-03,2025-10-06,1,839.87,845.05,0.0007923102453872342,0.0,2955,0,0
2025,LLY,2025-10-03,2025-10-10,5,839.87,833.49,0.0007923102453872342,0.0,2955,0,0
2025,LLY,2025-10-06,2025-10-07,1,845.05,843.63,0.0007696751257206448,0.0,2956,0,0
2025,LLY,2025-10-06,2025-10-13,5,845.05,819.4,0.0007696751257206448,0.0,2956,0,0
2025,LLY,2025-10-07,2025-10-08,1,843.63,845.72,0.0007466697242101738,0.0,2957,0,0
2025,LLY,2025-10-07,2025-10-14,5,843.63,812.35,0.0007466697242101738,0.0,2957,0,0
2025,LLY,2025-10-08,2025-10-09,1,845.72,855.35,0.0007244533011149521,0.0,2958,0,0
2025,LLY,2025-10-08,2025-10-15,5,845.72,826.57,0.0007244533011149521,0.0,2958,0,0
2025,LLY,2025-10-09,2025-10-10,1,855.35,833.49,0.0007065656086424548,0.0,2959,0,0
2025,LLY,2025-10-09,2025-10-16,5,855.35,819.38,0.0007065656086424548,0.0,2959,0,0
2025,LLY,2025-10-10,2025-10-13,1,833.49,819.4,0.000705475908076923,0.0,2960,0,0
2025,LLY,2025-10-10,2025-10-17,5,833.49,802.83,0.000705475908076923,0.0,2960,0,0
2025,LLY,2025-10-13,2025-10-14,1,819.4,812.35,0.0006930320300596627,0.0,2961,0,0
2025,LLY,2025-10-13,2025-10-20,5,819.4,808.96,0.0006930320300596627,0.0,2961,0,0
2025,LLY,2025-10-14,2025-10-15,1,812.35,826.57,0.000674481118794988,0.0,2962,0,0
2025,LLY,2025-10-14,2025-10-21,5,812.35,799.57,0.000674481118794988,0.0,2962,0,0
2025,LLY,2025-10-15,2025-10-16,1,826.57,819.38,0.0006632808233390322,0.0,2963,0,0
2025,LLY,2025-10-15,2025-10-22,5,826.57,812.43,0.0006632808233390322,0.0,2963,0,0
2025,LLY,2025-10-16,2025-10-17,1,819.38,802.83,0.0006456722709999039,0.0,2964,0,0
2025,LLY,2025-10-16,2025-10-23,5,819.38,821.04,0.0006456722709999039,0.0,2964,0,0
2025,LLY,2025-10-17,2025-10-20,1,802.83,808.96,0.000638792988457611,0.0,2965,0,0
2025,LLY,2025-10-17,2025-10-24,5,802.83,825.45,0.000638792988457611,0.0,2965,0,0
2025,LLY,2025-10-20,2025-10-21,1,808.96,799.57,0.0006213649579770475,0.0,2966,0,0
2025,LLY,2025-10-20,2025-10-27,5,808.96,826.41,0.0006213649579770475,0.0,2966,0,0
2025,LLY,2025-10-21,2025-10-22,1,799.57,812.43,0.0006068134504274864,0.0,2967,0,0
2025,LLY,2025-10-21,2025-10-28,5,799.57,820.1,0.0006068134504274864,0.0,2967,0,0
2025,LLY,2025-10-22,2025-10-23,1,812.43,821.04,0.0005962465524037977,0.0,2968,0,0
2025,LLY,2025-10-22,2025-10-29,5,812.43,813.53,0.0005962465524037977,0.0,2968,0,0
2025,LLY,2025-10-23,2025-10-24,1,821.04,825.45,0.0005816932147304648,0.0,2969,0,0
2025,LLY,2025-10-23,2025-10-30,5,821.04,844.5,0.0005816932147304648,0.0,2969,0,0
2025,LLY,2025-10-24,2025-10-27,1,825.45,826.41,0.000565103297671997,0.0,2970,0,0
2025,LLY,2025-10-24,2025-10-31,5,825.45,862.86,0.000565103297671997,0.0,2970,0,0
2025,LLY,2025-10-27,2025-10-28,1,826.41,820.1,0.0005481907288102022,0.0,2971,0,0
2025,LLY,2025-10-27,2025-11-03,5,826.41,896.53,0.0005481907288102022,0.0,2971,0,0
2025,LLY,2025-10-28,2025-10-29,1,820.1,813.53,0.0005335074515336209,0.0,2972,0,0
2025,LLY,2025-10-28,2025-11-04,5,820.1,906.86,0.0005335074515336209,0.0,2972,0,0
2025,LLY,2025-10-29,2025-10-30,1,813.53,844.5,0.0005194431552835359,0.0,2973,0,0
2025,LLY,2025-10-29,2025-11-05,5,813.53,925.81,0.0005194431552835359,0.0,2973,0,0
2025,LLY,2025-10-30,2025-10-31,1,844.5,862.86,0.0005457372808077973,0.0,2974,0,0
2025,LLY,2025-10-30,2025-11-06,5,844.5,937.44,0.0005457372808077973,0.0,2974,0,0
2025,LLY,2025-10-31,2025-11-03,1,862.86,896.53,0.00054324261894332,0.0,2975,0,0
2025,LLY,2025-10-31,2025-11-07,5,862.86,924.37,0.00054324261894332,0.0,2975,0,0
2025,LLY,2025-11-03,2025-11-04,1,896.53,906.86,0.0005709044911249551,0.0,2976,0,0
2025,LLY,2025-11-03,2025-11-10,5,896.53,966.64,0.0005709044911249551,0.0,2976,0,0
2025,LLY,2025-11-04,2025-11-05,1,906.86,925.81,0.0005577147793994326,0.0,2977,0,0
2025,LLY,2025-11-04,2025-11-11,5,906.86,988.62,0.0005577147793994326,0.0,2977,0,0
2025,LLY,2025-11-05,2025-11-06,1,925.81,937.44,0.0005538143828625672,0.0,2978,0,0
2025,LLY,2025-11-05,2025-11-12,5,925.81,1017.78,0.0005538143828625672,0.0,2978,0,0
2025,LLY,2025-11-06,2025-11-07,1,937.44,924.37,0.0005418752536636719,0.0,2979,0,0
2025,LLY,2025-11-06,2025-11-13,5,937.44,1022.87,0.0005418752536636719,0.0,2979,0,0
2025,LLY,2025-11-07,2025-11-10,1,924.37,966.64,0.0005315329232336557,0.0,2980,0,0
2025,LLY,2025-11-07,2025-11-14,5,924.37,1025.28,0.0005315329232336557,0.0,2980,0,0
2025,LLY,2025-11-10,2025-11-11,1,966.64,988.62,0.0005755664283745997,0.0,2981,0,0
2025,LLY,2025-11-10,2025-11-17,5,966.64,1021.7,0.0005755664283745997,0.0,2981,0,0
2025,LLY,2025-11-11,2025-11-12,1,988.62,1017.78,0.000573465195589528,0.0,2982,0,0
2025,LLY,2025-11-11,2025-11-18,5,988.62,1030.05,0.000573465195589528,0.0,2982,0,0
2025,LLY,2025-11-12,2025-11-13,1,1017.78,1022.87,0.0005816114991287954,0.0,2983,0,0
2025,LLY,2025-11-12,2025-11-19,5,1017.78,1049.6,0.0005816114991287954,0.0,2983,0,0
2025,LLY,2025-11-13,2025-11-14,1,1022.87,1025.28,0.000564909743117297,0.0,2984,0,0
2025,LLY,2025-11-13,2025-11-20,5,1022.87,1043.29,0.000564909743117297,0.0,2984,0,0
2025,LLY,2025-11-14,2025-11-17,1,1025.28,1021.7,0.0005481285977122595,0.0,2985,0,0
2025,LLY,2025-11-14,2025-11-21,5,1025.28,1059.7,0.0005481285977122595,0.0,2985,0,0
2025,LLY,2025-11-17,2025-11-18,1,1021.7,1030.05,0.0005320517861954636,0.0,2986,0,0
2025,LLY,2025-11-17,2025-11-24,5,1021.7,1070.16,0.0005320517861954636,0.0,2986,0,0
2025,LLY,2025-11-18,2025-11-19,1,1030.05,1049.6,0.0005180777462053848,0.0,2987,0,0
2025,LLY,2025-11-18,2025-11-25,5,1030.05,1109.94,0.0005180777462053848,0.0,2987,0,0
2025,LLY,2025-11-19,2025-11-20,1,1049.6,1043.29,0.0005131406380610987,0.0,2988,0,0
2025,LLY,2025-11-19,2025-11-26,5,1049.6,1104.34,0.0005131406380610987,0.0,2988,0,0
2025,LLY,2025-11-20,2025-11-21,1,1043.29,1059.7,0.000498837230626975,0.0,2989,0,0
2025,LLY,2025-11-20,2025-11-28,5,1043.29,1075.47,0.000498837230626975,0.0,2989,0,0
2025,LLY,2025-11-21,2025-11-24,1,1059.7,1070.16,0.0004911791560311822,0.0,2990,0,0
2025,LLY,2025-11-21,2025-12-01,5,1059.7,1057.89,0.0004911791560311822,0.0,2990,0,0
2025,LLY,2025-11-24,2025-11-25,1,1070.16,1109.94,0.00047933812093104474,0.0,2991,0,0
2025,LLY,2025-11-24,2025-12-02,5,1070.16,1046.12,0.00047933812093104474,0.0,2991,0,0
2025,LLY,2025-11-25,2025-11-26,1,1109.94,1104.34,0.00050492063712047,0.0,2992,0,0
2025,LLY,2025-11-25,2025-12-03,5,1109.94,1033.56,0.00050492063712047,0.0,2992,0,0
2025,LLY,2025-11-26,2025-11-28,1,1104.34,1075.47,0.0004905405457405065,0.0,2993,0,0
2025,LLY,2025-11-26,2025-12-04,5,1104.34,1014.49,0.0004905405457405065,0.0,2993,0,0
2025,LLY,2025-11-28,2025-12-01,1,1075.47,1057.89,0.0004968760851452636,0.0,2994,0,0
2025,LLY,2025-11-28,2025-12-05,5,1075.47,1010.31,0.0004968760851452636,0.0,2994,0,0
2025,LLY,2025-12-01,2025-12-02,1,1057.89,1046.12,0.0004901189158372952,0.0,2995,0,0
2025,LLY,2025-12-01,2025-12-08,5,1057.89,997.59,0.0004901189158372952,0.0,2995,0,0
2025,LLY,2025-12-02,2025-12-03,1,1046.12,1033.56,0.00047917067426700763,0.0,2996,0,0
2025,LLY,2025-12-02,2025-12-09,5,1046.12,982.22,0.00047917067426700763,0.0,2996,0,0
2025,LLY,2025-12-03,2025-12-04,1,1033.56,1014.49,0.0004691725692393281,0.0,2997,0,0
2025,LLY,2025-12-03,2025-12-10,5,1033.56,993.64,0.0004691725692393281,0.0,2997,0,0
2025,LLY,2025-12-04,2025-12-05,1,1014.49,1010.31,0.00046550202178844796,0.0,2998,0,0
2025,LLY,2025-12-04,2025-12-11,5,1014.49,1009.38,0.00046550202178844796,0.0,2998,0,0
2025,LLY,2025-12-05,2025-12-08,1,1010.31,997.59,0.0004520483729757209,0.0,2999,0,0
2025,LLY,2025-12-05,2025-12-12,5,1010.31,1027.51,0.0004520483729757209,0.0,2999,0,0
2025,LLY,2025-12-08,2025-12-09,1,997.59,982.22,0.00044330288242601303,0.0,3000,0,0
2025,LLY,2025-12-08,2025-12-15,5,997.59,1062.19,0.00044330288242601303,0.0,3000,0,0
2025,LLY,2025-12-09,2025-12-10,1,982.22,993.64,0.0004372364785112522,0.0,3001,0,0
2025,LLY,2025-12-09,2025-12-16,5,982.22,1054.29,0.0004372364785112522,0.0,3001,0,0
2025,LLY,2025-12-10,2025-12-11,1,993.64,1009.38,0.00042812815090353165,0.0,3002,0,0
2025,LLY,2025-12-10,2025-12-17,5,993.64,1041.79,0.00042812815090353165,0.0,3002,0,0
2025,LLY,2025-12-11,2025-12-12,1,1009.38,1027.51,0.00042269464424388105,0.0,3003,0,0
2025,LLY,2025-12-11,2025-12-18,5,1009.38,1056.88,0.00042269464424388105,0.0,3003,0,0
2025,LLY,2025-12-12,2025-12-15,1,1027.51,1062.19,0.00041952126784847036,0.0,3004,0,0
2025,LLY,2025-12-12,2025-12-19,5,1027.51,1071.44,0.00041952126784847036,0.0,3004,0,0
2025,LLY,2025-12-15,2025-12-16,1,1062.19,1054.29,0.00043999170510605176,0.0,3005,0,0
2025,LLY,2025-12-15,2025-12-22,5,1062.19,1076.48,0.00043999170510605176,0.0,3005,0,0
2025,LLY,2025-12-16,2025-12-17,1,1054.29,1041.79,0.00042846385713627577,0.0,3006,0,0
2025,LLY,2025-12-16,2025-12-23,5,1054.29,1071.64,0.00042846385713627577,0.0,3006,0,0
2025,LLY,2025-12-17,2025-12-18,1,1041.79,1056.88,0.0004198776608573315,0.0,3007,0,0
2025,LLY,2025-12-17,2025-12-24,5,1041.79,1076.98,0.0004198776608573315,0.0,3007,0,0
2025,LLY,2025-12-18,2025-12-19,1,1056.88,1071.44,0.0004134855395512015,0.0,3008,0,0
2025,LLY,2025-12-18,2025-12-26,5,1056.88,1077.75,0.0004134855395512015,0.0,3008,0,0
2025,LLY,2025-12-19,2025-12-22,1,1071.44,1076.48,0.0004066971879630731,0.0,3009,0,0
2025,LLY,2025-12-19,2025-12-29,5,1071.44,1078.73,0.0004066971879630731,0.0,3009,0,0
2025,LLY,2025-12-22,2025-12-23,1,1076.48,1071.64,0.0003951569775004434,0.0,3010,0,0
2025,LLY,2025-12-22,2025-12-30,5,1076.48,1079.75,0.0003951569775004434,0.0,3010,0,0
2025,LLY,2025-12-23,2025-12-24,1,1071.64,1076.98,0.00038391146321998295,0.0,3011,0,0
2025,LLY,2025-12-23,2025-12-31,5,1071.64,1074.68,0.00038391146321998295,0.0,3011,0,0
2025,LLY,2025-12-24,2025-12-26,1,1076.98,1077.75,0.0003731353379433045,0.0,3012,0,0
2025,LLY,2025-12-26,2025-12-29,1,1077.75,1078.73,0.0003619566019769637,0.0,3013,0,0
2025,LLY,2025-12-29,2025-12-30,1,1078.73,1079.75,0.0003511226862734545,0.0,3014,0,0
2025,LLY,2025-12-30,2025-12-31,1,1079.75,1074.68,0.00034061580264946995,0.0,3015,0,0
2026,GS,2026-08-04,2026-08-05,1,1053.13,1060.53,0.0006340259028545116,0.0,61,4,4
2026,GS,2026-08-04,2026-08-11,5,1053.13,1033.87,0.0006340259028545116,0.0,61,4,4
2026,GS,2026-08-05,2026-08-06,1,1060.53,1032.09,0.0006164760082556901,0.0,62,0,0
2026,GS,2026-08-05,2026-08-12,5,1060.53,1035.89,0.0006164760082556901,0.0,62,0,0
2026,GS,2026-08-06,2026-08-07,1,1032.09,1040.0,0.0006201490468791515,0.0,63,0,0
2026,GS,2026-08-06,2026-08-13,5,1032.09,1042.395,0.0006201490468791515,0.0,63,0,0
2026,GS,2026-08-07,2026-08-10,1,1040.0,1033.87,0.0006032932991996941,0.0,64,0,0
2026,GS,2026-08-07,2026-08-14,5,1040.0,1038.99,0.0006032932991996941,0.0,64,0,0
2026,GS,2026-08-10,2026-08-11,1,1033.87,1033.87,0.0005862429355991954,0.0,65,0,0
2026,GS,2026-08-10,2026-08-17,5,1033.87,1051.22,0.0005862429355991954,0.0,65,0,0
2026,GS,2026-08-11,2026-08-12,1,1033.87,1035.89,0.0005686556475312196,0.0,66,0,0
2026,GS,2026-08-11,2026-08-18,5,1033.87,1039.98,0.0005686556475312196,0.0,66,0,0
2026,GS,2026-08-12,2026-08-13,1,1035.89,1042.395,0.0005517102775923916,0.0,67,0,0
2026,GS,2026-08-12,2026-08-19,5,1035.89,1021.44,0.0005517102775923916,0.0,67,0,0
2026,GS,2026-08-13,2026-08-14,1,1042.395,1038.99,0.0005363345933583622,0.0,68,0,0
2026,GS,2026-08-14,2026-08-17,1,1038.99,1051.22,0.0005205657081356357,0.0,69,0,0
2026,GS,2026-08-14,2026-08-21,5,1038.99,1039.63,0.0005205657081356357,0.0,69,0,0
2026,GS,2026-08-17,2026-08-18,1,1051.22,1039.98,0.0005090570565727557,0.0,70,0,0
2026,GS,2026-08-17,2026-08-24,5,1051.22,1036.36,0.0005090570565727557,0.0,70,0,0
2026,GS,2026-08-18,2026-08-19,1,1039.98,1021.44,0.000497252163272715,0.0,71,0,0
2026,GS,2026-08-18,2026-08-25,5,1039.98,1058.68,0.000497252163272715,0.0,71,0,0
2026,GS,2026-08-19,2026-08-26,5,1021.44,1040.7,0.000492041735296913,0.0,72,0,0
2026,GS,2026-08-21,2026-08-24,1,1039.63,1036.36,0.000492041735296913,0.0,72,2,2
2026,GS,2026-08-21,2026-08-28,5,1039.63,1033.39,0.000492041735296913,0.0,72,2,2
2026,GS,2026-08-24,2026-08-25,1,1036.36,1058.68,0.00047757821622558175,0.0,73,0,0
2026,GS,2026-08-24,2026-08-31,5,1036.36,1026.135,0.00047757821622558175,0.0,73,0,0
2026,GS,2026-08-25,2026-08-26,1,1058.68,1040.7,0.00047687214759072527,0.0,74,0,0
2026,GS,2026-08-25,2026-09-01,5,1058.68,1001.76,0.00047687214759072527,0.0,74,0,0
2026,GS,2026-08-26,2026-08-27,1,1040.7,1040.4,0.00047136835574762494,0.0,75,0,0
2026,GS,2026-08-26,2026-09-02,5,1040.7,1004.59,0.00047136835574762494,0.0,75,0,0
2026,GS,2026-08-27,2026-08-28,1,1040.4,1033.39,0.0004572297987387797,0.0,76,0,0
2026,GS,2026-08-27,2026-09-03,5,1040.4,1037.36,0.0004572297987387797,0.0,76,0,0
2026,GS,2026-08-28,2026-08-31,1,1033.39,1026.135,0.0004448840739420871,0.0,77,0,0
2026,GS,2026-08-28,2026-09-04,5,1033.39,1037.91,0.0004448840739420871,0.0,77,0,0
2026,GS,2026-08-31,2026-09-01,1,1026.135,1001.76,0.0004330266574587556,0.0,78,0,0
2026,GS,2026-09-01,2026-09-02,1,1001.76,1004.59,0.0004373747520275287,0.0,79,0,0
2026,GS,2026-09-02,2026-09-03,1,1004.59,1037.36,0.0004244922583234111,0.0,80,0,0
2026,GS,2026-09-03,2026-09-04,1,1037.36,1037.91,0.00044266887801248207,0.0,81,0,0
2026,LLY,2026-08-04,2026-08-05,1,1117.47,1169.29,0.0004104312470375715,0.0,61,4,4
2026,LLY,2026-08-04,2026-08-11,5,1117.47,1212.92,0.0004104312470375715,0.0,61,4,4
2026,LLY,2026-08-05,2026-08-06,1,1169.29,1191.84,0.0004597612860737128,0.0,62,0,0
2026,LLY,2026-08-05,2026-08-12,5,1169.29,1219.975,0.0004597612860737128,0.0,62,0,0
2026,LLY,2026-08-06,2026-08-07,1,1191.84,1185.96,0.00045691458626094056,0.0,63,0,0
2026,LLY,2026-08-06,2026-08-13,5,1191.84,1209.09,0.00045691458626094056,0.0,63,0,0
2026,LLY,2026-08-07,2026-08-10,1,1185.96,1230.9,0.0004439409644136915,0.0,64,0,0
2026,LLY,2026-08-07,2026-08-14,5,1185.96,1180.325,0.0004439409644136915,0.0,64,0,0
2026,LLY,2026-08-10,2026-08-11,1,1230.9,1212.92,0.00047212239315465597,0.0,65,0,0
2026,LLY,2026-08-10,2026-08-17,5,1230.9,1185.04,0.00047212239315465597,0.0,65,0,0
2026,LLY,2026-08-11,2026-08-12,1,1212.92,1219.975,0.00046445459942538123,0.0,66,0,0
2026,LLY,2026-08-11,2026-08-18,5,1212.92,1226.66,0.00046445459942538123,0.0,66,0,0
2026,LLY,2026-08-12,2026-08-13,1,1219.975,1209.09,0.0004515300539585897,0.0,67,0,0
2026,LLY,2026-08-12,2026-08-19,5,1219.975,1280.56,0.0004515300539585897,0.0,67,0,0
2026,LLY,2026-08-13,2026-08-14,1,1209.09,1180.325,0.00044039386719013006,0.0,68,0,0
2026,LLY,2026-08-14,2026-08-17,1,1180.325,1185.04,0.0004445748227889617,0.0,69,0,0
2026,LLY,2026-08-14,2026-08-21,5,1180.325,1255.2,0.0004445748227889617,0.0,69,0,0
2026,LLY,2026-08-17,2026-08-18,1,1185.04,1226.66,0.00043171439260977963,0.0,70,0,0
2026,LLY,2026-08-17,2026-08-24,5,1185.04,1247.35,0.00043171439260977963,0.0,70,0,0
2026,LLY,2026-08-18,2026-08-19,1,1226.66,1280.56,0.0004545087649053915,0.0,71,0,0
2026,LLY,2026-08-18,2026-08-25,5,1226.66,1233.4,0.0004545087649053915,0.0,71,0,0
2026,LLY,2026-08-19,2026-08-26,5,1280.56,1189.35,0.0004963498322744824,0.0,72,0,0
2026,LLY,2026-08-21,2026-08-24,1,1255.2,1247.35,0.0004963498322744824,0.0,72,2,2
2026,LLY,2026-08-21,2026-08-28,5,1255.2,1173.85,0.0004963498322744824,0.0,72,2,2
2026,LLY,2026-08-24,2026-08-25,1,1247.35,1233.4,0.00048264008710935234,0.0,73,0,0
2026,LLY,2026-08-24,2026-08-31,5,1247.35,1158.59,0.00048264008710935234,0.0,73,0,0
2026,LLY,2026-08-25,2026-08-26,1,1233.4,1189.35,0.00047195554403589476,0.0,74,0,0
2026,LLY,2026-08-25,2026-09-01,5,1233.4,1159.75,0.00047195554403589476,0.0,74,0,0
2026,LLY,2026-08-26,2026-08-27,1,1189.35,1175.64,0.0004974750439909991,0.0,75,0,0
2026,LLY,2026-08-26,2026-09-02,5,1189.35,1159.72,0.0004974750439909991,0.0,75,0,0
2026,LLY,2026-08-27,2026-08-28,1,1175.64,1173.85,0.0004865835980923667,0.0,76,0,0
2026,LLY,2026-08-27,2026-09-03,5,1175.64,1159.535,0.0004865835980923667,0.0,76,0,0
2026,LLY,2026-08-28,2026-08-31,1,1173.85,1158.59,0.0004720557432214074,0.0,77,0,0
2026,LLY,2026-08-28,2026-09-04,5,1173.85,1148.47,0.0004720557432214074,0.0,77,0,0
2026,LLY,2026-08-31,2026-09-01,1,1158.59,1159.75,0.00046303074186386994,0.0,78,0,0
2026,LLY,2026-09-01,2026-09-02,1,1159.75,1159.72,0.0004491698625901235,0.0,79,0,0
2026,LLY,2026-09-02,2026-09-03,1,1159.72,1159.535,0.00043569478678698905,0.0,80,0,0
2026,LLY,2026-09-03,2026-09-04,1,1159.535,1148.47,0.00042262470671618516,0.0,81,0,0
