period,ticker,horizon,method,replicate,n_dates,median_mae,mean_mae,mse,crps,coverage,width,bias,median_mae_pct,crps_pct,width_pct,rmse
2025,GS,1,Adaptive volatility,1,249,9.139169306753528,9.12004475179274,150.871798837624,6.751109855581982,0.9357429718875502,42.46639059532861,-1.0955999556338873,1.3838977138186415,1.0283941875651672,6.393764198655591,12.282988188450886
2025,GS,1,Adaptive volatility,2,249,9.118278555511614,9.106739343720557,150.54889552975345,6.741573131033361,0.9357429718875502,42.44517960420014,-1.0853563142070461,1.3809294066452047,1.0270013030085157,6.39003414960321,12.269836817568253
2025,GS,1,Adaptive volatility,3,249,9.13241201446129,9.11019756062446,150.51729279044028,6.737615450530884,0.9317269076305221,42.40682377590503,-1.1039794363379303,1.3829756538997335,1.0262657293021593,6.384824814540405,12.268548927662158
2025,GS,1,Directional,1,249,9.139169306753528,9.12004475179274,150.871798837624,6.751109855581982,0.9357429718875502,42.46639059532861,-1.0955999556338873,1.3838977138186415,1.0283941875651672,6.393764198655591,12.282988188450886
2025,GS,1,Directional,2,249,9.118278555511614,9.106739343720557,150.54889552975345,6.741573131033361,0.9357429718875502,42.44517960420014,-1.0853563142070461,1.3809294066452047,1.0270013030085157,6.39003414960321,12.269836817568253
2025,GS,1,Directional,3,249,9.13241201446129,9.11019756062446,150.51729279044028,6.737615450530884,0.9317269076305221,42.40682377590503,-1.1039794363379303,1.3829756538997335,1.0262657293021593,6.384824814540405,12.268548927662158
2025,GS,1,JumpHMM,1,249,9.100351937694755,9.07840298088338,150.05661297015075,6.660816890404322,0.8795180722891566,34.700355843484175,-0.8611425243887463,1.3784720694181114,1.0155416882725132,5.058651132440634,12.249759710710686
2025,GS,1,JumpHMM,2,249,9.102057606474133,9.091422470992303,150.41550652206442,6.665040136117306,0.8755020080321285,34.64934418783359,-0.8690376492362646,1.378300915294761,1.0158313795664125,5.051434062789358,12.264399965838704
2025,GS,1,JumpHMM,3,249,9.097095312354929,9.094628192912502,150.16565599666,6.66109950116827,0.8795180722891566,34.645008826205974,-0.8691718869078158,1.3777408369304387,1.0154842823997372,5.050346798795892,12.254209725504946
2025,GS,1,Unchanged,1,249,9.133212851405625,9.133212851405693,150.86364056224969,9.133212851405625,0.0,0.0,-1.2210040160643192,1.3831897692042503,1.38318976920425,0.0,12.282656087436857
2025,GS,1,Unchanged,2,249,9.133212851405625,9.133212851405693,150.86364056224969,9.133212851405625,0.0,0.0,-1.2210040160643192,1.3831897692042503,1.38318976920425,0.0,12.282656087436857
2025,GS,1,Unchanged,3,249,9.133212851405625,9.133212851405693,150.86364056224969,9.133212851405625,0.0,0.0,-1.2210040160643192,1.3831897692042503,1.38318976920425,0.0,12.282656087436857
2025,GS,5,Adaptive volatility,1,245,22.616349731705206,22.384038235261762,815.6931527662948,16.31779986604258,0.8979591836734694,94.86469653416054,-5.7813864211928045,3.478771064423122,2.512185199274496,14.34679896762702,28.56034230828291
2025,GS,5,Adaptive volatility,2,245,22.620811390510035,22.41390958038116,815.9845997909428,16.329250245699043,0.8979591836734694,94.849540229875,-5.754489299359774,3.4796629582446306,2.513562591410394,14.344237147813711,28.56544415532415
2025,GS,5,Adaptive volatility,3,245,22.61625236790023,22.40936822884071,816.5340591108229,16.323702407852565,0.8979591836734694,94.87654876817142,-5.791985415244347,3.4782960177206315,2.512534106249746,14.349719486439696,28.575060089365042
2025,GS,5,Directional,1,245,22.616349731705206,22.384038235261762,815.6931527662948,16.31779986604258,0.8979591836734694,94.86469653416054,-5.7813864211928045,3.478771064423122,2.512185199274496,14.34679896762702,28.56034230828291
2025,GS,5,Directional,2,245,22.620811390510035,22.41390958038116,815.9845997909428,16.329250245699043,0.8979591836734694,94.849540229875,-5.754489299359774,3.4796629582446306,2.513562591410394,14.344237147813711,28.56544415532415
2025,GS,5,Directional,3,245,22.61625236790023,22.40936822884071,816.5340591108229,16.323702407852565,0.8979591836734694,94.87654876817142,-5.791985415244347,3.4782960177206315,2.512534106249746,14.349719486439696,28.575060089365042
2025,GS,5,JumpHMM,1,245,22.281682928079928,22.300570520297295,806.8813645927033,16.20743748912075,0.8448979591836735,84.71719263652341,-4.660308842498316,3.4242425362979008,2.5020225173203166,12.416327085498674,28.40565726387445
2025,GS,5,JumpHMM,2,245,22.3367657657452,22.33912595734366,808.6470905029369,16.233730982746707,0.8408163265306122,84.60383148677153,-4.714215183305796,3.431750713201793,2.5056080111328156,12.395499450317987,28.43672081135476
2025,GS,5,JumpHMM,3,245,22.30872586965083,22.33832692287164,808.214920639281,16.221994967499793,0.8448979591836735,84.81963578979139,-4.677015777807708,3.428254744283188,2.5043849071550444,12.42575869895398,28.429120996599263
2025,GS,5,Unchanged,1,245,22.613673469387756,22.613673469387802,826.8245906122479,22.613673469387752,0.0,0.0,-6.427714285714349,3.478592442580372,3.4785924425803714,0.0,28.754557736335432
2025,GS,5,Unchanged,2,245,22.613673469387756,22.613673469387802,826.8245906122479,22.613673469387752,0.0,0.0,-6.427714285714349,3.478592442580372,3.4785924425803714,0.0,28.754557736335432
2025,GS,5,Unchanged,3,245,22.613673469387756,22.613673469387802,826.8245906122479,22.613673469387752,0.0,0.0,-6.427714285714349,3.478592442580372,3.4785924425803714,0.0,28.754557736335432
2025,LLY,1,Adaptive volatility,1,249,14.0535868636647,14.020717444047254,417.7332835883113,10.635630618974611,0.9357429718875502,67.63957793426549,-0.926615447606385,1.724695428570786,1.3085676306615708,8.288476604980676,20.438524496360085
2025,LLY,1,Adaptive volatility,2,249,14.0849499075079,14.019824731106631,417.8317941136513,10.639650907889592,0.9357429718875502,67.59670508340312,-0.9243136033747676,1.7283697993958795,1.3090938404854293,8.283670921493368,20.440934276927052
2025,LLY,1,Adaptive volatility,3,249,14.031036715848154,14.000815651852536,416.3132986797538,10.622572438789076,0.927710843373494,67.59128679034445,-0.9216639025663956,1.7214172751787324,1.306806831292097,8.28322164728398,20.40375697462979
2025,LLY,1,Directional,1,249,14.0535868636647,14.020717444047254,417.7332835883113,10.635630618974611,0.9357429718875502,67.63957793426549,-0.926615447606385,1.724695428570786,1.3085676306615708,8.288476604980676,20.438524496360085
2025,LLY,1,Directional,2,249,14.0849499075079,14.019824731106631,417.8317941136513,10.639650907889592,0.9357429718875502,67.59670508340312,-0.9243136033747676,1.7283697993958795,1.3090938404854293,8.283670921493368,20.440934276927052
2025,LLY,1,Directional,3,249,14.031036715848154,14.000815651852536,416.3132986797538,10.622572438789076,0.927710843373494,67.59128679034445,-0.9216639025663956,1.7214172751787324,1.306806831292097,8.28322164728398,20.40375697462979
2025,LLY,1,JumpHMM,1,249,14.025557949726174,13.994278767227142,417.0708272831625,10.663663618929625,0.7751004016064257,40.23905592133521,-0.7195639451716879,1.7207996632204998,1.3118185941760898,4.866895002628664,20.422311996518967
2025,LLY,1,JumpHMM,2,249,14.033867630293358,13.997499323776246,417.13458568750394,10.665701870232718,0.7710843373493976,40.22802797723842,-0.7333089014543318,1.72175718122742,1.312045053563483,4.864929815962974,20.423872935550296
2025,LLY,1,JumpHMM,3,249,14.04169166930235,13.993126735105879,417.34378764663956,10.668099506940703,0.7791164658634538,40.22552190285546,-0.7271269377355676,1.7228388276066509,1.312397079100599,4.864085946578507,20.428993799172773
2025,LLY,1,Unchanged,1,249,14.072409638554216,14.072409638554102,417.9447730923646,14.07240963855422,0.0,0.0,-1.1912048192770563,1.726752141987195,1.7267521419871952,0.0,20.443697637471665
2025,LLY,1,Unchanged,2,249,14.072409638554216,14.072409638554102,417.9447730923646,14.07240963855422,0.0,0.0,-1.1912048192770563,1.726752141987195,1.7267521419871952,0.0,20.443697637471665
2025,LLY,1,Unchanged,3,249,14.072409638554216,14.072409638554102,417.9447730923646,14.07240963855422,0.0,0.0,-1.1912048192770563,1.726752141987195,1.7267521419871952,0.0,20.443697637471665
2025,LLY,5,Adaptive volatility,1,245,39.37966400658195,39.14357560179633,2523.735458188248,28.567063000816063,0.8448979591836735,151.44296757114296,-4.769801490716577,4.822004746672595,3.5072651414481295,18.63357995862988,50.236793868520785
2025,LLY,5,Adaptive volatility,2,245,39.395513413881346,39.15863469273638,2524.6191576669453,28.580807045003294,0.8408163265306122,151.2949581561603,-4.805346300392552,4.823012246342051,3.5087689088566076,18.613815393733102,50.245588439851566
2025,LLY,5,Adaptive volatility,3,245,39.287836876448644,39.09069918205207,2522.260304626038,28.56737575062223,0.8448979591836735,151.37359391993442,-4.7953348038819,4.8093374895385175,3.507141273088768,18.624052423612255,50.22210971898769
2025,LLY,5,Directional,1,245,39.37966400658195,39.14357560179633,2523.735458188248,28.567063000816063,0.8448979591836735,151.44296757114296,-4.769801490716577,4.822004746672595,3.5072651414481295,18.63357995862988,50.236793868520785
2025,LLY,5,Directional,2,245,39.395513413881346,39.15863469273638,2524.6191576669453,28.580807045003294,0.8408163265306122,151.2949581561603,-4.805346300392552,4.823012246342051,3.5087689088566076,18.613815393733102,50.245588439851566
2025,LLY,5,Directional,3,245,39.287836876448644,39.09069918205207,2522.260304626038,28.56737575062223,0.8448979591836735,151.37359391993442,-4.7953348038819,4.8093374895385175,3.507141273088768,18.624052423612255,50.22210971898769
2025,LLY,5,JumpHMM,1,245,39.093330219492394,38.957754315758855,2514.4211982683787,29.588969502023826,0.7020408163265306,100.47335264060308,-3.821725849904272,4.785074653038502,3.627470751315765,12.213955701185652,50.144004609408476
2025,LLY,5,JumpHMM,2,245,39.100992117338116,38.97008015814496,2514.7605942106666,29.603817185435393,0.7061224489795919,100.37165033710852,-3.854178994284609,4.786044125292491,3.62949134225567,12.200713317418586,50.14738870779481
2025,LLY,5,JumpHMM,3,245,39.09923847960316,38.991434048677974,2518.248254371542,29.620322055587117,0.689795918367347,100.34532550852582,-3.8529157670099394,4.786096521779018,3.6316500455702885,12.1963446647068,50.18215075474089
2025,LLY,5,Unchanged,1,245,39.36926530612245,39.36926530612245,2536.3697155102045,39.36926530612244,0.0,0.0,-6.131551020408111,4.820110267377129,4.820110267377129,0.0,50.36238393394622
2025,LLY,5,Unchanged,2,245,39.36926530612245,39.36926530612245,2536.3697155102045,39.36926530612244,0.0,0.0,-6.131551020408111,4.820110267377129,4.820110267377129,0.0,50.36238393394622
2025,LLY,5,Unchanged,3,245,39.36926530612245,39.36926530612245,2536.3697155102045,39.36926530612244,0.0,0.0,-6.131551020408111,4.820110267377129,4.820110267377129,0.0,50.36238393394622
2026,GS,1,Adaptive volatility,1,21,10.557566236235456,10.60891429273586,204.86982757522046,8.701713874376319,1.0,77.1635594580831,1.8049362839720862,1.0186278969388374,0.8400713274950394,7.4365663592162745,14.313274523155785
2026,GS,1,Adaptive volatility,2,21,10.63219836139663,10.622958101744768,202.72361975915308,8.712691776103455,1.0,77.20731757705201,1.7891291136022087,1.025686498191767,0.840993872333442,7.440960723665789,14.238104500218878
2026,GS,1,Adaptive volatility,3,21,10.598578980253711,10.669251407092641,205.93948014313727,8.743073747798041,1.0,77.24678869358645,1.8584528117129204,1.0226953566756032,0.8440656538054356,7.444601098672196,14.350591630421976
2026,GS,1,Directional,1,21,10.557566236235456,10.60891429273586,204.86982757522046,8.701713874376319,1.0,77.1635594580831,1.8049362839720862,1.0186278969388374,0.8400713274950394,7.4365663592162745,14.313274523155785
2026,GS,1,Directional,2,21,10.63219836139663,10.622958101744768,202.72361975915308,8.712691776103455,1.0,77.20731757705201,1.7891291136022087,1.025686498191767,0.840993872333442,7.440960723665789,14.238104500218878
2026,GS,1,Directional,3,21,10.598578980253711,10.669251407092641,205.93948014313727,8.743073747798041,1.0,77.24678869358645,1.8584528117129204,1.0226953566756032,0.8440656538054356,7.444601098672196,14.350591630421976
2026,GS,1,JumpHMM,1,21,10.704821320861221,10.69262587579017,205.56232278788798,8.01215222406453,0.9047619047619048,52.53386699318038,2.1086654367278252,1.0324926340266534,0.773386014438987,5.065112380150776,14.337444778895854
2026,GS,1,JumpHMM,2,21,10.592171085377865,10.67856885812816,205.61550958152557,7.981734349356463,0.9047619047619048,52.28491142815098,2.172155714662776,1.0216579087860775,0.7704606837548157,5.041118761000803,14.339299480153331
2026,GS,1,JumpHMM,3,21,10.703221714053013,10.741295507939716,205.3710471650248,8.001012487927582,0.9047619047619048,52.33826259765884,2.152064206999122,1.0324251954045598,0.7722968927108134,5.046474468895184,14.330772734400082
2026,GS,1,Unchanged,1,21,10.594285714285748,10.59428571428577,202.46266190476737,10.594285714285755,0.047619047619047616,0.0,1.5909523809520167,1.0220683869656573,1.022068386965658,0.0,14.228937483338921
2026,GS,1,Unchanged,2,21,10.594285714285748,10.59428571428577,202.46266190476737,10.594285714285755,0.047619047619047616,0.0,1.5909523809520167,1.0220683869656573,1.022068386965658,0.0,14.228937483338921
2026,GS,1,Unchanged,3,21,10.594285714285748,10.59428571428577,202.46266190476737,10.594285714285755,0.047619047619047616,0.0,1.5909523809520167,1.0220683869656573,1.022068386965658,0.0,14.228937483338921
2026,GS,5,Adaptive volatility,1,17,15.481333201458998,15.828299782980192,445.7296173608315,15.625300814452476,1.0,176.3546144764575,7.704752443849924,1.4818942989379436,1.499097399388195,16.946056357321723,21.112309616923287
2026,GS,5,Adaptive volatility,2,17,15.45117976270501,15.746111936707948,440.2249549259478,15.532875218137743,1.0,175.4945409201097,7.856729272408603,1.4787899554295014,1.4901738535882179,16.863664239459332,20.981538430866976
2026,GS,5,Adaptive volatility,3,17,15.517301175066503,15.945111722437044,446.32378593467814,15.576247117147409,1.0,176.69488766024392,7.979211745735851,1.4852428426202853,1.49428709002381,16.978621936607567,21.12637654532074
2026,GS,5,Directional,1,17,15.481333201458998,15.828299782980192,445.7296173608315,15.625300814452476,1.0,176.3546144764575,7.704752443849924,1.4818942989379436,1.499097399388195,16.946056357321723,21.112309616923287
2026,GS,5,Directional,2,17,15.45117976270501,15.746111936707948,440.2249549259478,15.532875218137743,1.0,175.4945409201097,7.856729272408603,1.4787899554295014,1.4901738535882179,16.863664239459332,20.981538430866976
2026,GS,5,Directional,3,17,15.517301175066503,15.945111722437044,446.32378593467814,15.576247117147409,1.0,176.69488766024392,7.979211745735851,1.4852428426202853,1.49428709002381,16.978621936607567,21.12637654532074
2026,GS,5,JumpHMM,1,17,16.249290609263927,16.314323288083074,468.03711650592425,12.979420735354962,1.0,129.2750301009063,9.014664377947804,1.5542492198373195,1.2434767791287133,12.422946487849266,21.63416549132238
2026,GS,5,JumpHMM,2,17,16.26108111147661,16.262060111184187,471.51855903076466,13.039661110388504,1.0,128.70937194101998,9.032112632519002,1.5552905806396355,1.2491698873812513,12.369276166369062,21.714478097130602
2026,GS,5,JumpHMM,3,17,16.253615938972114,16.228598818684798,474.00061585839154,13.057591651807348,1.0,129.16358611159848,9.053771804424835,1.5544074578533145,1.2508002653244163,12.41260124517856,21.771555200729036
2026,GS,5,Unchanged,1,17,15.5082352941177,15.508235294117606,428.8995852941059,15.508235294117707,0.0,0.0,6.462941176470334,1.4843206524051826,1.4843206524051835,0.0,20.7098910015023
2026,GS,5,Unchanged,2,17,15.5082352941177,15.508235294117606,428.8995852941059,15.508235294117707,0.0,0.0,6.462941176470334,1.4843206524051826,1.4843206524051835,0.0,20.7098910015023
2026,GS,5,Unchanged,3,17,15.5082352941177,15.508235294117606,428.8995852941059,15.508235294117707,0.0,0.0,6.462941176470334,1.4843206524051826,1.4843206524051835,0.0,20.7098910015023
2026,LLY,1,Adaptive volatility,1,21,18.9773923922314,19.04901030653437,662.9552380739673,14.42984729852852,0.7619047619047619,83.92377491189073,-2.430230791003006,1.5907555189476699,1.212050728441989,7.035155071613849,25.747917159917368
2026,LLY,1,Adaptive volatility,2,21,18.936927614926304,19.094808100962048,664.5624726803906,14.493383271520305,0.7619047619047619,83.9947579582279,-2.267794581996798,1.5874530372606794,1.2174087327643204,7.041153194628701,25.779109229769567
2026,LLY,1,Adaptive volatility,3,21,19.03266834098226,19.14507587882492,665.5388576088375,14.494509071113121,0.7619047619047619,83.87550728096501,-2.3931306679571875,1.5952756526558043,1.217359589723149,7.03119928521952,25.798039801675582
2026,LLY,1,Directional,1,21,18.9773923922314,19.04901030653437,662.9552380739673,14.42984729852852,0.7619047619047619,83.92377491189073,-2.430230791003006,1.5907555189476699,1.212050728441989,7.035155071613849,25.747917159917368
2026,LLY,1,Directional,2,21,18.936927614926304,19.094808100962048,664.5624726803906,14.493383271520305,0.7619047619047619,83.9947579582279,-2.267794581996798,1.5874530372606794,1.2174087327643204,7.041153194628701,25.779109229769567
2026,LLY,1,Directional,3,21,19.03266834098226,19.14507587882492,665.5388576088375,14.494509071113121,0.7619047619047619,83.87550728096501,-2.3931306679571875,1.5952756526558043,1.217359589723149,7.03119928521952,25.798039801675582
2026,LLY,1,JumpHMM,1,21,19.12732821256051,19.235091022735883,664.3408905896772,14.76363690623025,0.7619047619047619,58.21670105114795,-2.0055856542366675,1.6032080547212462,1.2396872168510507,4.881476660764095,25.774811164966412
2026,LLY,1,JumpHMM,2,21,19.069601972621772,19.156532827472468,661.148148978182,14.712990852423015,0.7142857142857143,57.69005848778612,-2.0381639038039343,1.5983831054460564,1.2353905279291015,4.836964769571965,25.712801266648913
2026,LLY,1,JumpHMM,3,21,19.121138086852344,19.186015617282745,662.9247214446362,14.698233513805425,0.7619047619047619,58.10885190347439,-1.9641449225945766,1.6027341527467878,1.2340696339560242,4.8732776573624115,25.747324549254362
2026,LLY,1,Unchanged,1,21,19.00761904761903,19.00761904761904,665.2904119047423,19.007619047619013,0.0,0.0,-2.683809523809811,1.5933748881671561,1.5933748881671548,0.0,25.79322414714264
2026,LLY,1,Unchanged,2,21,19.00761904761903,19.00761904761904,665.2904119047423,19.007619047619013,0.0,0.0,-2.683809523809811,1.5933748881671561,1.5933748881671548,0.0,25.79322414714264
2026,LLY,1,Unchanged,3,21,19.00761904761903,19.00761904761904,665.2904119047423,19.007619047619013,0.0,0.0,-2.683809523809811,1.5933748881671561,1.5933748881671548,0.0,25.79322414714264
2026,LLY,5,Adaptive volatility,1,17,49.41451858342854,49.41899444914035,3402.7190277669597,33.82592247686347,0.9411764705882353,191.48760979890577,5.846359805132498,4.091307298150692,2.803065396447005,15.889577467247747,58.332829759638436
2026,LLY,5,Adaptive volatility,2,17,49.43790406852101,49.61045374951874,3428.398957456955,33.93940301860772,0.9411764705882353,191.19648789915595,6.14155197243087,4.09283368658652,2.8120770317252974,15.865372229970436,58.55253160587469
2026,LLY,5,Adaptive volatility,3,17,49.07806135210308,49.3366941395203,3382.6944043021,33.650934019195084,0.9411764705882353,191.46774297389987,5.929320076756286,4.063841158654449,2.7888433864175295,15.88756581184936,58.16093538021977
2026,LLY,5,Directional,1,17,49.41451858342854,49.41899444914035,3402.7190277669597,33.82592247686347,0.9411764705882353,191.48760979890577,5.846359805132498,4.091307298150692,2.803065396447005,15.889577467247747,58.332829759638436
2026,LLY,5,Directional,2,17,49.43790406852101,49.61045374951874,3428.398957456955,33.93940301860772,0.9411764705882353,191.19648789915595,6.14155197243087,4.09283368658652,2.8120770317252974,15.865372229970436,58.55253160587469
2026,LLY,5,Directional,3,17,49.07806135210308,49.3366941395203,3382.6944043021,33.650934019195084,0.9411764705882353,191.46774297389987,5.929320076756286,4.063841158654449,2.7888433864175295,15.88756581184936,58.16093538021977
2026,LLY,5,JumpHMM,1,17,49.55255499575076,49.69994153528252,3451.4821237711453,35.683797602087274,0.7058823529411765,147.6623073584348,8.006011323298841,4.101192648225841,2.9520875417080394,12.257732914426429,58.74931594300605
2026,LLY,5,JumpHMM,2,17,49.36761869461455,49.42421457535138,3420.6245774570243,35.53658756832637,0.7058823529411765,146.74886189586417,7.815300919978988,4.085703312569564,2.939970873360621,12.185416848715336,58.48610584965479
2026,LLY,5,JumpHMM,3,17,49.39906852609914,49.59185994264693,3439.7187856792802,35.58691626497674,0.7058823529411765,147.36613337484488,7.95688287942966,4.087780220569525,2.9439258341791827,12.234805420859228,58.64911581327787
2026,LLY,5,Unchanged,1,17,49.365588235294126,49.36558823529418,3383.934424999994,49.36558823529412,0.0,0.0,4.467352941176185,4.0875691558901375,4.087569155890137,0.0,58.17159465753018
2026,LLY,5,Unchanged,2,17,49.365588235294126,49.36558823529418,3383.934424999994,49.36558823529412,0.0,0.0,4.467352941176185,4.0875691558901375,4.087569155890137,0.0,58.17159465753018
2026,LLY,5,Unchanged,3,17,49.365588235294126,49.36558823529418,3383.934424999994,49.36558823529412,0.0,0.0,4.467352941176185,4.0875691558901375,4.087569155890137,0.0,58.17159465753018
