ticker,horizon,method,replicate,n_dates,mean_mae,median_mae,mse,crps,coverage,width,bias,mae_pct,crps_pct,rmse
GS,1,filtered_state,2.0,21.0,10.685271318065682,10.790325671626809,208.53588024888668,8.434128287409722,0.8571428571428571,51.95219036927866,2.40429335861955,1.029982449149312,0.8140748022436806,14.440766511264556
GS,1,filtered_state_vol20,2.0,21.0,10.705571943562402,10.9682522130718,209.68894775832345,9.031463690758313,0.9047619047619048,66.78937953701703,2.5977931917188095,1.0319216093332644,0.8722769873921412,14.480634157553531
GS,1,legacy_stationary,2.0,21.0,10.691647955243823,10.637326754714612,204.57583190358886,7.988303467613498,0.9047619047619048,52.33639360487435,2.099739759636052,1.0311608992695795,0.7710597169590359,14.30297816471334
GS,1,rw_fixed,2.0,21.0,10.617818253207465,10.60834421095445,202.87608922143508,8.161062795961723,0.9523809523809522,61.36466040255735,1.7544688716999797,1.02426685379412,0.7879176080254098,14.243410213177834
GS,1,rw_vol20,2.0,21.0,10.624386732850814,10.625604322607403,203.4961053723906,9.141069268688591,0.9523809523809522,78.99111351568449,1.8825080740614393,1.0248826436438832,0.8828140964936958,14.26515203746277
GS,1,stationary_transition,2.0,21.0,10.687193459015758,10.643707601547833,205.16008071599768,8.002040150992888,0.9047619047619048,52.30601673202218,2.160648440436931,1.030726760792996,0.7723987421150534,14.32338476409584
GS,1,unchanged,2.0,21.0,10.59428571428577,10.594285714285748,202.46266190476737,10.594285714285755,0.047619047619047616,0.0,1.590952380952017,1.02206838696566,1.022068386965658,14.22893748333892
GS,5,filtered_state,2.0,17.0,16.501182162486415,16.359943571673906,510.170696038476,13.21325565996537,1.0,128.3335064874623,9.172806648228821,1.5781767340484174,1.2656775854957478,22.586821420722867
GS,5,filtered_state_vol20,2.0,17.0,16.43049168229914,16.189665215279174,521.3104578919356,15.635996285360092,1.0,177.36892272379615,9.98135074023917,1.5707762141945907,1.4989313281778511,22.83193725608943
GS,5,legacy_stationary,2.0,17.0,16.263599024942085,16.2769356512279,471.5655525530829,12.992741210218815,1.0,129.3788834611489,9.148484651434893,1.555509778446952,1.244644477613987,21.7153672597217
GS,5,rw_fixed,2.0,17.0,15.805277047099864,15.657996733832272,443.2707319465869,13.616423280673624,1.0,137.98697073062905,7.4208059640918025,1.5124341610823506,1.3055901303090247,21.05384957304717
GS,5,rw_vol20,2.0,17.0,16.03256339290855,15.719130486257631,453.9876882805704,16.758448345105347,1.0,190.51312474338985,8.296931527772529,1.5337707061061818,1.6077009404220786,21.30684392968243
GS,5,stationary_transition,2.0,17.0,16.187371998827757,16.21040723580416,468.16095416927874,13.011199224158238,1.0,129.41260323775052,9.104230831601177,1.5481933200094833,1.2464379297595942,21.636873232021248
GS,5,unchanged,2.0,17.0,15.508235294117606,15.508235294117702,428.8995852941059,15.508235294117705,0.0,0.0,6.462941176470334,1.484320652405174,1.4843206524051835,20.7098910015023
LLY,1,filtered_state,2.0,21.0,18.863931257397162,19.08055097909332,657.7194180866531,14.623331357771553,0.7619047619047619,59.89435683456278,-2.591447838691227,1.5813700084523699,1.2280542157381134,25.646001699296864
LLY,1,filtered_state_vol20,2.0,21.0,18.98451383133058,19.213251997302873,659.4094688108935,14.601195394591036,0.8095238095238096,80.42227446432265,-2.6113025248832673,1.5918248705996134,1.2268358490080473,25.678898061058884
LLY,1,legacy_stationary,2.0,21.0,19.183240480192175,19.10009801128517,664.3842500794188,14.73396540929699,0.7619047619047619,57.94507584836202,-2.003502062590383,1.6075972806819039,1.2370943913184853,25.775643155429975
LLY,1,rw_fixed,2.0,21.0,19.050714828022716,19.012448461513035,663.9341588227745,14.462783626760384,0.7619047619047619,66.85881793514406,-2.526250722524963,1.5968069478328963,1.2148003746108416,25.766891020979088
LLY,1,rw_vol20,2.0,21.0,19.102280184474413,19.01811635790296,664.1074519668135,14.651277418102708,0.8571428571428571,89.88538694619676,-2.391516284709161,1.601045525147142,1.2313122663375715,25.77023868834803
LLY,1,stationary_transition,2.0,21.0,19.118178567356754,19.082661451097927,659.7011593363592,14.69823799190151,0.746031746031746,58.013759018547766,-2.0452238349643417,1.602219254761614,1.234170172768639,25.68463034652359
LLY,1,unchanged,2.0,21.0,19.00761904761904,19.00761904761903,665.2904119047423,19.007619047619013,0.0,0.0,-2.683809523809811,1.593374888167159,1.5933748881671548,25.79322414714264
LLY,5,filtered_state,2.0,17.0,49.10628200446603,49.40083048177062,3366.637306900797,35.35300202538468,0.7058823529411765,151.01129172320842,7.387157370933147,4.063522853718666,2.9260539045495038,58.02267196770973
LLY,5,filtered_state_vol20,2.0,17.0,49.1310904341737,49.358451205773974,3374.550118578309,34.333678757482126,0.9411764705882352,202.80321892318412,7.991271425736056,4.065350074863353,2.8450327203012136,58.09075966654669
LLY,5,legacy_stationary,2.0,17.0,49.68367150975944,49.58260486023613,3439.6181484276326,35.68680925218237,0.7058823529411765,147.21066448776116,7.902895398422505,4.110291276856622,2.952230442401499,58.64823722319434
LLY,5,rw_fixed,2.0,17.0,49.44642558473785,49.33946777826096,3401.7922343516148,34.67978884617859,0.7647058823529411,151.40216724318645,5.320139863652172,4.093349473431279,2.87207592458682,58.324747455200196
LLY,5,rw_vol20,2.0,17.0,49.623357927587676,49.31546755768829,3428.137845927367,33.995604572973484,0.9411764705882352,203.3819639980012,6.024420167852102,4.107445367986905,2.818933599194819,58.55009509016122
LLY,5,stationary_transition,2.0,17.0,49.67545034460337,49.64353925127276,3440.1237486530044,35.67385071685194,0.7058823529411765,147.12150245690336,7.838817401038351,4.109678075636874,2.951151004818197,58.65249794031428
LLY,5,unchanged,2.0,17.0,49.36558823529418,49.365588235294126,3383.934424999994,49.36558823529412,0.0,0.0,4.467352941176185,4.087569155890144,4.087569155890137,58.17159465753017
