ticker,kind,step,reference,variant,seed,mean_pnl,sd_pnl,q05_pnl,es05_pnl,mean_pnl_change,paired_se,mean_abs_mark_change,q95_abs_mark_change
GS,put,0,frozen,surface,0,-0.7485880343030831,2.2208162161361474e-16,-0.7485880343030828,-0.7485880343030831,0.0,0.0,0.0,0.0
GS,put,0,frozen,surface,20260429,-0.7485880343030831,2.221557105636704e-16,-0.7485880343030828,-0.7485880343030831,0.0,0.0,0.0,0.0
GS,put,0,frozen,surface,20260430,-0.7485880343030831,2.221557105636704e-16,-0.7485880343030828,-0.7485880343030831,0.0,0.0,0.0,0.0
GS,put,0,frozen,surface,20260431,-0.7485880343030831,2.221557105636704e-16,-0.7485880343030828,-0.7485880343030831,0.0,0.0,0.0,0.0
GS,put,0,surface,relaxation,0,-0.7485880343030831,2.2208162161361474e-16,-0.7485880343030828,-0.7485880343030831,0.0,0.0,0.0,0.0
GS,put,0,surface,relaxation,20260429,-0.7485880343030831,2.221557105636704e-16,-0.7485880343030828,-0.7485880343030831,0.0,0.0,0.0,0.0
GS,put,0,surface,relaxation,20260430,-0.7485880343030831,2.221557105636704e-16,-0.7485880343030828,-0.7485880343030831,0.0,0.0,0.0,0.0
GS,put,0,surface,relaxation,20260431,-0.7485880343030831,2.221557105636704e-16,-0.7485880343030828,-0.7485880343030831,0.0,0.0,0.0,0.0
GS,put,0,relaxation,uncoupled,0,-0.7485880343030831,2.2208162161361474e-16,-0.7485880343030828,-0.7485880343030831,0.0,0.0,0.0,0.0
GS,put,0,relaxation,uncoupled,20260429,-0.7485880343030831,2.221557105636704e-16,-0.7485880343030828,-0.7485880343030831,0.0,0.0,0.0,0.0
GS,put,0,relaxation,uncoupled,20260430,-0.7485880343030831,2.221557105636704e-16,-0.7485880343030828,-0.7485880343030831,0.0,0.0,0.0,0.0
GS,put,0,relaxation,uncoupled,20260431,-0.7485880343030831,2.221557105636704e-16,-0.7485880343030828,-0.7485880343030831,0.0,0.0,0.0,0.0
GS,put,0,uncoupled,coupled,0,-0.7485880343030831,2.2208162161361474e-16,-0.7485880343030828,-0.7485880343030831,0.0,0.0,0.0,0.0
GS,put,0,uncoupled,coupled,20260429,-0.7485880343030831,2.221557105636704e-16,-0.7485880343030828,-0.7485880343030831,0.0,0.0,0.0,0.0
GS,put,0,uncoupled,coupled,20260430,-0.7485880343030831,2.221557105636704e-16,-0.7485880343030828,-0.7485880343030831,0.0,0.0,0.0,0.0
GS,put,0,uncoupled,coupled,20260431,-0.7485880343030831,2.221557105636704e-16,-0.7485880343030828,-0.7485880343030831,0.0,0.0,0.0,0.0
GS,put,5,frozen,surface,0,0.028116826115725153,12.32374766530945,-20.68139927998718,-38.964917894132995,-0.10229368184963153,0.010359724327101767,0.4403357784136319,1.2805983733034618
GS,put,5,frozen,surface,20260429,-0.38591672957933354,12.914673864901728,-21.956985786845358,-42.56662668654861,-0.0884049529949854,0.018425312395941012,0.4494345244421187,1.3104219887844288
GS,put,5,frozen,surface,20260430,0.06846357664018515,12.359993962596981,-22.148741636993744,-38.37486065009809,-0.10521952006324785,0.01861393511646878,0.4599581617797508,1.3213134779782676
GS,put,5,frozen,surface,20260431,0.40180363128632396,11.664350168298942,-17.93229922464585,-35.376633128317486,-0.11325657249066133,0.01674117377774261,0.41161464901902634,1.1717578338030012
GS,put,5,surface,relaxation,0,0.12755432213355464,12.740973135477233,-21.657629789101726,-40.06730269587485,0.09943749601782946,0.009270346658900239,0.39273682846301167,1.1368770995284796
GS,put,5,surface,relaxation,20260429,-0.3010197723512253,13.346132357307148,-23.010898334181398,-43.704118823014454,0.0848969572281085,0.01655421353110732,0.40110861940450515,1.1811330373476006
GS,put,5,surface,relaxation,20260430,0.17145919366416446,12.79435622496285,-23.162119331503657,-39.48980751193193,0.10299561702397914,0.01657967988379566,0.4100104854943794,1.1559008363380021
GS,put,5,surface,relaxation,20260431,0.5122235450877248,12.048795428527487,-18.812922789967484,-36.41379902009384,0.11041991380140079,0.014989905936275257,0.36709138049015066,1.0791467729389161
GS,put,5,relaxation,uncoupled,0,0.2070429240708263,12.906911661627376,-21.75356229802334,-40.28928372362488,0.07948860193727178,0.04404309323525602,1.875061604399961,4.8497048113475705
GS,put,5,relaxation,uncoupled,20260429,-0.1919833492286654,13.511735278114873,-23.18500582574762,-43.6993554250751,0.10903642312255996,0.07600784901102264,1.8753609049873905,4.81686920095711
GS,put,5,relaxation,uncoupled,20260430,0.29196528599121785,12.939471651919217,-24.27252227949414,-39.54421979254836,0.12050609232705371,0.07670748402555844,1.8826945697359627,4.84970481134757
GS,put,5,relaxation,uncoupled,20260431,0.5211468354499266,12.240765454502013,-18.61655719517107,-36.93816739726071,0.00892329036220168,0.07616444865926764,1.8671293384765295,4.901908903006983
GS,put,5,uncoupled,coupled,0,-0.05500719319175293,13.810359980188771,-24.200712313418002,-43.04795910766461,-0.2620501172625794,0.022714138856430484,0.9919285902163167,2.6786757495439586
GS,put,5,uncoupled,coupled,20260429,-0.4946840145650726,14.4525210839796,-25.312520540916033,-46.632246355506226,-0.3027006653364073,0.04008181721378775,1.012818408772883,2.7775806149369235
GS,put,5,uncoupled,coupled,20260430,0.023162166292655224,13.867927413216096,-26.723302361396808,-42.318096154029334,-0.26880311969856274,0.04018220722593938,1.007459494975613,2.7439030248137923
GS,put,5,uncoupled,coupled,20260431,0.30650026869715846,13.078025141446854,-21.219960705903,-39.53281713808916,-0.2146465667527681,0.03770114935506495,0.9555078669004543,2.5331383863878223
GS,put,10,frozen,surface,0,0.38876044616351857,19.00337137518051,-35.92623650699045,-62.588118078445696,-0.28465974907278624,0.010189060991426654,0.5092528186332543,1.2009648412734644
GS,put,10,frozen,surface,20260429,-0.21103196916962777,18.764612214667626,-39.597435917399444,-62.04592895891051,-0.26727262489302117,0.01806516492306118,0.507561688254841,1.2114781008813522
GS,put,10,frozen,surface,20260430,0.05538260260788491,19.767251360944343,-37.59905811947952,-65.07236178682315,-0.2800238760868152,0.01813596372014531,0.5250987801645942,1.1925372843659214
GS,put,10,frozen,surface,20260431,1.321930705052299,18.43663230257392,-30.259468524602642,-59.64962763452923,-0.3066827462385223,0.016700395537253988,0.49509798748032774,1.2040677217479367
GS,put,10,surface,relaxation,0,0.6399449910754035,19.304547670070637,-36.64768717206117,-62.94528951777263,0.25118454491188513,0.00857057982353552,0.42489821688661805,1.074006756733667
GS,put,10,surface,relaxation,20260429,0.02606641695394454,19.086285117310858,-40.3342391690029,-62.37414812155439,0.2370983861235726,0.015221428599842476,0.42529177320787437,1.0751581425736438
GS,put,10,surface,relaxation,20260430,0.3012481187927883,20.072020088260306,-38.588244236312235,-65.39039404681223,0.24586551618490368,0.015122835212620504,0.4346864595301548,1.0752341538495198
GS,put,10,surface,relaxation,20260431,1.5925204374794777,18.712833206519054,-31.07767830562549,-60.07615797421947,0.27058973242717904,0.014161172486832213,0.4147164179218252,1.0669247134364446
GS,put,10,relaxation,uncoupled,0,0.697099320749342,19.421047615677885,-36.8870939728626,-62.98299227143453,0.057154329673938575,0.04016842321578274,1.6392426402198672,4.675468387448103
GS,put,10,relaxation,uncoupled,20260429,0.12595764099226747,19.182125642891297,-39.583629285096535,-62.19430196407379,0.09989122403832262,0.07153872026276371,1.6810950778184242,4.771952533467279
GS,put,10,relaxation,uncoupled,20260430,0.41128358620302485,20.16500889999695,-38.569182352088845,-65.47585840489042,0.11003546741023684,0.06861996758247522,1.6480004403422017,4.451962047949628
GS,put,10,relaxation,uncoupled,20260431,1.5540567350527341,18.882834526883276,-31.00532668204243,-60.3653359458874,-0.038463702426743636,0.06849045790908914,1.5886324024989762,4.624281419652283
GS,put,10,uncoupled,coupled,0,0.3422038309884554,20.027307686639393,-38.98749010617368,-64.60373786777518,-0.35489548976088675,0.018697435381507806,0.8255640215064127,2.2689643464081017
GS,put,10,uncoupled,coupled,20260429,-0.290570706985289,19.82022157730154,-41.92119147862251,-63.817070392118424,-0.41652834797755667,0.03307820716596545,0.8610325203543582,2.30383747705909
GS,put,10,uncoupled,coupled,20260430,0.05090709294173831,20.77965257696548,-40.21174599257704,-67.02017583961697,-0.3603764932612868,0.03294841418745029,0.8352417989972436,2.305315738195629
GS,put,10,uncoupled,coupled,20260431,1.2662751070089173,19.444960745509356,-33.30370678323618,-62.076650951325156,-0.2877816280438168,0.030989343712374738,0.7804177451676355,2.1684807889369293
GS,put,15,frozen,surface,0,1.237516223569861,23.623332813671215,-48.945871189696575,-78.86719279863578,-0.4543808662456728,0.008931955266906742,0.5902734637116549,1.0199391954571184
GS,put,15,frozen,surface,20260429,0.7823045424573453,23.716761837427768,-50.26487954189197,-78.90723008198923,-0.43880978899423745,0.0156486523318916,0.5821998748994097,1.0185383088573707
GS,put,15,frozen,surface,20260430,1.4631616509940863,22.74998147196263,-45.14519398270729,-74.86697517442153,-0.45836415392239827,0.015457750208988697,0.5928768680738004,1.0190034878082554
GS,put,15,frozen,surface,20260431,1.4670824772581517,24.391498647114656,-49.1980068298183,-82.65309874082877,-0.4659686558203829,0.015306280603077475,0.5957436481617547,1.0209279421712547
GS,put,15,surface,relaxation,0,1.6302647592486823,23.840530399807825,-48.87269903200745,-78.57954671067633,0.39274853567882134,0.007817838460749849,0.5009498347303694,0.934455130908191
GS,put,15,surface,relaxation,20260429,1.1654257315596344,23.93635515322269,-50.30518543465061,-78.60791695546965,0.3831211891022889,0.013524627308279857,0.4946528192474722,0.9345307677882004
GS,put,15,surface,relaxation,20260430,1.8611377134467337,22.97437985647371,-45.20734330398997,-74.59612490648713,0.3979760624526472,0.01346654918578996,0.5014127590154013,0.9358643700984445
GS,put,15,surface,relaxation,20260431,1.8642308327396795,24.59989591182205,-49.192314549812735,-82.3596573526776,0.397148355481528,0.013639335060360141,0.5067839259282348,0.9323093750231409
GS,put,15,relaxation,uncoupled,0,1.6747349283084811,23.91861076917443,-49.223045173806995,-78.74012641562489,0.04447016905979877,0.0287413334002538,1.0617046356774653,3.470985444756017
GS,put,15,relaxation,uncoupled,20260429,1.2302546712319242,24.042817503274186,-50.750720708252835,-78.74429798528826,0.06482893967229028,0.04988677933682203,1.078336507143425,3.415498213293212
GS,put,15,relaxation,uncoupled,20260430,1.9644124145079607,23.022566159645695,-45.08448856252076,-74.74558845135181,0.10327470106122746,0.05151221512679509,1.0703056303850613,3.906074110409082
GS,put,15,relaxation,uncoupled,20260431,1.8295376991855583,24.678812717593836,-49.22304517380699,-82.4963935088679,-0.03469313355412144,0.0478245864293205,1.0364717695039112,3.315366453565024
GS,put,15,uncoupled,coupled,0,1.3866423262143515,24.17801855559081,-49.62731475919393,-79.15869525227566,-0.2880926020941299,0.011987423086516626,0.506114301980274,1.558916478513276
GS,put,15,uncoupled,coupled,20260429,0.926608805399244,24.302318907197044,-51.49606301281673,-79.13272930872607,-0.30364586583268005,0.020834026208601825,0.5173064543904405,1.5350903112203882
GS,put,15,uncoupled,coupled,20260430,1.669472276688139,23.293571293754177,-46.163342928985024,-75.20419383040993,-0.2949401378198219,0.02113067181155791,0.5133605506973492,1.6088057201571238
GS,put,15,uncoupled,coupled,20260431,1.5638458965556712,24.92756609359657,-49.63784822768224,-82.90215933096347,-0.26569180262988745,0.020317345889641198,0.4876759008530322,1.5465709470343103
GS,put,20,frozen,surface,0,2.4299415416589354,28.593464093086272,-61.980619103599054,-95.99735914094606,-0.5626131753462319,0.005632142102876311,0.5626131753462319,1.1234610689938478
GS,put,20,frozen,surface,20260429,2.751628731663856,27.1220997553617,-58.99320403204589,-90.08824506384812,-0.5661971224899566,0.009831027068856897,0.5661971224899566,1.1234610689938476
GS,put,20,frozen,surface,20260430,2.118536027483968,29.428835144971632,-65.67106299029005,-98.79399182219339,-0.5546403847166648,0.009723312163820202,0.5546403847166648,1.1192934231657083
GS,put,20,frozen,surface,20260431,2.4196598658289816,29.198116036264352,-61.068203470402935,-98.60509630455297,-0.5670020188320745,0.009715558564561593,0.5670020188320745,1.128762321724083
GS,put,20,surface,relaxation,0,2.9582647839984704,28.645216295585016,-61.58629696628815,-95.645540046044,0.5283232423395354,0.005154924060292622,0.5303059729915292,1.0242706578596503
GS,put,20,surface,relaxation,20260429,3.2898119423003247,27.172122592235986,-58.60564817433504,-89.7212721655046,0.5381832106364695,0.008978863261106576,0.538991342053175,1.0395646358522006
GS,put,20,surface,relaxation,20260430,2.6365914431867274,29.47888141382788,-65.26845067135024,-98.44548450473201,0.5180554157027586,0.00908277701511888,0.521378617174443,1.0188946700810488
GS,put,20,surface,relaxation,20260431,2.9483909665083603,29.253129497546723,-60.675971603113105,-98.26626159380093,0.5287311006793786,0.008717736936051695,0.5305479597469693,1.0158405465484133
GS,put,20,relaxation,uncoupled,0,2.9669210835870037,28.649516582417398,-61.58629696628815,-95.645540046044,0.008656299588532758,0.008746846261300886,0.2224617416426211,1.149610157259463
GS,put,20,relaxation,uncoupled,20260429,3.3098874752685195,27.176347970707567,-58.60564817433504,-89.7212721655046,0.020075532968194046,0.015431299307893304,0.2242921029507797,1.1186181614549788
GS,put,20,relaxation,uncoupled,20260430,2.6580459108997285,29.48329626471014,-65.26845067135024,-98.44548450473201,0.021454467713001232,0.015716692533255763,0.23132115199679973,1.1525852195500965
GS,put,20,relaxation,uncoupled,20260431,2.932829864592763,29.257385049912585,-60.675971603113105,-98.26626159380093,-0.015561101915596993,0.014247961274699041,0.21177196998028397,1.1572837485183542
GS,put,20,uncoupled,coupled,0,2.8832026488511384,28.64928688499296,-61.58629696628815,-95.645540046044,-0.08371843473586504,0.003483295375115593,0.10230314567834065,0.531202216177165
GS,put,20,uncoupled,coupled,20260429,3.229751184519697,27.18048448075992,-58.60564817433504,-89.7212721655046,-0.08013629074882203,0.005837858682162349,0.09958503864296446,0.5113078156634359
GS,put,20,uncoupled,coupled,20260430,2.5725461118753956,29.479883253582443,-65.26845067135024,-98.44548450473201,-0.08549979902433141,0.006376152538408829,0.10555527924714349,0.5562443035434447
GS,put,20,uncoupled,coupled,20260431,2.8473106501583216,29.2562431041633,-60.675971603113105,-98.26626159380093,-0.08551921443444169,0.005875186014999905,0.10176911914491393,0.5195080163330715
GS,put,22,frozen,surface,0,3.4130363929681153,30.002119554155783,-63.61643527457181,-99.79821133107676,0.0,0.0,0.0,0.0
GS,put,22,frozen,surface,20260429,3.421358238979123,29.011716111388402,-62.0951317683013,-95.1585092888775,0.0,0.0,0.0,0.0
GS,put,22,frozen,surface,20260430,3.1656507885110834,31.10310910476539,-68.13812165045033,-103.20029648739717,0.0,0.0,0.0,0.0
GS,put,22,frozen,surface,20260431,3.6521001514141407,29.88280413577034,-59.12692712132697,-100.50000604252723,0.0,0.0,0.0,0.0
GS,put,22,surface,relaxation,0,3.4130363929681153,30.002119554155783,-63.61643527457181,-99.79821133107676,0.0,0.0,0.0,0.0
GS,put,22,surface,relaxation,20260429,3.421358238979123,29.011716111388402,-62.0951317683013,-95.1585092888775,0.0,0.0,0.0,0.0
GS,put,22,surface,relaxation,20260430,3.1656507885110834,31.10310910476539,-68.13812165045033,-103.20029648739717,0.0,0.0,0.0,0.0
GS,put,22,surface,relaxation,20260431,3.6521001514141407,29.88280413577034,-59.12692712132697,-100.50000604252723,0.0,0.0,0.0,0.0
GS,put,22,relaxation,uncoupled,0,3.4130363929681153,30.002119554155783,-63.61643527457181,-99.79821133107676,0.0,0.0,0.0,0.0
GS,put,22,relaxation,uncoupled,20260429,3.421358238979123,29.011716111388402,-62.0951317683013,-95.1585092888775,0.0,0.0,0.0,0.0
GS,put,22,relaxation,uncoupled,20260430,3.1656507885110834,31.10310910476539,-68.13812165045033,-103.20029648739717,0.0,0.0,0.0,0.0
GS,put,22,relaxation,uncoupled,20260431,3.6521001514141407,29.88280413577034,-59.12692712132697,-100.50000604252723,0.0,0.0,0.0,0.0
GS,put,22,uncoupled,coupled,0,3.4130363929681153,30.002119554155783,-63.61643527457181,-99.79821133107676,0.0,0.0,0.0,0.0
GS,put,22,uncoupled,coupled,20260429,3.421358238979123,29.011716111388402,-62.0951317683013,-95.1585092888775,0.0,0.0,0.0,0.0
GS,put,22,uncoupled,coupled,20260430,3.1656507885110834,31.10310910476539,-68.13812165045033,-103.20029648739717,0.0,0.0,0.0,0.0
GS,put,22,uncoupled,coupled,20260431,3.6521001514141407,29.88280413577034,-59.12692712132697,-100.50000604252723,0.0,0.0,0.0,0.0
GS,call,0,frozen,surface,0,0.01943025245246588,0.0,0.01943025245246588,0.01943025245246588,0.0,0.0,0.0,0.0
GS,call,0,frozen,surface,20260429,0.01943025245246588,0.0,0.01943025245246588,0.01943025245246588,0.0,0.0,0.0,0.0
GS,call,0,frozen,surface,20260430,0.01943025245246588,0.0,0.01943025245246588,0.01943025245246588,0.0,0.0,0.0,0.0
GS,call,0,frozen,surface,20260431,0.01943025245246588,0.0,0.01943025245246588,0.01943025245246588,0.0,0.0,0.0,0.0
GS,call,0,surface,relaxation,0,0.01943025245246588,0.0,0.01943025245246588,0.01943025245246588,0.0,0.0,0.0,0.0
GS,call,0,surface,relaxation,20260429,0.01943025245246588,0.0,0.01943025245246588,0.01943025245246588,0.0,0.0,0.0,0.0
GS,call,0,surface,relaxation,20260430,0.01943025245246588,0.0,0.01943025245246588,0.01943025245246588,0.0,0.0,0.0,0.0
GS,call,0,surface,relaxation,20260431,0.01943025245246588,0.0,0.01943025245246588,0.01943025245246588,0.0,0.0,0.0,0.0
GS,call,0,relaxation,uncoupled,0,0.01943025245246588,0.0,0.01943025245246588,0.01943025245246588,0.0,0.0,0.0,0.0
GS,call,0,relaxation,uncoupled,20260429,0.01943025245246588,0.0,0.01943025245246588,0.01943025245246588,0.0,0.0,0.0,0.0
GS,call,0,relaxation,uncoupled,20260430,0.01943025245246588,0.0,0.01943025245246588,0.01943025245246588,0.0,0.0,0.0,0.0
GS,call,0,relaxation,uncoupled,20260431,0.01943025245246588,0.0,0.01943025245246588,0.01943025245246588,0.0,0.0,0.0,0.0
GS,call,0,uncoupled,coupled,0,0.01943025245246588,0.0,0.01943025245246588,0.01943025245246588,0.0,0.0,0.0,0.0
GS,call,0,uncoupled,coupled,20260429,0.01943025245246588,0.0,0.01943025245246588,0.01943025245246588,0.0,0.0,0.0,0.0
GS,call,0,uncoupled,coupled,20260430,0.01943025245246588,0.0,0.01943025245246588,0.01943025245246588,0.0,0.0,0.0,0.0
GS,call,0,uncoupled,coupled,20260431,0.01943025245246588,0.0,0.01943025245246588,0.01943025245246588,0.0,0.0,0.0,0.0
GS,call,5,frozen,surface,0,-0.5302432263863724,14.258513899836668,-24.84612878054914,-43.57333587988847,-0.5728216437710415,0.011963238364914112,0.604007797808408,1.962747190524498
GS,call,5,frozen,surface,20260429,-0.27528894123500897,13.55518182731686,-26.188372692335683,-41.122302251831535,-0.5771115096175689,0.0208877228112307,0.6086167233616127,1.998732352658115
GS,call,5,frozen,surface,20260430,-0.8942979772394594,14.593041623611796,-27.41522877844295,-44.57813715918315,-0.5986298492490937,0.021201789665174872,0.6289396863143322,2.021315580641062
GS,call,5,frozen,surface,20260431,-0.42114276068464934,14.608668831870824,-22.384737167531878,-44.60233357995072,-0.5427235724464623,0.020038124215480044,0.574466983749279,1.8871212725615891
GS,call,5,surface,relaxation,0,-0.018465300486666128,13.803500656027156,-23.009053405231295,-41.73696777733141,0.5117779258997064,0.010843273285728651,0.5446478476282642,1.733725850667136
GS,call,5,surface,relaxation,20260429,0.24042313002505197,13.08736456516098,-24.41016560792727,-39.27276930531766,0.515712071260061,0.018996279672760345,0.5487451656280972,1.7473636684634557
GS,call,5,surface,relaxation,20260430,-0.3598583109953353,14.118818322265952,-25.546435529615934,-42.74366379644489,0.5344396662441244,0.01917396074129901,0.5674642326076729,1.7604804338179667
GS,call,5,surface,relaxation,20260431,0.06403927951028503,14.183815908876554,-20.67865707509966,-42.79134883707298,0.48518204019493405,0.018142720934936445,0.5177341446490227,1.6934996355756153
GS,call,5,relaxation,uncoupled,0,0.04692755279999124,14.015934174993069,-23.381781937347736,-41.83109758066818,0.06539285328665743,0.04576491134267507,1.9360219811830965,4.980628473087183
GS,call,5,relaxation,uncoupled,20260429,0.3505926960984541,13.243324767119333,-24.573357119581196,-38.962309700487445,0.1101695660734024,0.07830632960633228,1.9156371313603915,4.885574016818094
GS,call,5,relaxation,uncoupled,20260430,-0.2470116710992213,14.335490521658063,-24.301732033013074,-43.03312647282593,0.11284663989611393,0.08164016598840046,1.9761113667124182,5.2359104258137705
GS,call,5,relaxation,uncoupled,20260431,0.03720163340074071,14.44512695861823,-20.93538830705132,-43.14838905566756,-0.02683764610954398,0.07779877324002409,1.9163174454764802,4.881419386215618
GS,call,5,uncoupled,coupled,0,0.31939492560787947,12.986574385693656,-20.49703009472298,-38.716750305056856,0.272467372807888,0.0230035855506321,1.0066937560674336,2.7405006272074
GS,call,5,uncoupled,coupled,20260429,0.600907605474946,12.158708514621035,-21.538714329232807,-35.93039753342509,0.2503149093764917,0.039852676771951014,1.0050963142791138,2.73538318621304
GS,call,5,uncoupled,coupled,20260430,0.04799154394678065,13.26393817701827,-20.99903168136838,-39.87992056474829,0.295003215046002,0.04082423547612289,1.0307115744368622,2.841172246156311
GS,call,5,uncoupled,coupled,20260431,0.30928562740191096,13.50450182123137,-18.40707334757121,-40.076149268281064,0.27208399400117034,0.038856259610021295,0.9842733794863251,2.6265632861108297
GS,call,10,frozen,surface,0,-0.8931900181907408,21.849842448686726,-39.22857403169086,-72.76466092326484,-0.8678043276168892,0.012384459960649621,0.8678043276168892,1.952603050852356
GS,call,10,frozen,surface,20260429,-0.5340655503215673,21.526646590216615,-39.307358325471874,-69.65079793148875,-0.8520055759691679,0.021621087002739858,0.8520055759691679,1.95537238870033
GS,call,10,frozen,surface,20260430,-0.8835883306936522,21.030544804151557,-38.90347342242205,-70.73331606366271,-0.8984631465152839,0.0212680756719023,0.8984631465152839,1.954279301890096
GS,call,10,frozen,surface,20260431,-1.2619161735570033,22.9620778043833,-38.14030678414949,-77.88716665726899,-0.8529442603662152,0.021449488661090865,0.8529442603662152,1.9476858617010022
GS,call,10,surface,relaxation,0,-0.20757195853200636,21.514763888919926,-37.92778152039725,-71.42171066762245,0.6856180596587343,0.010192810514552899,0.694590584431767,1.5598363627580543
GS,call,10,surface,relaxation,20260429,0.13695049767649944,21.181282588533108,-38.005520316346704,-68.31034552954712,0.6710160479980668,0.01774812468452488,0.681504898358591,1.5538466099931183
GS,call,10,surface,relaxation,20260430,-0.1734522132282924,20.696981882943007,-37.53193932614273,-69.38381101681485,0.7101361174653598,0.017402986789651898,0.7177864618151173,1.5537749348514223
GS,call,10,surface,relaxation,20260431,-0.5862141600442263,22.634191126856372,-36.684208967491884,-76.54689932958232,0.6757020135127768,0.01780143211889455,0.6844803931215929,1.5797458438020135
GS,call,10,relaxation,uncoupled,0,-0.1247340837818247,21.634121046197706,-37.980348408187886,-71.52665241981967,0.08283787475018158,0.0430485707554391,1.7219480872447306,4.977966251142976
GS,call,10,relaxation,uncoupled,20260429,0.2483321492453144,21.254320729503128,-37.434082952170854,-68.32832734691092,0.11138165156881524,0.07367528008784427,1.689042265563967,4.951895437853772
GS,call,10,relaxation,uncoupled,20260430,-0.041738458194291506,20.84155023798536,-37.85256234031929,-69.4674496442343,0.13171375503400076,0.07614365164983444,1.7571195139721776,5.296301009013078
GS,call,10,relaxation,uncoupled,20260431,-0.5807959423964972,22.77217179373394,-38.213830163867,-76.76862368519383,0.0054182176477288275,0.0738555076637412,1.7196824821980468,4.926841080785274
GS,call,10,uncoupled,coupled,0,0.19399738597697486,20.964598476952172,-35.193701876289886,-69.81739905078422,0.31873146975879985,0.01913499396001947,0.8139272582205195,2.434331100037405
GS,call,10,uncoupled,coupled,20260429,0.5317321531310003,20.57342433132512,-35.10204279588266,-66.63122933041926,0.283400003885686,0.03300097098487732,0.8057594892027857,2.412921411511246
GS,call,10,uncoupled,coupled,20260430,0.2868980699859893,20.144042472827245,-35.248585373393645,-67.75373342972782,0.32863652818028055,0.033123557969736976,0.8163867519981337,2.429442720837991
GS,call,10,uncoupled,coupled,20260431,-0.23663806518606442,22.137443169220106,-35.26201393104065,-75.06703366074383,0.34415787721043295,0.03330618461190044,0.8196355334606387,2.4595527459029536
GS,call,15,frozen,surface,0,-1.0187482220583561,27.566238874524085,-56.329310587940896,-93.20382842499066,-0.8856351258140603,0.009046183880562716,0.8856351258140603,1.6551995113200424
GS,call,15,frozen,surface,20260429,-0.6274679278354983,26.57473750984973,-52.40828778559619,-88.76959968086884,-0.8762207675542334,0.015628716118635862,0.8762207675542334,1.6547222523785077
GS,call,15,frozen,surface,20260430,-1.1520137256450955,28.03523220162214,-56.16165116468169,-92.78971235860274,-0.8941379028786705,0.01567041689221104,0.8941379028786705,1.650542705050358
GS,call,15,frozen,surface,20260431,-1.2767630126944765,28.08532189327514,-58.43861419443327,-97.86037045760584,-0.8865467070092772,0.01571660981271526,0.8865467070092772,1.6597105263504757
GS,call,15,surface,relaxation,0,-0.3738251943328056,27.371938904418627,-55.131735961419004,-92.11839601545014,0.6449230277255514,0.007333397804985496,0.6546731584574565,1.1990749076012552
GS,call,15,surface,relaxation,20260429,0.012442956132022964,26.377107447987314,-51.24575795950582,-87.68024452462025,0.6399108839675212,0.012643455067080912,0.6494896444563752,1.1765009255958483
GS,call,15,surface,relaxation,20260430,-0.5046298932891667,27.842946300646314,-54.99765350809771,-91.70142213887722,0.6473838323559288,0.012900386700526189,0.6599775096428645,1.194248557561654
GS,call,15,surface,relaxation,20260431,-0.6292886458412721,27.891859060098724,-57.253624520462104,-96.78525219615085,0.6474743668532044,0.012570475264467763,0.65455232127313,1.2227091404642187
GS,call,15,relaxation,uncoupled,0,-0.3054613696122053,27.426394352523,-56.04126767988617,-92.17344954387485,0.06836382472059992,0.03105296409618691,1.1290220253867846,3.7873994293725053
GS,call,15,relaxation,uncoupled,20260429,0.06900312282972569,26.448436205323784,-51.46257312309463,-87.67172031606701,0.056560166697703126,0.053647804039619766,1.1207958040035721,3.827460125599932
GS,call,15,relaxation,uncoupled,20260430,-0.39356056749878743,27.881631965097718,-55.417155496185224,-91.77429773433569,0.11106932579037959,0.05460216509221836,1.132325262432382,3.773249800661254
GS,call,15,relaxation,uncoupled,20260431,-0.591826664167555,27.946231275494902,-58.58896497871073,-96.8822923348175,0.03746198167371704,0.05312218445609384,1.1339450097244,3.7858080863577737
GS,call,15,uncoupled,coupled,0,-0.03218277555903133,27.143536181145027,-54.59715809789016,-91.72037899011234,0.2732785940531741,0.012438884587370401,0.4934832174956619,1.693104765658771
GS,call,15,uncoupled,coupled,20260429,0.3362088747284254,26.143127906340528,-50.48551776993922,-87.20765641872644,0.2672057518986989,0.0215921207302762,0.487950276560732,1.6852641483030355
GS,call,15,uncoupled,coupled,20260430,-0.12280030216098113,27.605700036292504,-54.22511422149808,-91.31027258070414,0.2707602653378059,0.021295793956347873,0.4900908657282289,1.673358038861869
GS,call,15,uncoupled,coupled,20260431,-0.3099568992445377,27.67725731443926,-56.98360281550295,-96.45053969932789,0.2818697649230176,0.021762680619980414,0.5024085101980248,1.693540800540931
GS,call,20,frozen,surface,0,-0.6735796505546483,33.62024993421147,-71.77732204400485,-115.9173391678603,-0.790237909515699,0.007250637492881911,0.790237909515699,1.5873587190355112
GS,call,20,frozen,surface,20260429,-0.8619935475757138,34.69664224068439,-71.85662748161532,-118.8349761329241,-0.7861586058219565,0.012472693298662275,0.7861586058219565,1.5833204512481556
GS,call,20,frozen,surface,20260430,-1.5454330847913234,34.637882403050575,-74.58765723238913,-120.78808591709146,-0.786340927175811,0.01262646568894853,0.786340927175811,1.5933818863165394
GS,call,20,frozen,surface,20260431,0.38668768070309256,31.42713676664923,-63.712720547385146,-107.57047131314714,-0.7982141955493297,0.012584521639687308,0.7982141955493297,1.5890253134780115
GS,call,20,surface,relaxation,0,0.024830288034775227,33.64403458273662,-71.331538751995,-115.63671763304085,0.6984099385894231,0.005521513602216475,0.6994599261180129,1.2990472612704465
GS,call,20,surface,relaxation,20260429,-0.16747751724467488,34.72838624838344,-71.41143474103089,-118.55870697099458,0.6945160303310396,0.009481697579275654,0.6956256881640285,1.2905246355736035
GS,call,20,surface,relaxation,20260430,-0.8490095020539176,34.66188161139356,-74.16082737895206,-120.52425483770938,0.6964235827374061,0.009780635240131485,0.6982619329802205,1.3070772360970193
GS,call,20,surface,relaxation,20260431,1.0909778834029171,31.441743921643873,-63.223174955883444,-107.26447738651714,0.704290202699824,0.009431328848781999,0.7044921572097904,1.3045120706214466
GS,call,20,relaxation,uncoupled,0,0.03457543511979446,33.64913207287036,-71.33142380552528,-115.63703617127204,0.009745147085019399,0.009308975249556572,0.238187085281738,1.2057987716190022
GS,call,20,relaxation,uncoupled,20260429,-0.17198407301233695,34.7273582883866,-71.41150106792698,-118.55887633658324,-0.00450655576766289,0.016314747428197218,0.23545988593349992,1.1816942014389153
GS,call,20,relaxation,uncoupled,20260430,-0.8271839300666795,34.67115062804636,-74.16023025653777,-120.52460347950884,0.021825571987238335,0.01602190786658742,0.2364287708879017,1.225772360756998
GS,call,20,relaxation,uncoupled,20260431,1.1028943084384,31.449204018615486,-63.24545889518085,-107.26617714083633,0.011916425035482753,0.016037674792811193,0.24267259902381227,1.207779955537876
GS,call,20,uncoupled,coupled,0,0.11276378288503626,33.64768013397728,-71.33006478635123,-115.63659179269564,0.07818834776524163,0.0035436404185096764,0.09823561695730305,0.5209673875984786
GS,call,20,uncoupled,coupled,20260429,-0.09224075156145621,34.72798034567574,-71.40999241884886,-118.55852389111868,0.07974332145088164,0.0061123386164046774,0.09616597319673706,0.5007498739128398
GS,call,20,uncoupled,coupled,20260430,-0.7495596119303467,34.67028616166976,-74.16021652148032,-120.52418944399265,0.07762431813633254,0.006197378908604338,0.09994764296448275,0.5352514571226267
GS,call,20,uncoupled,coupled,20260431,1.1800917121469106,31.444834694758214,-63.236004295788156,-107.26449879135754,0.07719740370851068,0.006109009414186412,0.09859323471068938,0.524772594331678
GS,call,22,frozen,surface,0,-0.5411497857304418,36.88600479101605,-80.50573238468165,-125.6828804587706,0.0,0.0,0.0,0.0
GS,call,22,frozen,surface,20260429,-0.96839930047746,37.534141760387556,-82.05994528853431,-126.47562471409518,0.0,0.0,0.0,0.0
GS,call,22,frozen,surface,20260430,-1.5371231039903632,39.23302303382556,-83.07514731552301,-134.48993296010462,0.0,0.0,0.0,0.0
GS,call,22,frozen,surface,20260431,0.8820730472764904,33.66319594664258,-72.94565948309592,-115.4108860233525,0.0,0.0,0.0,0.0
GS,call,22,surface,relaxation,0,-0.5411497857304418,36.88600479101605,-80.50573238468165,-125.6828804587706,0.0,0.0,0.0,0.0
GS,call,22,surface,relaxation,20260429,-0.96839930047746,37.534141760387556,-82.05994528853431,-126.47562471409518,0.0,0.0,0.0,0.0
GS,call,22,surface,relaxation,20260430,-1.5371231039903632,39.23302303382556,-83.07514731552301,-134.48993296010462,0.0,0.0,0.0,0.0
GS,call,22,surface,relaxation,20260431,0.8820730472764904,33.66319594664258,-72.94565948309592,-115.4108860233525,0.0,0.0,0.0,0.0
GS,call,22,relaxation,uncoupled,0,-0.5411497857304418,36.88600479101605,-80.50573238468165,-125.6828804587706,0.0,0.0,0.0,0.0
GS,call,22,relaxation,uncoupled,20260429,-0.96839930047746,37.534141760387556,-82.05994528853431,-126.47562471409518,0.0,0.0,0.0,0.0
GS,call,22,relaxation,uncoupled,20260430,-1.5371231039903632,39.23302303382556,-83.07514731552301,-134.48993296010462,0.0,0.0,0.0,0.0
GS,call,22,relaxation,uncoupled,20260431,0.8820730472764904,33.66319594664258,-72.94565948309592,-115.4108860233525,0.0,0.0,0.0,0.0
GS,call,22,uncoupled,coupled,0,-0.5411497857304418,36.88600479101605,-80.50573238468165,-125.6828804587706,0.0,0.0,0.0,0.0
GS,call,22,uncoupled,coupled,20260429,-0.96839930047746,37.534141760387556,-82.05994528853431,-126.47562471409518,0.0,0.0,0.0,0.0
GS,call,22,uncoupled,coupled,20260430,-1.5371231039903632,39.23302303382556,-83.07514731552301,-134.48993296010462,0.0,0.0,0.0,0.0
GS,call,22,uncoupled,coupled,20260431,0.8820730472764904,33.66319594664258,-72.94565948309592,-115.4108860233525,0.0,0.0,0.0,0.0
LLY,put,0,frozen,surface,0,1.3454820793691942,3.7753875674314504e-15,1.345482079369198,1.3454820793691942,0.0,0.0,0.0,0.0
LLY,put,0,frozen,surface,20260429,1.345482079369194,3.998802790146067e-15,1.345482079369198,1.345482079369194,0.0,0.0,0.0,0.0
LLY,put,0,frozen,surface,20260430,1.345482079369194,3.998802790146067e-15,1.345482079369198,1.345482079369194,0.0,0.0,0.0,0.0
LLY,put,0,frozen,surface,20260431,1.345482079369194,3.998802790146067e-15,1.345482079369198,1.345482079369194,0.0,0.0,0.0,0.0
LLY,put,0,surface,relaxation,0,1.3454820793691942,3.7753875674314504e-15,1.345482079369198,1.3454820793691942,0.0,0.0,0.0,0.0
LLY,put,0,surface,relaxation,20260429,1.345482079369194,3.998802790146067e-15,1.345482079369198,1.345482079369194,0.0,0.0,0.0,0.0
LLY,put,0,surface,relaxation,20260430,1.345482079369194,3.998802790146067e-15,1.345482079369198,1.345482079369194,0.0,0.0,0.0,0.0
LLY,put,0,surface,relaxation,20260431,1.345482079369194,3.998802790146067e-15,1.345482079369198,1.345482079369194,0.0,0.0,0.0,0.0
LLY,put,0,relaxation,uncoupled,0,1.3454820793691942,3.7753875674314504e-15,1.345482079369198,1.3454820793691942,0.0,0.0,0.0,0.0
LLY,put,0,relaxation,uncoupled,20260429,1.345482079369194,3.998802790146067e-15,1.345482079369198,1.345482079369194,0.0,0.0,0.0,0.0
LLY,put,0,relaxation,uncoupled,20260430,1.345482079369194,3.998802790146067e-15,1.345482079369198,1.345482079369194,0.0,0.0,0.0,0.0
LLY,put,0,relaxation,uncoupled,20260431,1.345482079369194,3.998802790146067e-15,1.345482079369198,1.345482079369194,0.0,0.0,0.0,0.0
LLY,put,0,uncoupled,coupled,0,1.3454820793691942,3.7753875674314504e-15,1.345482079369198,1.3454820793691942,0.0,0.0,0.0,0.0
LLY,put,0,uncoupled,coupled,20260429,1.345482079369194,3.998802790146067e-15,1.345482079369198,1.345482079369194,0.0,0.0,0.0,0.0
LLY,put,0,uncoupled,coupled,20260430,1.345482079369194,3.998802790146067e-15,1.345482079369198,1.345482079369194,0.0,0.0,0.0,0.0
LLY,put,0,uncoupled,coupled,20260431,1.345482079369194,3.998802790146067e-15,1.345482079369198,1.345482079369194,0.0,0.0,0.0,0.0
LLY,put,5,frozen,surface,0,3.7892946751824095,9.352810776377021,-13.350135320597863,-23.15974108961475,-0.52778193788606,0.007482510028248318,0.5900092185049919,0.8891232425332588
LLY,put,5,frozen,surface,20260429,3.4988784614848196,9.580896995690852,-14.027410354011254,-24.02369844461995,-0.5236709427045539,0.013407202529202451,0.5916292700257803,0.9745853537876613
LLY,put,5,frozen,surface,20260430,3.7184368921141124,9.588240298211556,-14.569025647326752,-23.65256581063385,-0.5171912085641048,0.013751507878667456,0.5881839574471449,0.826610047734259
LLY,put,5,frozen,surface,20260431,4.150568671948298,8.86861279215719,-10.332172837970308,-21.389082309724362,-0.5424836623895212,0.011620037531305636,0.5902144280420505,0.8228978914023066
LLY,put,5,surface,relaxation,0,4.284265618076508,9.617562914530104,-13.525690763876828,-23.5944596344318,0.49497094289409854,0.006855560265890845,0.5461729290993991,0.8431798898490466
LLY,put,5,surface,relaxation,20260429,3.9894774602190757,9.85979849144127,-14.351571364691765,-24.483316818241864,0.49059899873425744,0.01241326895619496,0.5480248101254355,0.9288553095474619
LLY,put,5,surface,relaxation,20260430,4.204545979341413,9.874280730700475,-14.7787038327071,-24.107215363769473,0.4861090872273029,0.012527855252489988,0.5435870916989216,0.804028354583238
LLY,put,5,surface,relaxation,20260431,4.6587734146690325,9.095435014540636,-10.371145765436715,-21.757678809329665,0.5082047427207352,0.010581170882690982,0.54690688547384,0.7853820423483334
LLY,put,5,relaxation,uncoupled,0,4.344896368096809,9.835925448290293,-13.259900558381938,-23.75548212763987,0.06063075002030148,0.04219995261711104,1.8170774034538324,4.573494959140693
LLY,put,5,relaxation,uncoupled,20260429,4.092799865124405,10.097997058107751,-14.34451999009674,-24.631690535993766,0.10332240490532982,0.0726621263374014,1.8144943470857957,4.60546111391537
LLY,put,5,relaxation,uncoupled,20260430,4.3050816387419655,10.086031134371062,-13.818609380607533,-24.189118862914007,0.10053565940055142,0.07412623415596942,1.839432534416411,4.534596220759142
LLY,put,5,relaxation,uncoupled,20260431,4.636807600424056,9.30493974508915,-11.842106884247,-22.1279689371814,-0.021965814244976633,0.0724809568551614,1.7973053288592922,4.523103265847055
LLY,put,5,uncoupled,coupled,0,4.121250056650439,10.839874857808656,-15.782475683940532,-26.803857709051705,-0.22364631144636948,0.02291055470093264,0.9768531963045523,2.61524348103597
LLY,put,5,uncoupled,coupled,20260429,3.8148783963280426,11.12016951601392,-16.996397268542694,-27.761675806989324,-0.27792146879636304,0.040219228366166024,0.9963635689952425,2.859336709597446
LLY,put,5,uncoupled,coupled,20260430,4.063020643168784,11.13908207229279,-16.455817670333325,-27.30250983149952,-0.2420609955731825,0.04094830589047275,1.0109589014077724,2.6861074392154394
LLY,put,5,uncoupled,coupled,20260431,4.485851130454494,10.236022846550066,-13.628097551924368,-24.97081378022386,-0.15095646996956275,0.03773945938470408,0.9232371185106415,2.3459711063258726
LLY,put,10,frozen,surface,0,5.827985604516245,13.661467094128804,-18.81186864160083,-36.16838889352014,-1.3256635401881702,0.008721822603629545,1.3256635401881702,2.530814650240131
LLY,put,10,frozen,surface,20260429,5.332487577635026,13.770878368215103,-19.70509010473881,-36.56758064215157,-1.3285982102524474,0.015436538367765814,1.3285982102524474,2.595112457189133
LLY,put,10,frozen,surface,20260430,5.468553180999203,14.61487084611509,-21.15014592310478,-39.452977428512916,-1.315999182172786,0.015152649396437482,1.315999182172786,2.505241443778087
LLY,put,10,frozen,surface,20260431,6.682916054914504,12.487691174229761,-17.164631875159657,-32.102677474171315,-1.3323932281392772,0.01473267236500455,1.3323932281392772,2.518675963307811
LLY,put,10,surface,relaxation,0,6.956346979194254,13.892804801962336,-18.25056969785025,-35.53456171634081,1.12836137467801,0.008031515372960858,1.12836137467801,2.246888943743001
LLY,put,10,surface,relaxation,20260429,6.463092941003425,14.007904609115837,-19.273955802304467,-35.926054288075555,1.1306053633684008,0.014160861250378347,1.1306053633684008,2.2718977080865255
LLY,put,10,surface,relaxation,20260430,6.5908056991181425,14.845647688208727,-20.583184644369283,-38.806738934166496,1.1222525181189373,0.013830424766651693,1.1222525181189373,2.2186307826621507
LLY,put,10,surface,relaxation,20260431,7.815142297461194,12.715591629787406,-16.70050806604352,-31.498516345327385,1.132226242546691,0.013750148464105433,1.132226242546691,2.207890401321533
LLY,put,10,relaxation,uncoupled,0,7.012810121319761,14.067806778021977,-18.665680316850143,-35.69632696787708,0.0564631421255067,0.039770681611238534,1.678813296059326,4.5262421828411235
LLY,put,10,relaxation,uncoupled,20260429,6.582994756241874,14.213341542367992,-18.81481781781762,-36.151633507711296,0.11990181523844655,0.07030005181772322,1.715918362941938,4.682867594502267
LLY,put,10,relaxation,uncoupled,20260430,6.698014034219475,14.953810806253436,-20.743625414389857,-38.79268597635606,0.10720833510133222,0.06903982839181616,1.6995985104196243,4.45004714081049
LLY,put,10,relaxation,uncoupled,20260431,7.757421573497934,12.9472432053057,-16.056137353415114,-31.773345877767095,-0.05772072396325865,0.0672057396552571,1.6209230148164149,4.455029981171697
LLY,put,10,uncoupled,coupled,0,6.6567562700262375,14.919467725021487,-21.28387169777316,-38.265030929530504,-0.35605385129352424,0.020488338621015827,0.9021561117663547,2.5636702721086464
LLY,put,10,uncoupled,coupled,20260429,6.158351159233747,15.062810633434822,-21.056142803902027,-38.741394157358656,-0.4246435970081261,0.035568746904444996,0.9255143109941462,2.578264436457265
LLY,put,10,uncoupled,coupled,20260430,6.318380971892081,15.828762602273763,-22.990258082001887,-41.412005615862356,-0.37963306232739463,0.036852138568564466,0.9394609300164973,2.679420962013893
LLY,put,10,uncoupled,coupled,20260431,7.493536678952885,13.773707468809443,-18.58736040159259,-34.35359121507372,-0.2638848945450521,0.03381544079956392,0.8414930942884205,2.4671508713454156
LLY,put,15,frozen,surface,0,8.630727498541324,16.33707383237763,-23.014288911036473,-45.10750108817228,-1.946368413161056,0.008128307895729311,1.946368413161056,2.7625993624699587
LLY,put,15,frozen,surface,20260429,8.34456464723677,16.232518354163275,-22.322520578187586,-45.24575642182452,-1.9257732741933802,0.013683310753486406,1.9257732741933802,2.759343670872882
LLY,put,15,frozen,surface,20260430,8.518367424032103,16.238022789272847,-23.232388785519337,-43.33930677424618,-1.9621130384448473,0.014237257146622845,1.9621130384448473,2.7637518405393084
LLY,put,15,frozen,surface,20260431,9.0292504243551,16.547285403150095,-22.396589810294778,-46.72131729533436,-1.9512189268449425,0.014296592440470487,1.9512189268449425,2.7632623709716904
LLY,put,15,surface,relaxation,0,10.199169746396949,16.465277626167694,-21.39884814908834,-43.46659679133448,1.5684422478556275,0.008764689768787259,1.5684422478556275,2.4421680557913477
LLY,put,15,surface,relaxation,20260429,9.89190786131047,16.350882952837992,-20.84027628549827,-43.592937974697534,1.5473432140737022,0.014803502957148657,1.5473432140737022,2.424168316856496
LLY,put,15,surface,relaxation,20260430,10.105212889968467,16.3748493276022,-21.75899902454275,-41.69321370016304,1.586845465936363,0.01539346406833567,1.586845465936363,2.447781083881008
LLY,put,15,surface,relaxation,20260431,10.600388487911916,16.67654978870633,-20.806536986495626,-45.090401200227554,1.571138063556815,0.015327919557830435,1.571138063556815,2.4455984187084647
LLY,put,15,relaxation,uncoupled,0,10.229730830897,16.577175256855792,-22.518672531457263,-43.840930844855414,0.030561084500047297,0.02934886638085174,1.1601788550643046,3.463628737482749
LLY,put,15,relaxation,uncoupled,20260429,9.936194347235123,16.51728277691341,-21.89552883025395,-44.28738630170008,0.04428648592465195,0.051401705272795445,1.185210320039081,3.4264022486413834
LLY,put,15,relaxation,uncoupled,20260430,10.190716091559135,16.423974696039895,-23.44328934525288,-41.79669902010239,0.08550320159067125,0.052225511823981746,1.1687045231456856,3.5839997839359934
LLY,put,15,relaxation,uncoupled,20260431,10.562282053896736,16.79858102245043,-21.51277813403551,-45.39263769058054,-0.03810643401518129,0.048783269245130205,1.1266217220081476,3.2550758177248085
LLY,put,15,uncoupled,coupled,0,9.893632887429915,17.087312236325168,-24.281270877824717,-45.277579555051844,-0.3360979434670837,0.014053519757808514,0.610422611608753,1.8503467059989827
LLY,put,15,uncoupled,coupled,20260429,9.577286372934164,17.013353652299163,-23.86290963282212,-45.694275467293885,-0.358907974300958,0.023861859038178043,0.6173631009936363,1.812458930556803
LLY,put,15,uncoupled,coupled,20260430,9.838352889977681,16.961551684088967,-24.361666083834617,-43.25309541497247,-0.35236320158145423,0.025202349391582324,0.6310529162591918,1.8817565285798317
LLY,put,15,uncoupled,coupled,20260431,10.265259399377898,17.295182526710928,-23.331473103403937,-46.86500807021148,-0.29702265451883897,0.0239131380824855,0.582851817573431,1.8325755760616151
LLY,put,20,frozen,surface,0,13.699182675851121,19.534477195077155,-27.18681012894666,-55.66522583817384,-0.8838219494426749,0.007967394145105727,0.8838219494426749,1.5211335856064445
LLY,put,20,frozen,surface,20260429,13.873401945033857,18.578141660255156,-23.50858834739663,-51.47883728880678,-0.8909591964114293,0.013988009480309982,0.8909591964114293,1.5237762902753786
LLY,put,20,frozen,surface,20260430,13.414235938943447,19.812436389118496,-29.879378264716472,-56.59426084557705,-0.8672324595305272,0.013646195053172279,0.8672324595305272,1.5087977321691355
LLY,put,20,frozen,surface,20260431,13.809910143576065,20.192757084843063,-28.54701850908524,-58.401317394387895,-0.8932741923860678,0.013762144517341651,0.8932741923860678,1.5224775398385824
LLY,put,20,surface,relaxation,0,14.430772723193813,19.62979697306433,-26.39465364843088,-55.196173732793525,0.7315900473426878,0.007288916698722396,0.7331090885317137,1.3312104179057123
LLY,put,20,surface,relaxation,20260429,14.610444541595633,18.67123362257026,-22.74043817949111,-50.9782573235271,0.7370425965617783,0.01277250168538638,0.7386142779033572,1.3387172077951004
LLY,put,20,surface,relaxation,20260430,14.12937068190518,19.901616280137453,-29.083962159177105,-56.14166977701063,0.7151347429617373,0.012424475231045458,0.7160819225731736,1.318598173537263
LLY,put,20,surface,relaxation,20260431,14.552502946080615,20.296079421084627,-27.759525185684183,-57.94530452366742,0.7425928025045481,0.012670732996973282,0.744631065118611,1.331335347401431
LLY,put,20,relaxation,uncoupled,0,14.434937094970683,19.634084021683037,-26.326668962040976,-55.20863726852462,0.004164371776873092,0.008849126986481853,0.25854385257251145,1.1417533760600427
LLY,put,20,relaxation,uncoupled,20260429,14.63606267554491,18.679665072496665,-22.55765016732915,-50.99518045719173,0.025618133949278636,0.01587281482620341,0.26956056872743145,1.2700376838672343
LLY,put,20,relaxation,uncoupled,20260430,14.137565954257218,19.901265213411357,-28.995332170588437,-56.14986798618572,0.00819527235203877,0.01602520845842941,0.267924629118214,1.1778577735919327
LLY,put,20,relaxation,uncoupled,20260431,14.531182655109912,20.301108479303167,-27.771750326887673,-57.962198025589096,-0.021320290970698128,0.013976876781049648,0.23814635987188884,1.0615434392507728
LLY,put,20,uncoupled,coupled,0,14.306991516053808,19.6838154556428,-26.53881623793599,-55.26406312905989,-0.12794557891687633,0.004254494763957531,0.14621535571074395,0.6519595764735251
LLY,put,20,uncoupled,coupled,20260429,14.503564783298282,18.738012154873758,-22.796342377020526,-51.067575098107284,-0.1324978922466303,0.007608158358803977,0.15430223564770948,0.6841412234394892
LLY,put,20,uncoupled,coupled,20260430,14.009234915156059,19.945617985603164,-29.11758009622389,-56.19603687673853,-0.12833103910116525,0.007285192093725972,0.14512268439321968,0.6354375763820502
LLY,put,20,uncoupled,coupled,20260431,14.40817484970709,20.34834149036899,-28.011305038374932,-58.01313210045773,-0.12300780540283342,0.007211924003930873,0.1392211470913027,0.6297164606781971
LLY,put,22,frozen,surface,0,15.680661799361314,21.015372548376156,-30.987852782662,-60.737137357042414,0.0,0.0,0.0,0.0
LLY,put,22,frozen,surface,20260429,15.60031225446108,20.943222816272286,-31.786971436626928,-60.568896398001236,0.0,0.0,0.0,0.0
LLY,put,22,frozen,surface,20260430,15.607197806057252,20.940993513529182,-28.092796269223474,-60.355502691273486,0.0,0.0,0.0,0.0
LLY,put,22,frozen,surface,20260431,15.83447533756561,21.181182392838494,-32.97152252531231,-61.15093898758319,0.0,0.0,0.0,0.0
LLY,put,22,surface,relaxation,0,15.680661799361314,21.015372548376156,-30.987852782662,-60.737137357042414,0.0,0.0,0.0,0.0
LLY,put,22,surface,relaxation,20260429,15.60031225446108,20.943222816272286,-31.786971436626928,-60.568896398001236,0.0,0.0,0.0,0.0
LLY,put,22,surface,relaxation,20260430,15.607197806057252,20.940993513529182,-28.092796269223474,-60.355502691273486,0.0,0.0,0.0,0.0
LLY,put,22,surface,relaxation,20260431,15.83447533756561,21.181182392838494,-32.97152252531231,-61.15093898758319,0.0,0.0,0.0,0.0
LLY,put,22,relaxation,uncoupled,0,15.680661799361314,21.015372548376156,-30.987852782662,-60.737137357042414,0.0,0.0,0.0,0.0
LLY,put,22,relaxation,uncoupled,20260429,15.60031225446108,20.943222816272286,-31.786971436626928,-60.568896398001236,0.0,0.0,0.0,0.0
LLY,put,22,relaxation,uncoupled,20260430,15.607197806057252,20.940993513529182,-28.092796269223474,-60.355502691273486,0.0,0.0,0.0,0.0
LLY,put,22,relaxation,uncoupled,20260431,15.83447533756561,21.181182392838494,-32.97152252531231,-61.15093898758319,0.0,0.0,0.0,0.0
LLY,put,22,uncoupled,coupled,0,15.680661799361314,21.015372548376156,-30.987852782662,-60.737137357042414,0.0,0.0,0.0,0.0
LLY,put,22,uncoupled,coupled,20260429,15.60031225446108,20.943222816272286,-31.786971436626928,-60.568896398001236,0.0,0.0,0.0,0.0
LLY,put,22,uncoupled,coupled,20260430,15.607197806057252,20.940993513529182,-28.092796269223474,-60.355502691273486,0.0,0.0,0.0,0.0
LLY,put,22,uncoupled,coupled,20260431,15.83447533756561,21.181182392838494,-32.97152252531231,-61.15093898758319,0.0,0.0,0.0,0.0
LLY,call,0,frozen,surface,0,1.8038068739636228,2.2208162161361474e-16,1.803806873963623,1.8038068739636228,0.0,0.0,0.0,0.0
LLY,call,0,frozen,surface,20260429,1.8038068739636228,2.221557105636704e-16,1.803806873963623,1.8038068739636228,0.0,0.0,0.0,0.0
LLY,call,0,frozen,surface,20260430,1.8038068739636228,2.221557105636704e-16,1.803806873963623,1.8038068739636228,0.0,0.0,0.0,0.0
LLY,call,0,frozen,surface,20260431,1.8038068739636228,2.221557105636704e-16,1.803806873963623,1.8038068739636228,0.0,0.0,0.0,0.0
LLY,call,0,surface,relaxation,0,1.8038068739636228,2.2208162161361474e-16,1.803806873963623,1.8038068739636228,0.0,0.0,0.0,0.0
LLY,call,0,surface,relaxation,20260429,1.8038068739636228,2.221557105636704e-16,1.803806873963623,1.8038068739636228,0.0,0.0,0.0,0.0
LLY,call,0,surface,relaxation,20260430,1.8038068739636228,2.221557105636704e-16,1.803806873963623,1.8038068739636228,0.0,0.0,0.0,0.0
LLY,call,0,surface,relaxation,20260431,1.8038068739636228,2.221557105636704e-16,1.803806873963623,1.8038068739636228,0.0,0.0,0.0,0.0
LLY,call,0,relaxation,uncoupled,0,1.8038068739636228,2.2208162161361474e-16,1.803806873963623,1.8038068739636228,0.0,0.0,0.0,0.0
LLY,call,0,relaxation,uncoupled,20260429,1.8038068739636228,2.221557105636704e-16,1.803806873963623,1.8038068739636228,0.0,0.0,0.0,0.0
LLY,call,0,relaxation,uncoupled,20260430,1.8038068739636228,2.221557105636704e-16,1.803806873963623,1.8038068739636228,0.0,0.0,0.0,0.0
LLY,call,0,relaxation,uncoupled,20260431,1.8038068739636228,2.221557105636704e-16,1.803806873963623,1.8038068739636228,0.0,0.0,0.0,0.0
LLY,call,0,uncoupled,coupled,0,1.8038068739636228,2.2208162161361474e-16,1.803806873963623,1.8038068739636228,0.0,0.0,0.0,0.0
LLY,call,0,uncoupled,coupled,20260429,1.8038068739636228,2.221557105636704e-16,1.803806873963623,1.8038068739636228,0.0,0.0,0.0,0.0
LLY,call,0,uncoupled,coupled,20260430,1.8038068739636228,2.221557105636704e-16,1.803806873963623,1.8038068739636228,0.0,0.0,0.0,0.0
LLY,call,0,uncoupled,coupled,20260431,1.8038068739636228,2.221557105636704e-16,1.803806873963623,1.8038068739636228,0.0,0.0,0.0,0.0
LLY,call,5,frozen,surface,0,2.7078182539876883,11.6688104258749,-16.312233259886607,-34.34583024692104,-1.1786771041828406,0.005486354221237044,1.1786771041828406,1.7237647023741758
LLY,call,5,frozen,surface,20260429,2.7867528660641865,12.356067683967959,-17.668474640573994,-37.09340543047702,-1.1795803579090185,0.009569952256771734,1.1795803579090185,1.7798252370137309
LLY,call,5,frozen,surface,20260430,2.5394852938270476,11.866090090363786,-15.297573806484003,-35.59568796345581,-1.193346877576505,0.010012912163254294,1.193346877576505,1.6828185053356015
LLY,call,5,frozen,surface,20260431,2.7972166020718308,10.734845185914285,-15.237540314464407,-30.23331613988595,-1.163104077062998,0.00887581729028244,1.163104077062998,1.6803874029851824
LLY,call,5,surface,relaxation,0,3.776531540698277,11.468667273797166,-14.778976548546567,-32.33736818445934,1.0687132867105882,0.004931046470918485,1.0687132867105882,1.5412290958815111
LLY,call,5,surface,relaxation,20260429,3.8574901803752293,12.155589699787416,-16.025585825581626,-35.057327889502666,1.0707373143110435,0.008714015874553425,1.0707373143110435,1.6203581930098772
LLY,call,5,surface,relaxation,20260430,3.621246172821024,11.653782059471666,-13.774384936317015,-33.51845370163279,1.0817608789939754,0.008930717478674475,1.0817608789939754,1.5469583226183796
LLY,call,5,surface,relaxation,20260431,3.8508582688985773,10.547468194601725,-13.676362882663692,-28.32851498448969,1.053641666826746,0.007930279422723846,1.053641666826746,1.5008146226976018
LLY,call,5,relaxation,uncoupled,0,3.816950287813483,11.70084848549559,-15.151273381542563,-32.65774045581149,0.040418747115206384,0.042426128245947804,1.8191300687432626,4.59801354819262
LLY,call,5,relaxation,uncoupled,20260429,3.944511865085742,12.373534024822533,-15.384586657136296,-35.58739885721811,0.08702168471051235,0.07267278194789865,1.8022478504346846,4.5159521731893655
LLY,call,5,relaxation,uncoupled,20260430,3.710545472687773,11.863870064209532,-15.303470719925265,-33.70559191905116,0.08929929986674971,0.07526523833069426,1.8509570063189262,4.729123809187436
LLY,call,5,relaxation,uncoupled,20260431,3.795793525666934,10.822191684828404,-14.285103549618661,-28.6566406803749,-0.055064743231642996,0.0724618287250481,1.8041853494761764,4.417987840081034
LLY,call,5,uncoupled,coupled,0,4.049755469639932,10.438742237751278,-12.127512020290325,-28.589760258864583,0.23280518182644866,0.024803907993141486,1.0035637595178315,2.968539092369474
LLY,call,5,uncoupled,coupled,20260429,4.140897443226923,11.096074468266522,-12.693367306272666,-31.324020558828405,0.1963855781411816,0.04389922563965356,1.011886360441003,3.029758244717332
LLY,call,5,uncoupled,coupled,20260430,3.9557960846983304,10.556644791818066,-12.46211483055491,-29.526450709214785,0.24525061201055764,0.04392912082004662,1.0337643093409323,3.00185762962267
LLY,call,5,uncoupled,coupled,20260431,4.05257288099454,9.619635812287703,-11.456549276402688,-24.891691762799205,0.2567793553276068,0.041010145094350824,0.9650406087715595,2.8656538070888544
LLY,call,10,frozen,surface,0,4.076503885023461,16.690475738120828,-25.364510919703733,-50.4244599160106,-2.2296975393797656,0.006884786140630081,2.2296975393797656,3.118003430265235
LLY,call,10,frozen,surface,20260429,4.434493182039065,16.099498020572604,-29.25264754378585,-49.08005365845404,-2.2230803366628384,0.012050956553296296,2.2230803366628384,3.144685851503632
LLY,call,10,frozen,surface,20260430,3.985101663092545,17.13505034747824,-25.061782749518454,-51.63773340308597,-2.2259121972254485,0.012143891035611887,2.2259121972254485,3.1105378099549337
LLY,call,10,frozen,surface,20260431,3.809916809938774,16.830391221627735,-23.68403604904243,-50.152803146450125,-2.2401000842510093,0.011576746919182302,2.2401000842510093,3.090109119970065
LLY,call,10,surface,relaxation,0,5.895837067389208,16.474498384336947,-22.745380472037066,-47.951309340296945,1.819333182365747,0.0049970067363419605,1.819333182365747,2.4359649071729614
LLY,call,10,surface,relaxation,20260429,6.24956052262683,15.886269693692382,-26.553016473844657,-46.644023814435826,1.8150673405877646,0.008672909869204812,1.8150673405877646,2.4487934853020383
LLY,call,10,surface,relaxation,20260430,5.80093329167402,16.917317165374563,-22.41552982968907,-49.158545373102406,1.815831628581474,0.008812188036356135,1.815831628581474,2.40941284654933
LLY,call,10,surface,relaxation,20260431,5.637017387866777,16.61325229434782,-21.120488077507353,-47.6521260285586,1.827100577928002,0.008480315568888976,1.827100577928002,2.436683164139343
LLY,call,10,relaxation,uncoupled,0,5.947697829832357,16.643633727771476,-23.196108536746696,-48.48037205737704,0.05186076244314777,0.040586431702672156,1.6708560357347306,4.653753607611521
LLY,call,10,relaxation,uncoupled,20260429,6.376234055811515,16.03352206357551,-27.05060413628693,-47.23614902417759,0.12667353318468674,0.0695239105298821,1.6483777996261793,4.65443115902936
LLY,call,10,relaxation,uncoupled,20260430,5.888145115861784,17.031438830516308,-21.812873228031386,-49.10586664079721,0.08721182418776324,0.07124465911080588,1.6967088246213777,4.736902465068357
LLY,call,10,relaxation,uncoupled,20260431,5.5787143178237715,16.855824095477438,-22.40063734449294,-48.85975948909736,-0.05830307004300661,0.0700488549667501,1.667481482956634,4.597658386935204
LLY,call,10,uncoupled,coupled,0,6.25969768116113,15.66145529272935,-20.278539366339576,-45.18161920229533,0.3119998513287735,0.022049542238145606,0.8949284185308952,2.8755168762807366
LLY,call,10,uncoupled,coupled,20260429,6.6421870602801185,14.96974373956906,-23.57527517957623,-43.774850990448776,0.26595300446860276,0.038408548979889774,0.8893694004763179,2.8327100478308633
LLY,call,10,uncoupled,coupled,20260430,6.202683281599212,16.08703013061317,-19.26841302367501,-45.98665382105551,0.3145381657374307,0.037794353201716015,0.9068385523321267,2.833319015497312
LLY,call,10,uncoupled,coupled,20260431,5.9342227016040585,15.91204243824046,-19.461144457787533,-45.512479135368665,0.35550838378028693,0.03835240918257176,0.8885773027842407,2.9320519667450116
LLY,call,15,frozen,surface,0,6.048964642014711,19.466082670447545,-30.13782090065918,-60.07281490320421,-2.837124539221543,0.012315460236651404,2.837124539221543,3.4028268881330472
LLY,call,15,frozen,surface,20260429,6.142012019681979,19.30547073755809,-36.06463715841274,-61.54493880977232,-2.8177588758598016,0.02121072014474626,2.8177588758598016,3.4045196738363535
LLY,call,15,frozen,surface,20260430,6.007407503939093,19.344442111314653,-27.42826718912137,-56.90714972668605,-2.8300415861408084,0.0215843113878729,2.8300415861408084,3.4004342127586855
LLY,call,15,frozen,surface,20260431,5.997474402423065,19.764160717362014,-27.644212473271523,-60.88166674344491,-2.8635731556640174,0.021190634308840398,2.8635731556640174,3.403159421500115
LLY,call,15,surface,relaxation,0,8.224933907477876,19.357006854188647,-28.21672059304623,-57.83905306220138,2.1759692654631646,0.007973942247270072,2.1759692654631646,2.5474633842163312
LLY,call,15,surface,relaxation,20260429,8.311187696627883,19.19488114789678,-34.17888618630669,-59.261646577492414,2.169175676945905,0.01375207987882018,2.169175676945905,2.546589277021182
LLY,call,15,surface,relaxation,20260430,8.173768463323073,19.226263080725538,-25.317705669836204,-54.689181860701844,2.1663609593839817,0.01389591503220472,2.1663609593839817,2.5456101138491065
LLY,call,15,surface,relaxation,20260431,8.189845562482668,19.66538395718615,-25.618090922779384,-58.67563528773896,2.1923711600596056,0.013784470285949632,2.1923711600596056,2.5501260331095486
LLY,call,15,relaxation,uncoupled,0,8.274788471680894,19.402937589242217,-28.213052993663876,-57.88301873723675,0.04985456420301841,0.029966452045581696,1.1414330216676578,3.593732757241132
LLY,call,15,relaxation,uncoupled,20260429,8.378477844772448,19.25129391413001,-34.609404126673994,-59.344119710846805,0.06729014814456728,0.051704621175882585,1.1299765347963653,3.6605443198104557
LLY,call,15,relaxation,uncoupled,20260430,8.26868990396691,19.236275880835972,-25.226376648830524,-54.684322824279405,0.0949214406438334,0.05308193040847327,1.147859175452727,3.6024119096373868
LLY,call,15,relaxation,uncoupled,20260431,8.177197666303325,19.73597483893823,-26.568570596997223,-58.735407568029224,-0.012647896179345522,0.0508918514249593,1.1464633547538812,3.584157318207598
LLY,call,15,uncoupled,coupled,0,8.595491091252892,18.85801768545319,-26.315401801203798,-56.16729831812115,0.32070261957199925,0.015081891289636532,0.5928965893517324,2.0533440398019995
LLY,call,15,uncoupled,coupled,20260429,8.672503637901203,18.66070558299187,-32.63054920006729,-57.60840983127886,0.2940257931287533,0.025790387327421695,0.580401630957854,2.0176703947260775
LLY,call,15,uncoupled,coupled,20260430,8.598249163666317,18.702166385082524,-22.992850508771678,-52.94919711042917,0.3295592596994099,0.026215967819048443,0.5989610395716966,2.0969323604819836
LLY,call,15,uncoupled,coupled,20260431,8.51572047219116,19.224494275342575,-24.501226541133615,-57.03217166803535,0.33852280588783457,0.026362991911679103,0.5993270975256468,2.039287111500244
LLY,call,20,frozen,surface,0,11.083765046450926,23.23022250006833,-35.07801358751978,-73.64960141614777,-0.9183757048665894,0.010106754713647737,0.9183757048665894,1.865608150681876
LLY,call,20,frozen,surface,20260429,10.56483888779263,24.802083820625203,-47.329868794192976,-80.66289981200165,-0.8992517341209655,0.017280556874070613,0.8992517341209655,1.8206432060078654
LLY,call,20,frozen,surface,20260430,11.087959126584648,22.606887377015678,-29.754967542852217,-70.99429050802067,-0.9234906767863194,0.017940218338958917,0.9234906767863194,1.9212181966304667
LLY,call,20,frozen,surface,20260431,11.598497124975498,22.209470378204493,-33.05917520557746,-67.31033560435247,-0.932384703692483,0.01728797559327444,0.932384703692483,1.845388333930903
LLY,call,20,surface,relaxation,0,11.746259076676681,23.086886535400684,-33.43320156452829,-72.54490243915374,0.6624940302257565,0.0068417844177296495,0.6638809700713997,1.4255718674291917
LLY,call,20,surface,relaxation,20260429,11.221898875507161,24.666710681857207,-45.928160952854846,-79.6508651828951,0.6570599877145318,0.011546235949922708,0.6580741582483951,1.370366596031701
LLY,call,20,surface,relaxation,20260430,11.748967143014994,22.459850919149797,-28.135599673562,-69.86533377365832,0.661008016430346,0.012149652559640409,0.6631060485022294,1.4554182669043272
LLY,call,20,surface,relaxation,20260431,12.26791121150789,22.059939182249465,-31.406501110112828,-66.11754556511941,0.6694140865323919,0.011855882148706948,0.670462703463575,1.4355248125457236
LLY,call,20,relaxation,uncoupled,0,11.74947955059152,23.087283824586315,-33.34504923463346,-72.55405639854321,0.003220473914838786,0.009356772904970142,0.25753668669281804,1.2149015976134196
LLY,call,20,relaxation,uncoupled,20260429,11.21703580203888,24.6655296612914,-45.943008707534666,-79.67499324308602,-0.004863073468278969,0.015486875486196578,0.24245626217433658,1.140771136341762
LLY,call,20,relaxation,uncoupled,20260430,11.769412103248733,22.45864940651936,-27.876744418716896,-69.85524089802811,0.020444960233739998,0.016722797461628507,0.2706482525955282,1.2985534768527223
LLY,call,20,relaxation,uncoupled,20260431,12.261990746486942,22.06374266820656,-31.649476454885296,-66.11790124648198,-0.005920465020944678,0.016386803136789613,0.25950554530858944,1.2334485585835506
LLY,call,20,uncoupled,coupled,0,11.879788597388481,23.04009798024653,-33.173301404532666,-72.48052319515072,0.13030904679696373,0.00471688069314403,0.14278117326677553,0.7286768994519375
LLY,call,20,uncoupled,coupled,20260429,11.337285563129518,24.626931437948492,-45.74336489437383,-79.6205703983403,0.12024976109063285,0.007581669077943663,0.13214563131523846,0.6779816547282358
LLY,call,20,uncoupled,coupled,20260430,11.90747909238235,22.404458083466416,-27.642965709882667,-69.76264089350377,0.13806698913361204,0.008467420246223921,0.15080366067194081,0.7511566745025022
LLY,call,20,uncoupled,coupled,20260431,12.394601136653591,22.01351713867008,-31.266170448971906,-66.02747579677225,0.13261039016664633,0.008427843681357027,0.1453942278131473,0.7370960303971064
LLY,call,22,frozen,surface,0,12.417156539522354,25.237644370089274,-41.89378464152872,-81.27707926748336,0.0,0.0,0.0,0.0
LLY,call,22,frozen,surface,20260429,11.56139187378394,27.197383679619193,-46.881788591299866,-88.89037045383716,0.0,0.0,0.0,0.0
LLY,call,22,frozen,surface,20260430,12.343320936957504,25.154700761883888,-38.65680610912602,-81.60577088750692,0.0,0.0,0.0,0.0
LLY,call,22,frozen,surface,20260431,13.346756807825626,23.195496073440136,-38.61816358461198,-72.93929820101977,0.0,0.0,0.0,0.0
LLY,call,22,surface,relaxation,0,12.417156539522354,25.237644370089274,-41.89378464152872,-81.27707926748336,0.0,0.0,0.0,0.0
LLY,call,22,surface,relaxation,20260429,11.56139187378394,27.197383679619193,-46.881788591299866,-88.89037045383716,0.0,0.0,0.0,0.0
LLY,call,22,surface,relaxation,20260430,12.343320936957504,25.154700761883888,-38.65680610912602,-81.60577088750692,0.0,0.0,0.0,0.0
LLY,call,22,surface,relaxation,20260431,13.346756807825626,23.195496073440136,-38.61816358461198,-72.93929820101977,0.0,0.0,0.0,0.0
LLY,call,22,relaxation,uncoupled,0,12.417156539522354,25.237644370089274,-41.89378464152872,-81.27707926748336,0.0,0.0,0.0,0.0
LLY,call,22,relaxation,uncoupled,20260429,11.56139187378394,27.197383679619193,-46.881788591299866,-88.89037045383716,0.0,0.0,0.0,0.0
LLY,call,22,relaxation,uncoupled,20260430,12.343320936957504,25.154700761883888,-38.65680610912602,-81.60577088750692,0.0,0.0,0.0,0.0
LLY,call,22,relaxation,uncoupled,20260431,13.346756807825626,23.195496073440136,-38.61816358461198,-72.93929820101977,0.0,0.0,0.0,0.0
LLY,call,22,uncoupled,coupled,0,12.417156539522354,25.237644370089274,-41.89378464152872,-81.27707926748336,0.0,0.0,0.0,0.0
LLY,call,22,uncoupled,coupled,20260429,11.56139187378394,27.197383679619193,-46.881788591299866,-88.89037045383716,0.0,0.0,0.0,0.0
LLY,call,22,uncoupled,coupled,20260430,12.343320936957504,25.154700761883888,-38.65680610912602,-81.60577088750692,0.0,0.0,0.0,0.0
LLY,call,22,uncoupled,coupled,20260431,13.346756807825626,23.195496073440136,-38.61816358461198,-72.93929820101977,0.0,0.0,0.0,0.0
