path,sha256,raw_rows,filtered_rows,ticker,capture,session
code/data/ladder/options-04-14-2026/AAPL_dte_ladder_20260414_001909.csv,f18b52c58120748732ffc5228488cd33578e228dd0cc86b5c6700ec7c2f0c779,1402,540,AAPL,2026-04-14T00:19:09.731,2026-04-13
code/data/ladder/options-04-14-2026/ABBV_dte_ladder_20260414_002613.csv,eff455713541f32b64f5628d9de330a03ffd5fed6f86fabf8a950e89b0d0bf1a,672,232,ABBV,2026-04-14T00:26:13.733,2026-04-13
code/data/ladder/options-04-14-2026/AMD_dte_ladder_20260414_001859.csv,7931578f676b500c01cdca1de5478a3cf5babfbcf47aeff468c973e8defab825,1212,370,AMD,2026-04-14T00:18:59.526,2026-04-13
code/data/ladder/options-04-14-2026/BAC_dte_ladder_20260414_001955.csv,0311c5ad0a03f713aaea5a7d0bd96ec3487ba292453809f4d554a3945425caa2,500,276,BAC,2026-04-14T00:19:55.222,2026-04-13
code/data/ladder/options-04-14-2026/CVX_dte_ladder_20260414_002451.csv,1b29da0a1dcf1e17f105444077a607e0bae34e3de00b33e01b0e0b1449a66d72,640,271,CVX,2026-04-14T00:24:51.002,2026-04-13
code/data/ladder/options-04-14-2026/GS_dte_ladder_20260414_001944.csv,0a9b8e35f605e0fae41c70175f1261324cc160058be37737234a19054b072ce5,2126,1047,GS,2026-04-14T00:19:44.662,2026-04-13
code/data/ladder/options-04-14-2026/INTC_dte_ladder_20260414_001903.csv,e91ac0fa056e78ae8cc8c854aa9bfe63aefc8f0784a0c1d163dc277b638d8b64,850,309,INTC,2026-04-14T00:19:03.532,2026-04-13
code/data/ladder/options-04-14-2026/IWM_dte_ladder_20260414_002754.csv,3aea96159f777ec3bef3a0e30e051427e23900bd953c74935d424e668e9a48db,2532,1812,IWM,2026-04-14T00:27:54.528,2026-04-13
code/data/ladder/options-04-14-2026/JNJ_dte_ladder_20260414_001906.csv,98453f92f0e0485af30d56dcbfe0c10dacec083c5cc292628c7128ae82d0dd6b,682,241,JNJ,2026-04-14T00:19:06.835,2026-04-13
code/data/ladder/options-04-14-2026/JPM_dte_ladder_20260414_002000.csv,2ebdd0c16687c923edc5b27d738e44ba65569c1bc00b87f78042aa0359db5756,944,416,JPM,2026-04-14T00:20:00.124,2026-04-13
code/data/ladder/options-04-14-2026/LLY_dte_ladder_20260414_002627.csv,f72c5e2a469278c5ff7440e407d50992daefebc1def234fb5577c55c8ec20853,1792,958,LLY,2026-04-14T00:26:27.745,2026-04-13
code/data/ladder/options-04-14-2026/MRNA_dte_ladder_20260414_002559.csv,29e28b115699f3a054e1f8a91c7086368d84355d28d7a206d36d15ff0c0b1b1b,700,310,MRNA,2026-04-14T00:25:59.728,2026-04-13
code/data/ladder/options-04-14-2026/MSFT_dte_ladder_20260414_001934.csv,7443e1c9cf567b9bcd82fd92dc2aad5f0ba08f00bf4d0e4583ea80dd46e43a9d,1588,722,MSFT,2026-04-14T00:19:34.126,2026-04-13
code/data/ladder/options-04-14-2026/MU_dte_ladder_20260414_001902.csv,37c264ca912cfbb371ba165b1bfff2a8ebb16ae298f84f2da5d21ecad9a24557,2240,587,MU,2026-04-14T00:19:02.192,2026-04-13
code/data/ladder/options-04-14-2026/NVDA_dte_ladder_20260414_001900.csv,88e94f1326df8d1d88331e7c2f242393fe2eb8047065141a2ef22e37a4390ff3,1810,536,NVDA,2026-04-14T00:19:00.767,2026-04-13
code/data/ladder/options-04-14-2026/OXY_dte_ladder_20260414_002455.csv,8247b8ea0c8772093f0a16bfe4c5e8260ca3d033e8d9529f35b7d37d0bcc8a10,552,281,OXY,2026-04-14T00:24:55.861,2026-04-13
code/data/ladder/options-04-14-2026/QQQ_dte_ladder_20260414_002718.csv,d74d6b0ef1c6b0e73514100d2ad53f8e716d67ef3db344902dfcc18e98aa443e,5300,3315,QQQ,2026-04-14T00:27:18.356,2026-04-13
code/data/ladder/options-04-14-2026/SPY_dte_ladder_20260414_002501.csv,1bb0fc8243ff1fde09f24b93a7f7362cd6ba06636c21b8fc5bc4af103b657601,6320,4208,SPY,2026-04-14T00:25:01.137,2026-04-13
code/data/ladder/options-04-14-2026/TGT_dte_ladder_20260414_001905.csv,803d1b10a3969d4eddc205cda597220f2f700011801f791638fe035144153a53,724,428,TGT,2026-04-14T00:19:05.430,2026-04-13
code/data/ladder/options-04-14-2026/UPS_dte_ladder_20260414_001908.csv,cc60de33ae50e8b5741df97e1e026a364b83a766945e3fe5cc33a20b41027597,654,360,UPS,2026-04-14T00:19:08.293,2026-04-13
code/data/ladder/options-04-14-2026/WFC_dte_ladder_20260414_001950.csv,fe4d22e6d9eaa724d69e224ad92bf26992dad5e1793845900945ff98c298e492,642,335,WFC,2026-04-14T00:19:50.258,2026-04-13
code/data/ladder/options-04-14-2026/WMT_dte_ladder_20260414_001939.csv,3c596413501959dd63209fadb62835ee5505fe95dc502e8ff293932394789b01,704,406,WMT,2026-04-14T00:19:39.640,2026-04-13
code/data/ladder/options-04-14-2026/XOM_dte_ladder_20260414_002446.csv,8b144877ea4ffe77f224e2ac97c24f08ff6d611c11ebe2982e48276d626a2b1f,718,290,XOM,2026-04-14T00:24:46.074,2026-04-13
code/data/ladder/options-04-15-2026/AAPL_dte_ladder_20260415_203716.csv,752de76bfba0274df87846e9e2fbe9e36411b3e0ff1b781634b115cedc180365,1176,455,AAPL,2026-04-15T20:37:16.340,2026-04-15
code/data/ladder/options-04-15-2026/ABBV_dte_ladder_20260415_203614.csv,1f6f35f650b974c9be6165096c4debbfe096e56b09ba3beb97e52ec70d273a23,504,201,ABBV,2026-04-15T20:36:14.212,2026-04-15
code/data/ladder/options-04-15-2026/AMD_dte_ladder_20260415_203654.csv,a67940b10b2b0df47fa734160f51bb192e6ed2f660ed9b17560335ff22b9201e,896,274,AMD,2026-04-15T20:36:54.992,2026-04-15
code/data/ladder/options-04-15-2026/AMGN_dte_ladder_20260415_203845.csv,c040ec4c05f2a78b32b25ee85ff64163885998edf927fae79215f9f616f3b26b,768,320,AMGN,2026-04-15T20:38:45.305,2026-04-15
code/data/ladder/options-04-15-2026/AVGO_dte_ladder_20260415_203911.csv,62d6fe78aa644228321c3d286a8a205fe05da7fd6848e69a514e3d7bd29e5af1,1582,594,AVGO,2026-04-15T20:39:11.906,2026-04-15
code/data/ladder/options-04-15-2026/BAC_dte_ladder_20260415_203626.csv,ab2375fd9db0f5b3bfacd7fdee00cb55839d9f4b8540f809c8a7641a0c2fdfd0,362,176,BAC,2026-04-15T20:36:26.518,2026-04-15
code/data/ladder/options-04-15-2026/BMY_dte_ladder_20260415_203840.csv,85711ae04163266e19bb75044cf1291d7535efd077777fe2fd76b94deaef7c24,318,151,BMY,2026-04-15T20:38:40.023,2026-04-15
code/data/ladder/options-04-15-2026/CVX_dte_ladder_20260415_203622.csv,9484586a808c3e7b0b60705cc088ad96bed975bee2c9d033630c13f5288bf760,492,206,CVX,2026-04-15T20:36:22.409,2026-04-15
code/data/ladder/options-04-15-2026/GOOG_dte_ladder_20260415_203850.csv,83a76e11445a8fbccdcd9664cd4bfcde8719ca91635d0aa03f8fde2c592e5d2f,810,362,GOOG,2026-04-15T20:38:50.854,2026-04-15
code/data/ladder/options-04-15-2026/GS_dte_ladder_20260415_203735.csv,0a3421d92a506c770e49920a0acc167360ec4a616571557fd3840aad24afc484,1548,708,GS,2026-04-15T20:37:35.024,2026-04-15
code/data/ladder/options-04-15-2026/INTC_dte_ladder_20260415_203638.csv,d25e623acb886c83d96ca242a6b2edce692b501a7763c3cfa444ec085c68aea2,636,222,INTC,2026-04-15T20:36:38.748,2026-04-15
code/data/ladder/options-04-15-2026/IWM_dte_ladder_20260415_203739.csv,5806cee2831663fc287f9312f1f134951f42bfc8b6ec8c8c828a4c7d572d7e66,2352,1587,IWM,2026-04-15T20:37:39.779,2026-04-15
code/data/ladder/options-04-15-2026/JNJ_dte_ladder_20260415_203618.csv,a6f77b5f5030e3def37b920b710c30cb6cedf6cb4d1a3336ec185b0d4cf67512,528,167,JNJ,2026-04-15T20:36:18.164,2026-04-15
code/data/ladder/options-04-15-2026/JPM_dte_ladder_20260415_203703.csv,39f14bbb0f13372e88d9daaf3c68d3e35fd6162426ebf0bb07530f5487e79342,732,308,JPM,2026-04-15T20:37:03.376,2026-04-15
code/data/ladder/options-04-15-2026/LLY_dte_ladder_20260415_203730.csv,49a612274942eb3084ff58d662abf9b07ec3ec17f8c0994ba4a5936e7724bcde,1312,614,LLY,2026-04-15T20:37:30.391,2026-04-15
code/data/ladder/options-04-15-2026/META_dte_ladder_20260415_203856.csv,56fcf2864bf7fe18e730332d3b1e99f5e0bd8901a7320d8826f4e8fc4743f93b,2954,983,META,2026-04-15T20:38:56.653,2026-04-15
code/data/ladder/options-04-15-2026/MRNA_dte_ladder_20260415_203642.csv,91e2953f20899372e13b4cb1a6e54112491136fb061e4e54e2297ad8e5744e50,528,221,MRNA,2026-04-15T20:36:42.791,2026-04-15
code/data/ladder/options-04-15-2026/MSFT_dte_ladder_20260415_203725.csv,885541302f8964670c41059429c486b26e8ae4709b6c85435ad0c82ca9cd8928,1300,599,MSFT,2026-04-15T20:37:25.794,2026-04-15
code/data/ladder/options-04-15-2026/MU_dte_ladder_20260415_203721.csv,63799f7cf57a2ddc5757cd3f5298be2891a24786a2fe588ce9ca855a4aad2e03,1720,470,MU,2026-04-15T20:37:21.090,2026-04-15
code/data/ladder/options-04-15-2026/NVDA_dte_ladder_20260415_203711.csv,28de61eff1c7de0ff1106002ca873be2fe2a09ef0077df9b6048da598c643e84,1274,367,NVDA,2026-04-15T20:37:11.678,2026-04-15
code/data/ladder/options-04-15-2026/OXY_dte_ladder_20260415_203630.csv,953e5148ac55bf2646c14c52d7091f39aef1998b7d7f9de95344b752719e8150,404,178,OXY,2026-04-15T20:36:30.509,2026-04-15
code/data/ladder/options-04-15-2026/PFE_dte_ladder_20260415_203830.csv,ddb06b315921d9ae736098e1be6592be9af5038b7fc8eab361a9d8a658df1a60,320,101,PFE,2026-04-15T20:38:30.217,2026-04-15
code/data/ladder/options-04-15-2026/QCOM_dte_ladder_20260415_203921.csv,1fde956099b5b999d4ad8d639034b9c5f0e1616b85a4f152af8f6022d25bb458,586,299,QCOM,2026-04-15T20:39:21.909,2026-04-15
code/data/ladder/options-04-15-2026/QQQ_dte_ladder_20260415_203745.csv,299d1348725dc42e700f2ab6bc32c87c0fe4e83031b05940555b74db67cc013a,4470,3071,QQQ,2026-04-15T20:37:45.096,2026-04-15
code/data/ladder/options-04-15-2026/SPY_dte_ladder_20260415_203756.csv,6a02ead84dc922eba11a7920b11011867df9810a060e9e82274837a2a45b54db,5710,3540,SPY,2026-04-15T20:37:56.014,2026-04-15
code/data/ladder/options-04-15-2026/TGT_dte_ladder_20260415_203707.csv,a394dd1a89354347cbed7df3dbec629a653bd2c4a150b9863ffa204dfb3c3410,514,277,TGT,2026-04-15T20:37:07.473,2026-04-15
code/data/ladder/options-04-15-2026/UNH_dte_ladder_20260415_203834.csv,d6edb72144bb2ec4761dac834e7704d9011fd79e37848de4cf1d227831487f61,788,304,UNH,2026-04-15T20:38:34.960,2026-04-15
code/data/ladder/options-04-15-2026/UPS_dte_ladder_20260415_203650.csv,4b4580706107410ff590b98b057342b2790e322f31c2c08dd110251d4435fdb0,470,248,UPS,2026-04-15T20:36:50.862,2026-04-15
code/data/ladder/options-04-15-2026/WFC_dte_ladder_20260415_203646.csv,4dcda3421ba7adb8a6aff486cf764f0fcf628395a1b47633ef908dfa04c7d97e,478,230,WFC,2026-04-15T20:36:46.859,2026-04-15
code/data/ladder/options-04-15-2026/WMT_dte_ladder_20260415_203659.csv,fbc16c759101662b66baa79e0e4ddcf979d2b8b07986f29c13a246e285999978,500,270,WMT,2026-04-15T20:36:59.217,2026-04-15
code/data/ladder/options-04-15-2026/XOM_dte_ladder_20260415_203634.csv,340f99e54625c0d8cf2d94b28f6cce6e9f1995acb8c99c94c4726658446e81c8,566,208,XOM,2026-04-15T20:36:34.609,2026-04-15
code/data/ladder/options-04-16-2026/AAPL_dte_ladder_20260416_200914.csv,d32cf17c4f5ab3b247c83998fe9d22d2de93e2247fe8b1f9ad9a628ce1165566,1258,481,AAPL,2026-04-16T20:09:14.574,2026-04-16
code/data/ladder/options-04-16-2026/ABBV_dte_ladder_20260416_200802.csv,d29805b83d45251c55f97015a77aaaf52959951f0cf4072b21a41c099a7e132e,578,216,ABBV,2026-04-16T20:08:02.988,2026-04-16
code/data/ladder/options-04-16-2026/AMD_dte_ladder_20260416_200850.csv,5d4e53b564c3f245ba576631ac227230a13fdc92cfa4eaca6f4582072541792f,1044,293,AMD,2026-04-16T20:08:50.094,2026-04-16
code/data/ladder/options-04-16-2026/AMGN_dte_ladder_20260416_201103.csv,d88efd78830b05f9b628b4fb401620a6c20186c24a17e24f2eed9b3b7ab00d1e,906,338,AMGN,2026-04-16T20:11:03.773,2026-04-16
code/data/ladder/options-04-16-2026/AVGO_dte_ladder_20260416_201126.csv,0b40bda5f732f4e9280fb7a16747d0e126e782fc5da3708d754822d89be3cd12,1522,640,AVGO,2026-04-16T20:11:26.309,2026-04-16
code/data/ladder/options-04-16-2026/BAC_dte_ladder_20260416_200818.csv,082b2aa77110ebbe491c6e87a9e04f1c162d06071f5bbc256d0bd038b358b9d6,410,181,BAC,2026-04-16T20:08:18.513,2026-04-16
code/data/ladder/options-04-16-2026/BMY_dte_ladder_20260416_201059.csv,4fbc930e254b606da87e2b8c6096a3ca70395c310759bcb29d5bfcce5187199a,386,157,BMY,2026-04-16T20:10:59.657,2026-04-16
code/data/ladder/options-04-16-2026/CVX_dte_ladder_20260416_200813.csv,9e39c29570dc88de6c3052d4b3bfb3c3cbf3a10fb033b6192581d3e8068ab087,560,198,CVX,2026-04-16T20:08:13.140,2026-04-16
code/data/ladder/options-04-16-2026/GOOG_dte_ladder_20260416_201108.csv,940e99fe54f4018873e144c41a53acf23d9f3661290ec0b24f82938e354224a1,966,389,GOOG,2026-04-16T20:11:08.417,2026-04-16
code/data/ladder/options-04-16-2026/GS_dte_ladder_20260416_200936.csv,51acfcca6c7c3bf3ca5986110bbe85b3359e89694cec267f49b21bd363093c77,1870,806,GS,2026-04-16T20:09:36.399,2026-04-16
code/data/ladder/options-04-16-2026/INTC_dte_ladder_20260416_200831.csv,7027fe2f6cdd31709a15b2db64be07b5a3d9a7a63147c190cdd1438b1022b199,746,230,INTC,2026-04-16T20:08:31.999,2026-04-16
code/data/ladder/options-04-16-2026/IWM_dte_ladder_20260416_200942.csv,21451fc6b7faad901d8dcbfaff5ef558c7d69c20ba46fcfb2b166ef8c514608a,2582,1603,IWM,2026-04-16T20:09:42.401,2026-04-16
code/data/ladder/options-04-16-2026/JNJ_dte_ladder_20260416_200808.csv,dbc468c3a63707b8c5df6952c41b3e25140603081b7a9cad3a07321ecfd7c11c,614,181,JNJ,2026-04-16T20:08:08.442,2026-04-16
code/data/ladder/options-04-16-2026/JPM_dte_ladder_20260416_200858.csv,1689c6998c71b5c1306b6d505a4c860cb659494fd4d5e9c2283ef3b52caace70,878,337,JPM,2026-04-16T20:08:58.806,2026-04-16
code/data/ladder/options-04-16-2026/LLY_dte_ladder_20260416_200931.csv,6a454d3c41cd1731b37130c9b10fc448a72dda547716a86e8ae5006c3cde2699,1504,651,LLY,2026-04-16T20:09:31.412,2026-04-16
code/data/ladder/options-04-16-2026/META_dte_ladder_20260416_201113.csv,7c471ef6b502f838d44931f5a950f5f953aad4c3520ce58524c51283ffb681ab,3304,1158,META,2026-04-16T20:11:13.088,2026-04-16
code/data/ladder/options-04-16-2026/MRNA_dte_ladder_20260416_200836.csv,a696beae7e17e2fb5da43725e130ae69b4ea02ac70aa90c66c7f77bb4da17f74,658,220,MRNA,2026-04-16T20:08:36.895,2026-04-16
code/data/ladder/options-04-16-2026/MSFT_dte_ladder_20260416_200924.csv,9957cf23e67b6d79c2d7dd64365f5d61e093f53ca3383ad44b83b10ea33baa07,1552,745,MSFT,2026-04-16T20:09:24.941,2026-04-16
code/data/ladder/options-04-16-2026/MU_dte_ladder_20260416_200919.csv,c828e56ca65c93ca626998021191ebeccfba57b947f0afd5db75bcad96fed9f8,1938,474,MU,2026-04-16T20:09:19.902,2026-04-16
code/data/ladder/options-04-16-2026/NVDA_dte_ladder_20260416_200907.csv,ee03612e22c63ae0e021d6b51f81968175cd69d29491e9ad4deb93f3110a7d00,1662,475,NVDA,2026-04-16T20:09:07.779,2026-04-16
code/data/ladder/options-04-16-2026/OXY_dte_ladder_20260416_200822.csv,669e287780b2f7c20b3410955761e07e2e4fd5dca9283ee5bbe771d65f9a07b5,460,192,OXY,2026-04-16T20:08:22.780,2026-04-16
code/data/ladder/options-04-16-2026/PFE_dte_ladder_20260416_201050.csv,c7f6581fa97c0ec064c8ae32b7cd0ea55441fa9281c73595bf05484f2cc982ed,378,114,PFE,2026-04-16T20:10:50.565,2026-04-16
code/data/ladder/options-04-16-2026/QCOM_dte_ladder_20260416_201136.csv,aeeab1688c1395a369b43a45a73e353b445ee707fca5e8c7ced095c9499b9c39,674,311,QCOM,2026-04-16T20:11:36.737,2026-04-16
code/data/ladder/options-04-16-2026/QQQ_dte_ladder_20260416_200947.csv,ccf166c355d526d174ff4fc0be0272e7ae00253c92e6377cfc5648c9142a7e78,4708,2927,QQQ,2026-04-16T20:09:47.912,2026-04-16
code/data/ladder/options-04-16-2026/SPY_dte_ladder_20260416_201005.csv,e96042c92db687582d4248bdedabb2fe084e352df047c73e55ee60c9fb4e909c,5870,3411,SPY,2026-04-16T20:10:05.105,2026-04-16
code/data/ladder/options-04-16-2026/TGT_dte_ladder_20260416_200903.csv,9c822e84b670b0e3a77158c12370b6094d77f35fdc91118dc202ba20835ddd2c,586,262,TGT,2026-04-16T20:09:03.324,2026-04-16
code/data/ladder/options-04-16-2026/UNH_dte_ladder_20260416_201055.csv,08089932d15df0931761d058697ba31a18fda1291818a29eed43473bca20aa32,934,313,UNH,2026-04-16T20:10:55.072,2026-04-16
code/data/ladder/options-04-16-2026/UPS_dte_ladder_20260416_200845.csv,62c133a1a6a1ecb6498e231907e2432a2fdd6c4187c9480dbd73bd35d35380b9,540,263,UPS,2026-04-16T20:08:45.834,2026-04-16
code/data/ladder/options-04-16-2026/WFC_dte_ladder_20260416_200841.csv,73fff5481ae6aeaf09bdf9180a0be24627b4d476996b32a90ac8f4a1b0e09589,562,274,WFC,2026-04-16T20:08:41.250,2026-04-16
code/data/ladder/options-04-16-2026/WMT_dte_ladder_20260416_200854.csv,c44426cc5b49dcc56ebd4741a024c87e2ce92732ddcd45bcdec99721703479bb,574,277,WMT,2026-04-16T20:08:54.387,2026-04-16
code/data/ladder/options-04-16-2026/XOM_dte_ladder_20260416_200827.csv,ac3494a8e0f5959cc2d810797894e74abf584be0fa8f0f41cf7ad70309210c99,640,227,XOM,2026-04-16T20:08:27.811,2026-04-16
code/data/ladder/options-04-17-2026/AAPL_dte_ladder_20260417_235525.csv,4c9a513bf37928dfff72bb1c19470757396d211e9575adc5055331348291bf3d,1314,456,AAPL,2026-04-17T23:55:25.424,2026-04-17
code/data/ladder/options-04-17-2026/ABBV_dte_ladder_20260417_235530.csv,2083d966a8c7715db8e97696d93be1cf579f26ad64edfc29715f949283027310,584,181,ABBV,2026-04-17T23:55:30.323,2026-04-17
code/data/ladder/options-04-17-2026/AMD_dte_ladder_20260417_235534.csv,ee0506054850866cc0df813bc48240e200fffe888f47421040a6dbae45f11247,1086,274,AMD,2026-04-17T23:55:34.589,2026-04-17
code/data/ladder/options-04-17-2026/AMGN_dte_ladder_20260417_235539.csv,fa6ed260e26b275fec12ada6494ab36bc8b609698927d001aceeff289a0ce781,934,335,AMGN,2026-04-17T23:55:39.135,2026-04-17
code/data/ladder/options-04-17-2026/AVGO_dte_ladder_20260417_235543.csv,455a2f883e3bc51a6d0eeab52b22db56f0d41b08ca9aa889a36488db86e60ed7,1720,732,AVGO,2026-04-17T23:55:43.694,2026-04-17
code/data/ladder/options-04-17-2026/BAC_dte_ladder_20260417_235548.csv,54c9c87652cd4d0c4e96156a64def9a230db28350a1711084d711244f5a4bb7f,410,145,BAC,2026-04-17T23:55:48.571,2026-04-17
code/data/ladder/options-04-17-2026/BMY_dte_ladder_20260417_235552.csv,e98a150a4e7b9586faf539b11e433cf853a760c841239ec9c7a272c44ccceeaf,386,147,BMY,2026-04-17T23:55:52.729,2026-04-17
code/data/ladder/options-04-17-2026/CVX_dte_ladder_20260417_235556.csv,a54147d1fa228b700fdaa725fc8bbb47f34bf1026a0f082ae4fcfd6cd218e1f5,560,193,CVX,2026-04-17T23:55:56.858,2026-04-17
code/data/ladder/options-04-17-2026/GOOG_dte_ladder_20260417_235601.csv,e1049be2b9ad0c5795bfb0196a48f13dc2b4f5b3fe93f6dc9afcde9b3fb4f818,1026,395,GOOG,2026-04-17T23:56:01.286,2026-04-17
code/data/ladder/options-04-17-2026/GS_dte_ladder_20260417_235606.csv,85feafaf0fee1e530a5e15b9a6e0ebebdce3bf508e273494dcaa8d9f9b48335a,1870,696,GS,2026-04-17T23:56:06.103,2026-04-17
code/data/ladder/options-04-17-2026/INTC_dte_ladder_20260417_235611.csv,15c9308fdad3afc468ce35a224ef3d1caac6883e62453564b36751afaf355ffc,792,217,INTC,2026-04-17T23:56:11.067,2026-04-17
code/data/ladder/options-04-17-2026/IWM_dte_ladder_20260417_235615.csv,61bb741e7a7d4f6533385c11e60ce7f540b671db8a789e0bb8565f9ba6de77b0,2618,1537,IWM,2026-04-17T23:56:15.811,2026-04-17
code/data/ladder/options-04-17-2026/JNJ_dte_ladder_20260417_235621.csv,fb233be3de18ddd308f6bbe636c37b8b22a4dbc064edee461fa47b0bcea27b11,614,156,JNJ,2026-04-17T23:56:21.023,2026-04-17
code/data/ladder/options-04-17-2026/JPM_dte_ladder_20260417_235625.csv,f8513477e904d93ae65ed3ddc1983a9a8c3c01f83cf22fdae25b4d0858cf77f2,890,311,JPM,2026-04-17T23:56:25.569,2026-04-17
code/data/ladder/options-04-17-2026/LLY_dte_ladder_20260417_235630.csv,3c90ab24190de5d1f93162c8a31ab617ee10a9e71fa15d6249fd5a61c5330e11,1538,629,LLY,2026-04-17T23:56:30.405,2026-04-17
code/data/ladder/options-04-17-2026/META_dte_ladder_20260417_235635.csv,74db577177122e19c60354d727710fea00a6432cb9ad9788912567d39f645370,3388,1131,META,2026-04-17T23:56:35.431,2026-04-17
code/data/ladder/options-04-17-2026/MRNA_dte_ladder_20260417_235640.csv,ac410a412a13c8a46335aceb2faa8aead50555f78f31279c66bab2fca2fb1e69,684,203,MRNA,2026-04-17T23:56:40.916,2026-04-17
code/data/ladder/options-04-17-2026/MSFT_dte_ladder_20260417_235645.csv,61ec61a1ed1e4bdaa5b4821e3b3b99213e5b42054cf71f07a68039ab25e213b0,1616,732,MSFT,2026-04-17T23:56:45.455,2026-04-17
code/data/ladder/options-04-17-2026/MU_dte_ladder_20260417_235656.csv,1a4806deee0a495ba8ce13aa78d4f4c30aea1d80cc6a43c5590d2de74ef012a9,2058,458,MU,2026-04-17T23:56:56.486,2026-04-17
code/data/ladder/options-04-17-2026/NVDA_dte_ladder_20260417_235707.csv,88c98f3adf8eb0b28302be2f79b02a4cfe2dc5624209d3830225b1078706c8e1,1662,432,NVDA,2026-04-17T23:57:07.953,2026-04-17
code/data/ladder/options-04-17-2026/OXY_dte_ladder_20260417_235719.csv,939df00076c3783d7fb83de56b7117031c52b03e8bd9d2ca7de177cf24483cb5,460,161,OXY,2026-04-17T23:57:19.179,2026-04-17
code/data/ladder/options-04-17-2026/PFE_dte_ladder_20260417_235723.csv,d67467d8e6e7f97ed348ee0e538fff49999dc50b278d6c8c52cd6c4a185714cf,378,111,PFE,2026-04-17T23:57:23.522,2026-04-17
code/data/ladder/options-04-17-2026/QCOM_dte_ladder_20260417_235727.csv,280f51abe95a683ca4b04378ab5c823d1ba2400235f5a24f7a6c070834923920,698,273,QCOM,2026-04-17T23:57:27.725,2026-04-17
code/data/ladder/options-04-17-2026/QQQ_dte_ladder_20260417_235732.csv,f71eaf2dbf49e59e8a74d604012f0e4d92f5d53f0c78fd1139460e04e82019c0,4858,2924,QQQ,2026-04-17T23:57:32.423,2026-04-17
code/data/ladder/options-04-17-2026/SPY_dte_ladder_20260417_235801.csv,0431befbe1b84a86d1b2d3fa2d41aeea81551e02d7527d738cc00f1c83e61920,5816,3002,SPY,2026-04-17T23:58:01.546,2026-04-17
code/data/ladder/options-04-17-2026/TGT_dte_ladder_20260417_235836.csv,b15debfbd03d7ca235b3de0c4eeb2e9e897b4a0da41201a5236d4c8180e43daa,586,225,TGT,2026-04-17T23:58:36.809,2026-04-17
code/data/ladder/options-04-17-2026/UNH_dte_ladder_20260417_235841.csv,253ca43c594e146c65d0bbdfa1b78325d68441d07f8ffc884ff89c86cc607f6c,966,317,UNH,2026-04-17T23:58:41.179,2026-04-17
code/data/ladder/options-04-17-2026/UPS_dte_ladder_20260417_235847.csv,2bcf89454d397b5f5872fa4363165dd659010e2b567849943c09bcc95d187a8d,550,233,UPS,2026-04-17T23:58:47.630,2026-04-17
code/data/ladder/options-04-17-2026/WFC_dte_ladder_20260417_235852.csv,354c64a5cd6b77ffbf62c98567a661c90fdee0eca60d6c62fece64d314979161,562,227,WFC,2026-04-17T23:58:52.060,2026-04-17
code/data/ladder/options-04-17-2026/WMT_dte_ladder_20260417_235856.csv,3c07447a8bf1f226b6d08c4289be93b46568bc4289b4692f298d34fb946972d7,574,245,WMT,2026-04-17T23:58:56.568,2026-04-17
code/data/ladder/options-04-17-2026/XOM_dte_ladder_20260417_235900.csv,3d033f57d7ec987038b9b21f1e1bf1ff79639f4bc8c4637a5803b44a4395c350,646,203,XOM,2026-04-17T23:59:00.819,2026-04-17
code/data/ladder/options-04-21-2026/AAPL_dte_ladder_20260421_203756.csv,957e46b877b380d8e12c1bc94b6ded1c3a63981daf9202687f3c7846f118fc22,1184,481,AAPL,2026-04-21T20:37:56.570,2026-04-21
code/data/ladder/options-04-21-2026/ABBV_dte_ladder_20260421_203840.csv,46917b5d59481b4447d77d7283bc6cd913affd4068913bcfd8d5435e402cf5df,518,210,ABBV,2026-04-21T20:38:40.161,2026-04-21
code/data/ladder/options-04-21-2026/AMD_dte_ladder_20260421_203800.csv,0ccff2435f1f269b5aff4556b24c5cb16c706c7a1b68730b793b279be8519771,1070,303,AMD,2026-04-21T20:38:00.745,2026-04-21
code/data/ladder/options-04-21-2026/AMGN_dte_ladder_20260421_203844.csv,344972ddb55895ef8a88e5433ed949759f4393e68c4d63aefd97e9e22ed72833,774,283,AMGN,2026-04-21T20:38:44.103,2026-04-21
code/data/ladder/options-04-21-2026/AVGO_dte_ladder_20260421_203805.csv,19b475f10ca74a514ef5cfcab5c6f2b75d059e1a82d6a2cd8d5d695e4ecbf486,1470,662,AVGO,2026-04-21T20:38:05.298,2026-04-21
code/data/ladder/options-04-21-2026/BAC_dte_ladder_20260421_203913.csv,bafb48e6ffb5a8a4f0cf14cdb96c3e4fb917f8af182981303259286107a713fe,368,191,BAC,2026-04-21T20:39:13.934,2026-04-21
code/data/ladder/options-04-21-2026/BMY_dte_ladder_20260421_203848.csv,cf8d2af837e9a6f29ce5960889f1de77570bc79dd0c823f94a02664a9f21efa5,350,156,BMY,2026-04-21T20:38:48.639,2026-04-21
code/data/ladder/options-04-21-2026/CVX_dte_ladder_20260421_203929.csv,cf27415803c79e070538abdb055c2966ab6ef4f6bb686fd5bdbf63c8eea7575f,484,211,CVX,2026-04-21T20:39:29.655,2026-04-21
code/data/ladder/options-04-21-2026/GOOG_dte_ladder_20260421_203809.csv,ebdbbb79f746eaa07544db72e4060a9b0b7c2f00d36496736e559de44d1ffa58,842,377,GOOG,2026-04-21T20:38:09.712,2026-04-21
code/data/ladder/options-04-21-2026/GS_dte_ladder_20260421_203917.csv,64dedcd96afa47ce9f415318244e2f3a5c02e279fa39bad79395dee3d6cf5897,1460,643,GS,2026-04-21T20:39:17.750,2026-04-21
code/data/ladder/options-04-21-2026/INTC_dte_ladder_20260421_203813.csv,496d320112de4a02eeeeda1365a603cf64b6eae8ec74737addc643b89429c444,690,229,INTC,2026-04-21T20:38:13.667,2026-04-21
code/data/ladder/options-04-21-2026/IWM_dte_ladder_20260421_203952.csv,01c66dc23b3dcdb732a531424f123b021681797634538e3597c52e57d10dbfb7,2626,1490,IWM,2026-04-21T20:39:52.601,2026-04-21
code/data/ladder/options-04-21-2026/JNJ_dte_ladder_20260421_203852.csv,20d5acab7d89e054ee864ff00aa8df7fa501b8714d318c72533966d8721d366e,540,176,JNJ,2026-04-21T20:38:52.535,2026-04-21
code/data/ladder/options-04-21-2026/JPM_dte_ladder_20260421_203921.csv,5c3ac57c538c425379a8f281b6ee50cb72fea18532e76f61c36256c245fd12f8,718,300,JPM,2026-04-21T20:39:21.933,2026-04-21
code/data/ladder/options-04-21-2026/LLY_dte_ladder_20260421_203856.csv,020b6a5deb88693e8bd56161bf2ab587a0f7ca8770220d456b9719b9e81dbd5f,1336,657,LLY,2026-04-21T20:38:56.504,2026-04-21
code/data/ladder/options-04-21-2026/META_dte_ladder_20260421_203817.csv,fb585422879b4e972cc0759c4aea3b28ef01958c1aee7015b1efda0db459a037,2688,1037,META,2026-04-21T20:38:17.694,2026-04-21
code/data/ladder/options-04-21-2026/MRNA_dte_ladder_20260421_203901.csv,7f4b9adc8effd127ed780bba9e16946d50004b590fe3392c9e6d9c3f42aa795f,544,211,MRNA,2026-04-21T20:39:01.681,2026-04-21
code/data/ladder/options-04-21-2026/MSFT_dte_ladder_20260421_203822.csv,51b1a17dd400212573976fcfdc1f5784dd4100cf89dc50c18179fdfe74805f8e,1350,703,MSFT,2026-04-21T20:38:22.691,2026-04-21
code/data/ladder/options-04-21-2026/MU_dte_ladder_20260421_203827.csv,9e48d5a065d3cdc9197c12af259a83822e38da78fe4abfc52ee3bc489c6b3054,1742,472,MU,2026-04-21T20:38:27.384,2026-04-21
code/data/ladder/options-04-21-2026/NVDA_dte_ladder_20260421_203832.csv,056586b28b4e19e0de35e2a003c32e1b44739fa1f583cca34fcc5bf4b8f92783,1574,513,NVDA,2026-04-21T20:38:32.055,2026-04-21
code/data/ladder/options-04-21-2026/OXY_dte_ladder_20260421_203933.csv,ac33d62fc73b5d7c93184d525aef5f8488c11dbf4b454c34de836e0a9f7f0571,414,189,OXY,2026-04-21T20:39:33.513,2026-04-21
code/data/ladder/options-04-21-2026/PFE_dte_ladder_20260421_203906.csv,5fe139f952a74b820f396d790ae6f51efc1e2f3ca44687d80c52a5f1e59cb415,314,114,PFE,2026-04-21T20:39:06.032,2026-04-21
code/data/ladder/options-04-21-2026/QCOM_dte_ladder_20260421_203836.csv,220b526d655f7720f3f492b4897553ee992625d98b128c5334f8c3c443692e73,620,343,QCOM,2026-04-21T20:38:36.440,2026-04-21
code/data/ladder/options-04-21-2026/QQQ_dte_ladder_20260421_204004.csv,01a79c25b9146c05de614a96770ddc0005d780e8c75112b2542f09dc65379ad6,4674,2537,QQQ,2026-04-21T20:40:04.507,2026-04-21
code/data/ladder/options-04-21-2026/SPY_dte_ladder_20260421_204033.csv,de415be565ad81629e352b7ede2fe3ea57ea35380cf3ba080a347301317170f1,5306,2701,SPY,2026-04-21T20:40:33.653,2026-04-21
code/data/ladder/options-04-21-2026/TGT_dte_ladder_20260421_203941.csv,5c9939d6def50b9c3ded5445d0474b63e87d06f9b806dbdeae19d0079fc58922,538,243,TGT,2026-04-21T20:39:41.006,2026-04-21
code/data/ladder/options-04-21-2026/UNH_dte_ladder_20260421_203910.csv,8acdc5af28a10935de88db01e9524087f249a1a69b7f3028b8ffd8a64a0ee4d0,840,320,UNH,2026-04-21T20:39:10.080,2026-04-21
code/data/ladder/options-04-21-2026/UPS_dte_ladder_20260421_203944.csv,b5a7b556c5e714196de16f64f5166bd8220e3370cff37f1550a268d255e11cda,504,259,UPS,2026-04-21T20:39:44.716,2026-04-21
code/data/ladder/options-04-21-2026/WFC_dte_ladder_20260421_203925.csv,fe15830eb6a059f86d6699bce0a0ec37d243f38394be013db36774dafadbbcc9,460,234,WFC,2026-04-21T20:39:25.940,2026-04-21
code/data/ladder/options-04-21-2026/WMT_dte_ladder_20260421_203948.csv,3af16f931afb3bfdfe9573f3edc998910bd9e8c4a5fe623eed34b7c5dbb918f0,496,266,WMT,2026-04-21T20:39:48.515,2026-04-21
code/data/ladder/options-04-21-2026/XOM_dte_ladder_20260421_203937.csv,13bbd034079d88cbfa178cf292c5dc3c123dee092cc0a894c8c0c3a71e59c4a6,580,249,XOM,2026-04-21T20:39:37.256,2026-04-21
code/data/ladder/options-04-22-2026/AAPL_dte_ladder_20260422_234208.csv,3b90a5ac447eea3e6267249078078b7b95e548bba168dc6e99afb691bd6657bb,1078,442,AAPL,2026-04-22T23:42:08.381,2026-04-22
code/data/ladder/options-04-22-2026/ABBV_dte_ladder_20260422_234250.csv,ea0ae8b69f3efa5d1aa5dfc069c4962963acc3c2a675430e31afd580bcacf40d,456,181,ABBV,2026-04-22T23:42:50.077,2026-04-22
code/data/ladder/options-04-22-2026/AMD_dte_ladder_20260422_234212.csv,fbd536f9e618820527a3be91a94128bcb293581cf2f886e7c4445ab20255b8dc,966,271,AMD,2026-04-22T23:42:12.460,2026-04-22
code/data/ladder/options-04-22-2026/AMGN_dte_ladder_20260422_234253.csv,bebc7161f39efa375f186af067cf671b1f3d1df885d4495e701f98fd84368169,670,261,AMGN,2026-04-22T23:42:53.917,2026-04-22
code/data/ladder/options-04-22-2026/AVGO_dte_ladder_20260422_234216.csv,08cde74a78a0c2469acc1ef7b736537d9f90ea3e9744e4375ec5b878f96d6087,1370,601,AVGO,2026-04-22T23:42:16.520,2026-04-22
code/data/ladder/options-04-22-2026/BAC_dte_ladder_20260422_234321.csv,cf7bb35287b89bb588ac382a257abd5d9dd0f13717ae6dddf27426225a67c7f5,340,153,BAC,2026-04-22T23:43:21.015,2026-04-22
code/data/ladder/options-04-22-2026/BMY_dte_ladder_20260422_234257.csv,650a77d7f4a9a370fbd95d488ca93143ab93a04d9e3193ac48b235d0efb05da5,318,137,BMY,2026-04-22T23:42:57.788,2026-04-22
code/data/ladder/options-04-22-2026/CVX_dte_ladder_20260422_234336.csv,ccbf3d9bc8b7e5e1b87c52e289d2358badc3bd700314b0ea4f45c9fbda4d0c45,424,167,CVX,2026-04-22T23:43:36.516,2026-04-22
code/data/ladder/options-04-22-2026/GOOG_dte_ladder_20260422_234220.csv,6e9f08a6eb857c6d902497002b2ba2965c48b152c52e8b8182769e4956ff38c9,722,333,GOOG,2026-04-22T23:42:20.759,2026-04-22
code/data/ladder/options-04-22-2026/GS_dte_ladder_20260422_234324.csv,bf00169bff78f751e90dad0f15579a8a6fc58edf247032b3242cb824a5d97c8b,1272,583,GS,2026-04-22T23:43:24.839,2026-04-22
code/data/ladder/options-04-22-2026/INTC_dte_ladder_20260422_234224.csv,f5c9b91aec98dfc19eb682076a492a58e81445e7deb4b21f20f2d758e0d14573,606,167,INTC,2026-04-22T23:42:24.765,2026-04-22
code/data/ladder/options-04-22-2026/IWM_dte_ladder_20260422_234359.csv,cec66955879cc5d0eb61e00f6a51cd02cfbf0da87c59e1ec5c55448e69489516,2304,1438,IWM,2026-04-22T23:43:59.230,2026-04-22
code/data/ladder/options-04-22-2026/JNJ_dte_ladder_20260422_234301.csv,ec154fd468aab07c231e3936a2d7ba76faa233adcdc4ac726118c948562201f7,464,146,JNJ,2026-04-22T23:43:01.582,2026-04-22
code/data/ladder/options-04-22-2026/JPM_dte_ladder_20260422_234328.csv,a6a38980a3147dd9965aef9bab873427788699b61a396d6bbe0f1d7e01294a14,598,260,JPM,2026-04-22T23:43:28.970,2026-04-22
code/data/ladder/options-04-22-2026/LLY_dte_ladder_20260422_234305.csv,143fdb949014931f9d8b578c9c47d49b5fc0b36fc296ef7840ac369f6c3d8600,1180,598,LLY,2026-04-22T23:43:05.458,2026-04-22
code/data/ladder/options-04-22-2026/META_dte_ladder_20260422_234228.csv,e5543c91c1f3e0b8c36eaa63cd26566a4a2fd07d80710e89909904b89302f347,2450,899,META,2026-04-22T23:42:28.750,2026-04-22
code/data/ladder/options-04-22-2026/MRNA_dte_ladder_20260422_234309.csv,d196a37e5eb089f7ad2d06d37b2a60c670644239f46af661be54a06362122be8,458,186,MRNA,2026-04-22T23:43:09.577,2026-04-22
code/data/ladder/options-04-22-2026/MSFT_dte_ladder_20260422_234233.csv,ebae4143aa6f3f4dca64d344b573cd1d8e910dfe1cbc857a7f789c0cab2d357a,1200,555,MSFT,2026-04-22T23:42:33.434,2026-04-22
code/data/ladder/options-04-22-2026/MU_dte_ladder_20260422_234237.csv,f2fd2a1c4287ce036eb1803a1c922df4f495c6525fb07080d99b289c28b0ba65,1538,438,MU,2026-04-22T23:42:37.583,2026-04-22
code/data/ladder/options-04-22-2026/NVDA_dte_ladder_20260422_234241.csv,81e840ac69ce42c1530f6cc02ce2d507857221848602f3c8432c2c317b7dbd64,1460,486,NVDA,2026-04-22T23:42:41.955,2026-04-22
code/data/ladder/options-04-22-2026/OXY_dte_ladder_20260422_234340.csv,0aa9b39e39d39f200f6ce47527124d62855862feb9c6008e7bf450e913f16d99,374,168,OXY,2026-04-22T23:43:40.271,2026-04-22
code/data/ladder/options-04-22-2026/PFE_dte_ladder_20260422_234313.csv,6b72a2cd3a7d9d2ca11331d8073c6a677b33bb6c0dbb41652b29c11159973cf3,314,119,PFE,2026-04-22T23:43:13.377,2026-04-22
code/data/ladder/options-04-22-2026/QCOM_dte_ladder_20260422_234246.csv,2f164579ea0e219fe883de98dfd77d058db7a84295a5e7469491ef58a9650fc3,556,313,QCOM,2026-04-22T23:42:46.242,2026-04-22
code/data/ladder/options-04-22-2026/QQQ_dte_ladder_20260422_234404.csv,98ffcb5b6b437b7a3d11a32337a788641ff93927f1ba0bfb74d840239ad15115,4078,2457,QQQ,2026-04-22T23:44:04.489,2026-04-22
code/data/ladder/options-04-22-2026/SPY_dte_ladder_20260422_234424.csv,553ab8063ab95dd7d00223e207035a4a45c3651ff09cfa1406708fe5d9b51d85,4702,2731,SPY,2026-04-22T23:44:24.652,2026-04-22
code/data/ladder/options-04-22-2026/TGT_dte_ladder_20260422_234347.csv,1425f03c5c04489268889e795cbecd9090423388792948321d671f9747286a0b,484,265,TGT,2026-04-22T23:43:47.761,2026-04-22
code/data/ladder/options-04-22-2026/UNH_dte_ladder_20260422_234317.csv,cb0376fd5520ba257fe00400ba202e6ddba4f0bab5a503d0594ec0ed5f78b2b3,694,281,UNH,2026-04-22T23:43:17.104,2026-04-22
code/data/ladder/options-04-22-2026/UPS_dte_ladder_20260422_234351.csv,353afe8f642b0669c723106a698b0186290aba95fd0d00d0ef9747393e294a53,456,254,UPS,2026-04-22T23:43:51.537,2026-04-22
code/data/ladder/options-04-22-2026/WFC_dte_ladder_20260422_234332.csv,b05362e835a11f8436657febb9afbdd21045fdce65f7fba59434015a6213ee5c,400,199,WFC,2026-04-22T23:43:32.800,2026-04-22
code/data/ladder/options-04-22-2026/WMT_dte_ladder_20260422_234355.csv,dd21c58caad53b4ce26e467ef50c148011e1c43a3334ace34be80732eacc1aee,446,264,WMT,2026-04-22T23:43:55.283,2026-04-22
code/data/ladder/options-04-22-2026/XOM_dte_ladder_20260422_234343.csv,aed8d620f5f9f87d22b8338a5ac2ca4a60c78e82b62a51a3caf06f834cad0c89,514,198,XOM,2026-04-22T23:43:43.971,2026-04-22
code/data/ladder/options-04-23-2026/AAPL_dte_ladder_20260424_132101.csv,8fa4def4374fcae0b5f32f861c68e60b68bb913e2604ae5d451f4adc7883a471,882,356,AAPL,2026-04-24T13:21:01.595,2026-04-23
code/data/ladder/options-04-23-2026/ABBV_dte_ladder_20260424_132145.csv,6d687ed57d155dfa2f8f4392bd165ac1592d9287d36c049e7209d218dbe7a358,440,135,ABBV,2026-04-24T13:21:45.322,2026-04-23
code/data/ladder/options-04-23-2026/AMD_dte_ladder_20260424_132106.csv,991fe91424c056f887d0106a2c909a867551b4edaf8633abfac50214e3505116,970,163,AMD,2026-04-24T13:21:06.057,2026-04-23
code/data/ladder/options-04-23-2026/AMGN_dte_ladder_20260424_132149.csv,bbf57fbb92288aa056d4c0732cb48889791297e7f59d0a923df4e69d96d29fa2,590,200,AMGN,2026-04-24T13:21:49.092,2026-04-23
code/data/ladder/options-04-23-2026/AVGO_dte_ladder_20260424_132110.csv,1e9cf4e05fe0d00bd76bf4845f210ede5dc3a85195575f6f9af28eaf06c401ca,1196,496,AVGO,2026-04-24T13:21:10.577,2026-04-23
code/data/ladder/options-04-23-2026/BAC_dte_ladder_20260424_132216.csv,47856064773e260708bc74508ef812c63d45ca263f3b23d71e9bfc61a554e463,348,144,BAC,2026-04-24T13:22:16.634,2026-04-23
code/data/ladder/options-04-23-2026/BMY_dte_ladder_20260424_132152.csv,c0d9085c16b4d3abf3377713fdca7ae6f824cab85cfa4ec2dcb015b9255abcac,306,126,BMY,2026-04-24T13:21:52.856,2026-04-23
code/data/ladder/options-04-23-2026/CVX_dte_ladder_20260424_132232.csv,f0aa43a145f4878b886af74eb41b6cf02761185bbd188627a6af3b92eb14b572,414,126,CVX,2026-04-24T13:22:32.498,2026-04-23
code/data/ladder/options-04-23-2026/GOOG_dte_ladder_20260424_132114.csv,0f1db3b2c3b675b8bf20e717fdb18ac5e97f1d2afe18c400780e855a4cfaad2d,618,262,GOOG,2026-04-24T13:21:14.808,2026-04-23
code/data/ladder/options-04-23-2026/GS_dte_ladder_20260424_132220.csv,427a0ffa1d25fb338afb9ef31af28f176f27fa45aaf96a22cb707fded3a2ad8b,1032,447,GS,2026-04-24T13:22:20.478,2026-04-23
code/data/ladder/options-04-23-2026/INTC_dte_ladder_20260424_132118.csv,fb5e6adb0cf71c916f0f07132b3e76bb2bb541cded72958fc49c1710ace2c150,546,50,INTC,2026-04-24T13:21:18.662,2026-04-23
code/data/ladder/options-04-23-2026/IWM_dte_ladder_20260424_132256.csv,7d9e52a6e9533b4edfbd499f2ea47c57e728e6e2f02d8ccdbd61054c4befee60,1818,1084,IWM,2026-04-24T13:22:56.209,2026-04-23
code/data/ladder/options-04-23-2026/JNJ_dte_ladder_20260424_132156.csv,0051a7df259985ca507b5d6a7a81721aac3b39b3c060b12644a26b50875827a0,438,110,JNJ,2026-04-24T13:21:56.656,2026-04-23
code/data/ladder/options-04-23-2026/JPM_dte_ladder_20260424_132224.csv,b13c97aba7245deeae59385e0f5c916fa714ec114debd4077bcde8ef852434db,512,183,JPM,2026-04-24T13:22:24.639,2026-04-23
code/data/ladder/options-04-23-2026/LLY_dte_ladder_20260424_132200.csv,dc8d1c4f2e2863159514a6ea196316bed2587103d7b43f447e3e51afecf13154,1058,421,LLY,2026-04-24T13:22:00.669,2026-04-23
code/data/ladder/options-04-23-2026/META_dte_ladder_20260424_132122.csv,3969f71bb7aa87f41a5e807116242072d77606fc03da68c94088238388637538,1856,699,META,2026-04-24T13:21:22.938,2026-04-23
code/data/ladder/options-04-23-2026/MRNA_dte_ladder_20260424_132205.csv,095f8b2ec94cacce099b0f91ad0da56ca7dbff7560792787af9b521d607ca485,382,179,MRNA,2026-04-24T13:22:05.153,2026-04-23
code/data/ladder/options-04-23-2026/MSFT_dte_ladder_20260424_132127.csv,598d6ddbed207cba8dd86051de470eca271a099f78fa9d7a46e76133621abd61,924,481,MSFT,2026-04-24T13:21:27.862,2026-04-23
code/data/ladder/options-04-23-2026/MU_dte_ladder_20260424_132132.csv,f355edf04996ea264c0b910aaa9c1296a1faf67efd853c93bb10e9d82263bfc1,1570,335,MU,2026-04-24T13:21:32.575,2026-04-23
code/data/ladder/options-04-23-2026/NVDA_dte_ladder_20260424_132137.csv,7ed603468ff43fb361d58fcb7dc3815cfec2980dbd462f78811c609255b17337,964,322,NVDA,2026-04-24T13:21:37.695,2026-04-23
code/data/ladder/options-04-23-2026/OXY_dte_ladder_20260424_132236.csv,1472a7c902c6f96efda8f5f1593aac4402cb5101ea896ff9095a8392a1277d39,372,158,OXY,2026-04-24T13:22:36.393,2026-04-23
code/data/ladder/options-04-23-2026/PFE_dte_ladder_20260424_132209.csv,84a0895c6efb7643935061b65195f74a214b41466d7dc30e3a0aa200131eafd9,298,70,PFE,2026-04-24T13:22:09.038,2026-04-23
code/data/ladder/options-04-23-2026/QCOM_dte_ladder_20260424_132141.csv,6ee96435ed87d9069f18b1d5cb14f9d1a2d73ffe3fab62a92dc8402ab11b4898,538,162,QCOM,2026-04-24T13:21:41.620,2026-04-23
code/data/ladder/options-04-23-2026/QQQ_dte_ladder_20260424_132301.csv,8b7f3a4b91c53c5ce676d80ec9bb9b2ff972169802a110fead22a9e49bcdfbff,3288,1549,QQQ,2026-04-24T13:23:01.576,2026-04-23
code/data/ladder/options-04-23-2026/SPY_dte_ladder_20260424_132315.csv,2c43a303ee54a5c35e55b5acd07eccfb1c84190e83d295298481c6c996aefceb,3776,1881,SPY,2026-04-24T13:23:15.272,2026-04-23
code/data/ladder/options-04-23-2026/TGT_dte_ladder_20260424_132244.csv,0d1ffeddfc09e4fe034013f9a1dcede02c54fe299de55d7cec42883a7b113260,506,271,TGT,2026-04-24T13:22:44.473,2026-04-23
code/data/ladder/options-04-23-2026/UNH_dte_ladder_20260424_132212.csv,832d6ab079a3050f33baf2332472a4cc700cee293f4af613c2773989c88979e1,628,238,UNH,2026-04-24T13:22:12.763,2026-04-23
code/data/ladder/options-04-23-2026/UPS_dte_ladder_20260424_132248.csv,b969a1ea77a8f1dea5e84ab43eec8c0c81311e14c872f4b90231b2b65ac4a8f2,450,253,UPS,2026-04-24T13:22:48.557,2026-04-23
code/data/ladder/options-04-23-2026/WFC_dte_ladder_20260424_132228.csv,1fbda3514aec8e32295a14b33c256d376250bc5c59dc7dfc076df6f952692e9f,374,180,WFC,2026-04-24T13:22:28.651,2026-04-23
code/data/ladder/options-04-23-2026/WMT_dte_ladder_20260424_132252.csv,bfa1015f59f443e1dde4c421c28f3e39576170a23d1ddec217a10065e5120447,456,245,WMT,2026-04-24T13:22:52.308,2026-04-23
code/data/ladder/options-04-23-2026/XOM_dte_ladder_20260424_132240.csv,40a7d31abbac6fc91bd45b40ad477548e6aa2dbbefeff18a96d4ad531361fbc4,502,156,XOM,2026-04-24T13:22:40.470,2026-04-23
code/data/ladder/options-04-24-2026/AAPL_dte_ladder_20260424_203241.csv,03b713e4b25a6f550ffc7057f78c96094e7772a4f4e451c36601cf4b4d31b156,1020,464,AAPL,2026-04-24T20:32:41.322,2026-04-24
code/data/ladder/options-04-24-2026/ABBV_dte_ladder_20260424_203323.csv,4cd55113c775738fda7ab7ad268dc1a64f997b43661666058956d22b1edcfa35,466,160,ABBV,2026-04-24T20:33:23.189,2026-04-24
code/data/ladder/options-04-24-2026/AMD_dte_ladder_20260424_203245.csv,c0926624704060870d0ca58f7aabf13e445f3e11f9e76d87ebabd693b8fc53a4,1118,284,AMD,2026-04-24T20:32:45.487,2026-04-24
code/data/ladder/options-04-24-2026/AMGN_dte_ladder_20260424_203326.csv,c5ebe22bdb806fe8f787282bcf3a8c502c12e4faacba9448a257dbb0ee362be6,668,240,AMGN,2026-04-24T20:33:26.997,2026-04-24
code/data/ladder/options-04-24-2026/AVGO_dte_ladder_20260424_203249.csv,d563904f9e1eded0d42369afa4896d34924c9d58beb970d3b5f2bcc4127b6767,1478,742,AVGO,2026-04-24T20:32:49.723,2026-04-24
code/data/ladder/options-04-24-2026/BAC_dte_ladder_20260424_203354.csv,11ce357411a117cd0d501dbaf9560c5af862c18040f372c03aecf3ce62e6d783,356,149,BAC,2026-04-24T20:33:54.205,2026-04-24
code/data/ladder/options-04-24-2026/BMY_dte_ladder_20260424_203330.csv,58033daa9fcdd0e492bc5db535f20747e3b5133ec38c98b9e4435c8f3041d6f3,314,144,BMY,2026-04-24T20:33:30.848,2026-04-24
code/data/ladder/options-04-24-2026/CVX_dte_ladder_20260424_203409.csv,1ec168305e400d2455f55e1e29b7532d6f87161b5da2f5ae948f4538601ba0f1,430,133,CVX,2026-04-24T20:34:09.831,2026-04-24
code/data/ladder/options-04-24-2026/GOOG_dte_ladder_20260424_203253.csv,77a82ae6cd121f7be4a01732843a9456e74a2fcae0a9b47165d5905fab746eb6,692,322,GOOG,2026-04-24T20:32:53.950,2026-04-24
code/data/ladder/options-04-24-2026/GS_dte_ladder_20260424_203358.csv,28dac5606642277af7d4097b08328241e679047970ac066fbcdf97ca1bc2f600,1206,517,GS,2026-04-24T20:33:58.033,2026-04-24
code/data/ladder/options-04-24-2026/INTC_dte_ladder_20260424_203257.csv,c13aaa4f94373edfed76ba6249075b1c7216c7be24d54713ed91472d749588bb,604,204,INTC,2026-04-24T20:32:57.898,2026-04-24
code/data/ladder/options-04-24-2026/IWM_dte_ladder_20260424_203432.csv,03109225ebd05faa4e9a56393dd15c436cdcd80919e35e9dfbb94e239ac5adb1,1996,1313,IWM,2026-04-24T20:34:32.284,2026-04-24
code/data/ladder/options-04-24-2026/JNJ_dte_ladder_20260424_203334.csv,42810523284fcd5e861d8d11b71e0a2c442b874696e35e2ac194be6876478c05,464,127,JNJ,2026-04-24T20:33:34.554,2026-04-24
code/data/ladder/options-04-24-2026/JPM_dte_ladder_20260424_203402.csv,0690ff12c15e6c46445fba14440af348f2f9ffb6faa47df75c41e86ded8b9124,558,204,JPM,2026-04-24T20:34:02.244,2026-04-24
code/data/ladder/options-04-24-2026/LLY_dte_ladder_20260424_203338.csv,5aeb12f74309a6b9f49860d8d8206c5bab476d309ee51d11ebcdc4c005ffa1a1,1248,567,LLY,2026-04-24T20:33:38.512,2026-04-24
code/data/ladder/options-04-24-2026/META_dte_ladder_20260424_203301.csv,72dc838a84b073424d40052c99c26356b8533441cc3c00660323bd1e96411206,2542,1103,META,2026-04-24T20:33:01.892,2026-04-24
code/data/ladder/options-04-24-2026/MRNA_dte_ladder_20260424_203342.csv,ac9bcc77fa75dd086093eb4e02cb191d809a4d36d5f64b9bf7dae20627def514,438,187,MRNA,2026-04-24T20:33:42.745,2026-04-24
code/data/ladder/options-04-24-2026/MSFT_dte_ladder_20260424_203306.csv,b38df275b2a3de3f326b7f390fdbc3201f2606cb941e071cae607db08d734bb3,1166,732,MSFT,2026-04-24T20:33:06.571,2026-04-24
code/data/ladder/options-04-24-2026/MU_dte_ladder_20260424_203310.csv,9fb72c83fa42e9f2512fb9362e7c647f94940c67a8de64c74428d0aa63eda38e,1930,461,MU,2026-04-24T20:33:10.811,2026-04-24
code/data/ladder/options-04-24-2026/NVDA_dte_ladder_20260424_203315.csv,fb88bbb2d925071ab98d66f4a335f7e8e201789f14b1a657a1ec9abba25dcf66,1028,362,NVDA,2026-04-24T20:33:15.349,2026-04-24
code/data/ladder/options-04-24-2026/OXY_dte_ladder_20260424_203413.csv,8765c073f52b774c36abf2043a643790e2b8ec0763824c876348146164599bfb,402,168,OXY,2026-04-24T20:34:13.554,2026-04-24
code/data/ladder/options-04-24-2026/PFE_dte_ladder_20260424_203346.csv,0e5366f9c1eb2a8858e48b9968b5963f1af189fd37df58183582f9ad24be1c39,302,88,PFE,2026-04-24T20:33:46.551,2026-04-24
code/data/ladder/options-04-24-2026/QCOM_dte_ladder_20260424_203319.csv,de26f03ed28e908a0acf3f0e040d03f4709f0dd971a504e9b4bd3699cc68b57e,596,295,QCOM,2026-04-24T20:33:19.359,2026-04-24
code/data/ladder/options-04-24-2026/QQQ_dte_ladder_20260424_203437.csv,b6cc22b280b0ac06c6551b5a564d1f1844dc276ceee870c535b80803ad21d44a,3658,2332,QQQ,2026-04-24T20:34:37.066,2026-04-24
code/data/ladder/options-04-24-2026/SPY_dte_ladder_20260424_203454.csv,961933ac7a9b62e3f719c7cb2cdf57ec190dbc4358d97e93fa331a825f252f42,4196,2596,SPY,2026-04-24T20:34:54.969,2026-04-24
code/data/ladder/options-04-24-2026/TGT_dte_ladder_20260424_203420.csv,f93d46d1a9d57affadcb93e2fa15163e29f756351300397e608fcfbb77423e83,556,282,TGT,2026-04-24T20:34:20.983,2026-04-24
code/data/ladder/options-04-24-2026/UNH_dte_ladder_20260424_203350.csv,d8633ea8d3d9cd9779ad08d251d991f2ea0e76f9a28b238f0f30becaf22bf679,702,275,UNH,2026-04-24T20:33:50.333,2026-04-24
code/data/ladder/options-04-24-2026/UPS_dte_ladder_20260424_203424.csv,a35fc95fe82839e3081d3974f8a27f334b72f16da07ef2c80f008198f91d770b,500,297,UPS,2026-04-24T20:34:24.717,2026-04-24
code/data/ladder/options-04-24-2026/WFC_dte_ladder_20260424_203406.csv,2dcff7e41f18703d4905ccb84a89a217514211ecb86382a09d9d3f627e93ca4f,398,185,WFC,2026-04-24T20:34:06.078,2026-04-24
code/data/ladder/options-04-24-2026/WMT_dte_ladder_20260424_203428.csv,cb1c70dd2025b0f335d2127a55f0d9225bb85925f7dc8f931377a493227e4088,494,251,WMT,2026-04-24T20:34:28.473,2026-04-24
code/data/ladder/options-04-24-2026/XOM_dte_ladder_20260424_203417.csv,952f68581fd8f9ef862ba954129f27928a467d14109a6b23e2a1ff6f30d5c8ee,504,167,XOM,2026-04-24T20:34:17.244,2026-04-24
code/data/ladder/options-04-27-2026/AAPL_dte_ladder_20260427_232510.csv,478b1d31d46836faeadca7daf6a4a7e03d2d99efe3d662e1361b06f4c7e675e2,822,396,AAPL,2026-04-27T23:25:10.933,2026-04-27
code/data/ladder/options-04-27-2026/ABBV_dte_ladder_20260427_232551.csv,331738c8062489602c1bbbefbb0a8e19d14ed0f38887abdb5b9115f17137dc81,290,128,ABBV,2026-04-27T23:25:51.214,2026-04-27
code/data/ladder/options-04-27-2026/AMD_dte_ladder_20260427_232514.csv,e81e33d5ac5dfdd54485143619e6987080c2d8fb503da233910c549db420c6f7,846,243,AMD,2026-04-27T23:25:14.886,2026-04-27
code/data/ladder/options-04-27-2026/AMGN_dte_ladder_20260427_232554.csv,5222943e1d0816c3e00899d2733faeae2c3e02874cee1dbbd9efecf5c89116d8,418,181,AMGN,2026-04-27T23:25:54.896,2026-04-27
code/data/ladder/options-04-27-2026/AVGO_dte_ladder_20260427_232518.csv,8fbf1a62b9a3e2af87492222a4e5cb054f5d58dc295c3b721f5a6ca1c66653eb,1180,657,AVGO,2026-04-27T23:25:18.829,2026-04-27
code/data/ladder/options-04-27-2026/BAC_dte_ladder_20260427_232621.csv,4373df5ad6e44d966fd81a917e8a92d4b1655c3a80b8854ffc40c1f9d59a72e2,208,109,BAC,2026-04-27T23:26:21.005,2026-04-27
code/data/ladder/options-04-27-2026/BMY_dte_ladder_20260427_232558.csv,78c4bd041a3564d7f635f8bc0079de45d902e8e22c030b9b603b9eb6ef8d12f5,186,88,BMY,2026-04-27T23:25:58.613,2026-04-27
code/data/ladder/options-04-27-2026/CVX_dte_ladder_20260427_232635.csv,831b1d669da505f54e7e770f643d839c321b4921ccb76e8a191bd86ef27fbce3,258,117,CVX,2026-04-27T23:26:35.935,2026-04-27
code/data/ladder/options-04-27-2026/GOOG_dte_ladder_20260427_232523.csv,67ae298db93fb22e7372a7c8e7c1881c392d8d547752bf756c63b646691a5f67,434,232,GOOG,2026-04-27T23:25:23.002,2026-04-27
code/data/ladder/options-04-27-2026/GS_dte_ladder_20260427_232624.csv,93b9c932f11f8d8abd0e7d0871e8116abba8fd54438d6275e50d67ef7873f417,722,386,GS,2026-04-27T23:26:24.756,2026-04-27
code/data/ladder/options-04-27-2026/INTC_dte_ladder_20260427_232526.csv,f3603e0fafc3069ea993a639245f44277ce2076303f3335913529273b6224c7f,442,178,INTC,2026-04-27T23:25:26.848,2026-04-27
code/data/ladder/options-04-27-2026/IWM_dte_ladder_20260427_232658.csv,fe56a65a81e4911d971107f8e7160517a9503315d69673e0d85ea752b4bd87f8,1668,925,IWM,2026-04-27T23:26:58.279,2026-04-27
code/data/ladder/options-04-27-2026/JNJ_dte_ladder_20260427_232602.csv,5d96f4e165d26f7789a825a94ef617ca95e13a1ff47e44e1b415bd97762f6207,282,112,JNJ,2026-04-27T23:26:02.201,2026-04-27
code/data/ladder/options-04-27-2026/JPM_dte_ladder_20260427_232628.csv,a4cd06d1070943ae07ac532e7b55f39ae88a519d01039503cb7ec65aca902708,340,164,JPM,2026-04-27T23:26:28.640,2026-04-27
code/data/ladder/options-04-27-2026/LLY_dte_ladder_20260427_232605.csv,591dbedcb4316fa3d66ac2e15f398e4896e000ab696ecb774a9879387855bf48,772,431,LLY,2026-04-27T23:26:05.956,2026-04-27
code/data/ladder/options-04-27-2026/META_dte_ladder_20260427_232530.csv,91e47fb6773e6fcefed2273958e602de7a69d8373f6e95fed4f92a01d70e78d2,1852,898,META,2026-04-27T23:25:30.777,2026-04-27
code/data/ladder/options-04-27-2026/MRNA_dte_ladder_20260427_232609.csv,a1ff341529673980c624660edff363f5c7c951b12c803ccfb12e17f025493732,280,148,MRNA,2026-04-27T23:26:09.874,2026-04-27
code/data/ladder/options-04-27-2026/MSFT_dte_ladder_20260427_232535.csv,8b8c5272b187c161e85045a2758b151a2e22cd7b65214df98b82883b94fe2075,926,624,MSFT,2026-04-27T23:25:35.281,2026-04-27
code/data/ladder/options-04-27-2026/MU_dte_ladder_20260427_232539.csv,759ed0eaa757705352b3b24b8e203b89987e320c9a51ea7f6e4ff3a67c8f6ac8,1202,387,MU,2026-04-27T23:25:39.340,2026-04-27
code/data/ladder/options-04-27-2026/NVDA_dte_ladder_20260427_232543.csv,9b9d698966649a6fc361a267101f31306d9bb9f6d9174b63975e51e49b891e1d,812,255,NVDA,2026-04-27T23:25:43.587,2026-04-27
code/data/ladder/options-04-27-2026/OXY_dte_ladder_20260427_232639.csv,037f9fce42fb3d43daf0e98d7e63acd6b5fe8d6d9707a9d61326abe614a61700,242,124,OXY,2026-04-27T23:26:39.620,2026-04-27
code/data/ladder/options-04-27-2026/PFE_dte_ladder_20260427_232613.csv,ab5486a6bfcec8d0c6b6c52565345b1e515407880999b4f5aabed787b61e4950,186,74,PFE,2026-04-27T23:26:13.576,2026-04-27
code/data/ladder/options-04-27-2026/QCOM_dte_ladder_20260427_232547.csv,5ed9cac23264572d647818844ead434d22e5153b4e1a193d458b11aa0c446d34,402,198,QCOM,2026-04-27T23:25:47.505,2026-04-27
code/data/ladder/options-04-27-2026/QQQ_dte_ladder_20260427_232702.csv,9588194207cd13cea284b18a9b6e850bc5d58b4a5dd66548c6775e5842a085cd,2894,1513,QQQ,2026-04-27T23:27:02.847,2026-04-27
code/data/ladder/options-04-27-2026/SPY_dte_ladder_20260427_232708.csv,2d4559d7f7f21ed9b02a0431ca8847129edfd0069663991f3b33c558e0aab05d,3382,1712,SPY,2026-04-27T23:27:08.222,2026-04-27
code/data/ladder/options-04-27-2026/TGT_dte_ladder_20260427_232646.csv,6f33170a2530ea206df2adb23dff1621dfedd30704bd55af0e3c0d26c613b185,342,210,TGT,2026-04-27T23:26:46.911,2026-04-27
code/data/ladder/options-04-27-2026/UNH_dte_ladder_20260427_232617.csv,8c2164ce3fcc1344bfa634005842e2de34ed797a0c438b398bbd63a057995380,442,212,UNH,2026-04-27T23:26:17.242,2026-04-27
code/data/ladder/options-04-27-2026/UPS_dte_ladder_20260427_232650.csv,31ffa2d5c7ed8e85be38a8026bfa9d5c7970b2082c50e881a352589e617a21be,304,206,UPS,2026-04-27T23:26:50.775,2026-04-27
code/data/ladder/options-04-27-2026/WFC_dte_ladder_20260427_232632.csv,fae5a59083f20bffc6299ffae593ee607cc2c197f154d4a8c814048ef02e8e68,238,144,WFC,2026-04-27T23:26:32.311,2026-04-27
code/data/ladder/options-04-27-2026/WMT_dte_ladder_20260427_232654.csv,564a9266135c8626d85cf23297731a9b47b793cc0e82a73de12470a4146b5289,300,189,WMT,2026-04-27T23:26:54.500,2026-04-27
code/data/ladder/options-04-27-2026/XOM_dte_ladder_20260427_232643.csv,dd7ac13baab18fa98e43b0ddddcf1088a8c807d5cf2228fc5daf9220e2097f89,312,138,XOM,2026-04-27T23:26:43.256,2026-04-27
code/data/ladder/options-04-28-2026/AAPL_dte_ladder_20260428_212748.csv,98ad04666d4cc615d362f3ac9d0709474e23a7dc29b453e6c6cbefb34cdd82d1,972,433,AAPL,2026-04-28T21:27:48.643,2026-04-28
code/data/ladder/options-04-28-2026/ABBV_dte_ladder_20260428_212831.csv,f83fed2ed9a670b90f4d82dcc2eb09265fb3cc4e2cfd2f7486d4b1c9fd3d103e,386,174,ABBV,2026-04-28T21:28:31.193,2026-04-28
code/data/ladder/options-04-28-2026/AMD_dte_ladder_20260428_212752.csv,4de2b012271d7840c487c488286a155012ad879a68d0c2350129b5461cd9edf6,1158,333,AMD,2026-04-28T21:27:52.753,2026-04-28
code/data/ladder/options-04-28-2026/AMGN_dte_ladder_20260428_212835.csv,cec36d59199502791d206f03f09ba63c534ca1832c6516eb938969399e67747c,562,237,AMGN,2026-04-28T21:28:35.405,2026-04-28
code/data/ladder/options-04-28-2026/AVGO_dte_ladder_20260428_212756.csv,fd58286d4f567628d8384d2f2b6b36954858666361e605e93eb672e689718b33,1256,695,AVGO,2026-04-28T21:27:56.904,2026-04-28
code/data/ladder/options-04-28-2026/BAC_dte_ladder_20260428_212906.csv,41fb34e4eece864bf0abeab436e95f285f14e255bf2a7de2aa7ed39e673196b6,284,150,BAC,2026-04-28T21:29:06.587,2026-04-28
code/data/ladder/options-04-28-2026/BMY_dte_ladder_20260428_212839.csv,f1de8bd18a282585f3fd0f19e1ea766c7d17e624e205cb79f4ebf4285b66642c,260,130,BMY,2026-04-28T21:28:39.896,2026-04-28
code/data/ladder/options-04-28-2026/CVX_dte_ladder_20260428_212924.csv,af8a6e967c625b9942a4018433cac25f2385e81094b73e173978c0e616f83d52,358,157,CVX,2026-04-28T21:29:24.418,2026-04-28
code/data/ladder/options-04-28-2026/GOOG_dte_ladder_20260428_212801.csv,be203828ff784457121c02a61ef203408423947e261e95d87a8eea8dea140e30,584,318,GOOG,2026-04-28T21:28:01.058,2026-04-28
code/data/ladder/options-04-28-2026/GS_dte_ladder_20260428_212911.csv,e0de02a97695c7377215bbd49bafcc4e158455d7e9b5a98bf6be26b32ecbfa9d,1042,474,GS,2026-04-28T21:29:11.035,2026-04-28
code/data/ladder/options-04-28-2026/INTC_dte_ladder_20260428_212805.csv,c8a8aa798082d6ca5e31feffb3c12617ae2fb27d56b24e7515b3a284772bc9c8,640,230,INTC,2026-04-28T21:28:05.064,2026-04-28
code/data/ladder/options-04-28-2026/IWM_dte_ladder_20260428_212949.csv,937e08b5037ce63fba5e919dcb36d84beab03a242532995356b5318479167861,2260,1520,IWM,2026-04-28T21:29:49.363,2026-04-28
code/data/ladder/options-04-28-2026/JNJ_dte_ladder_20260428_212844.csv,5530f617ccc39bf2f8e8535f0a6402fb900b8606df778dccb9171376cca0b2b3,386,146,JNJ,2026-04-28T21:28:44.192,2026-04-28
code/data/ladder/options-04-28-2026/JPM_dte_ladder_20260428_212915.csv,e656edda7de6cbf2bb0970d48f88769a16a0b0302c94e2c885b5968c26c9e808,484,205,JPM,2026-04-28T21:29:15.713,2026-04-28
code/data/ladder/options-04-28-2026/LLY_dte_ladder_20260428_212848.csv,8361a3d814ae63e9275de1a1e55069c8e1b13c07c3cf66807ce2c8d13243adf6,984,508,LLY,2026-04-28T21:28:48.681,2026-04-28
code/data/ladder/options-04-28-2026/META_dte_ladder_20260428_212809.csv,e96b2473a5ba26823323fa37d59d924de8008fe7388d18a783af95dfb468ff0e,2184,1080,META,2026-04-28T21:28:09.723,2026-04-28
code/data/ladder/options-04-28-2026/MRNA_dte_ladder_20260428_212853.csv,ff73ae70accbeaa7335f49574c9d9eefab480af5c9cf79b010480d7ccbd1e0ec,402,182,MRNA,2026-04-28T21:28:53.390,2026-04-28
code/data/ladder/options-04-28-2026/MSFT_dte_ladder_20260428_212814.csv,050a8cf153fd6603b73728b0d99911b4c45812f13787dc6104a87cd8f3118e97,1054,758,MSFT,2026-04-28T21:28:14.542,2026-04-28
code/data/ladder/options-04-28-2026/MU_dte_ladder_20260428_212818.csv,e361835f098f2e92a02e3001c37ae733a778e90c61b102088a7c46787bbd798a,1560,388,MU,2026-04-28T21:28:18.795,2026-04-28
code/data/ladder/options-04-28-2026/NVDA_dte_ladder_20260428_212823.csv,97d5865857ab4e002977b73b2c2a663d207d5c310e8611a2ffe203945dab0cc9,978,358,NVDA,2026-04-28T21:28:23.279,2026-04-28
code/data/ladder/options-04-28-2026/OXY_dte_ladder_20260428_212928.csv,bde5a6116f658aac2d318591d2e8a60765538a49a82a81f2e7b3833561a548de,326,176,OXY,2026-04-28T21:29:28.745,2026-04-28
code/data/ladder/options-04-28-2026/PFE_dte_ladder_20260428_212857.csv,f865026e0c0727a4a3611f52a37e6ff4fa2592dd83503c9b279485e82a2dffc7,266,86,PFE,2026-04-28T21:28:57.777,2026-04-28
code/data/ladder/options-04-28-2026/QCOM_dte_ladder_20260428_212827.csv,5ddb3421c870c236e0dc9e79d7bc1c98f3187e23a51a398221252222e373489d,528,273,QCOM,2026-04-28T21:28:27.390,2026-04-28
code/data/ladder/options-04-28-2026/QQQ_dte_ladder_20260428_212954.csv,8663904557bb9ed334dc050bb391807aafec1f8de10de844005ad4e3e2c8e6e6,5082,3391,QQQ,2026-04-28T21:29:54.334,2026-04-28
code/data/ladder/options-04-28-2026/SPY_dte_ladder_20260428_213000.csv,a68231afa2148f05d2fbf5bbef7a0d952ce5fc6bccc6a0aed4d2d346806be880,4922,3040,SPY,2026-04-28T21:30:00.277,2026-04-28
code/data/ladder/options-04-28-2026/TGT_dte_ladder_20260428_212937.csv,856b27b841ee9ff87004338f0f4f72715045af30df11be7bd16a1fd1cb50d5f4,438,244,TGT,2026-04-28T21:29:37.552,2026-04-28
code/data/ladder/options-04-28-2026/UNH_dte_ladder_20260428_212902.csv,6c336890b0cf8e5bb135543b77854a1147eaf90e6bb78b8b6a515d9ce34a9860,584,268,UNH,2026-04-28T21:29:02.117,2026-04-28
code/data/ladder/options-04-28-2026/UPS_dte_ladder_20260428_212941.csv,dcb89bf73ff225bd79d8b3bcdfb02e8bc55c047969e964b9c17e090f18129ec1,396,200,UPS,2026-04-28T21:29:41.744,2026-04-28
code/data/ladder/options-04-28-2026/WFC_dte_ladder_20260428_212920.csv,d0374ddd91a0a07fc74a132480ca4f59aed8c29b136813d0f18925d634e6f7c5,340,192,WFC,2026-04-28T21:29:20.100,2026-04-28
code/data/ladder/options-04-28-2026/WMT_dte_ladder_20260428_212945.csv,9cc36922cfabfbdcadd88c906ac5f629038e0c2e802987770613bc42f96747a2,412,232,WMT,2026-04-28T21:29:45.568,2026-04-28
code/data/ladder/options-04-28-2026/XOM_dte_ladder_20260428_212933.csv,28de5c7177ce5f7c4bcdfd420dd9000e2328510d2e615f947f6768ea897d99ee,422,198,XOM,2026-04-28T21:29:33.174,2026-04-28
code/data/ladder/options-04-29-2026/AAPL_dte_ladder_20260430_222255.csv,aa8fda6412503d07343fccf34c9416e343b8d5bbda7243c7ee5c803b5315d104,1000,383,AAPL,2026-04-30T22:22:55.549,2026-04-30
code/data/ladder/options-04-29-2026/ABBV_dte_ladder_20260430_222344.csv,4be7868aac57904f7253313620f36800f09cb60bcb29c276bfe2e69e474b6b2f,444,166,ABBV,2026-04-30T22:23:44.307,2026-04-30
code/data/ladder/options-04-29-2026/AMD_dte_ladder_20260430_222300.csv,abe692c546779f7eb8a83c3e4b0a890274b849efbc921b8900ec1127214b8fa7,1230,372,AMD,2026-04-30T22:23:00.212,2026-04-30
code/data/ladder/options-04-29-2026/AMGN_dte_ladder_20260430_222348.csv,cf4b084080e26b457cbef39601b89a6190e5c2b53f409e895072c1d1c4e34a4a,620,215,AMGN,2026-04-30T22:23:48.772,2026-04-30
code/data/ladder/options-04-29-2026/AVGO_dte_ladder_20260430_222305.csv,a8a59ddb4c85f006f33970b859370c69877cdbebe86f6230e1fa44df87287f9f,1420,711,AVGO,2026-04-30T22:23:05.276,2026-04-30
code/data/ladder/options-04-29-2026/BAC_dte_ladder_20260430_222420.csv,a2b5d30375344e1e8b747b26348eaa2dde1fccc589bf282ba29ee512658622f6,334,177,BAC,2026-04-30T22:24:20.260,2026-04-30
code/data/ladder/options-04-29-2026/BMY_dte_ladder_20260430_222353.csv,79301acfd708d26d69c4d917293f2296702bfd646d297caa481127f1d4304107,310,146,BMY,2026-04-30T22:23:53.278,2026-04-30
code/data/ladder/options-04-29-2026/CVX_dte_ladder_20260430_222438.csv,bc9e451b0b004c85bbf4e35bc4bf3388e46f604ebf1c1a02c2095cf66f4c33ef,416,165,CVX,2026-04-30T22:24:38.275,2026-04-30
code/data/ladder/options-04-29-2026/GOOG_dte_ladder_20260430_222310.csv,4e7eea93d17e2e7202cccb1c9557385f592c704d95d63117e80437de667ef7c4,648,313,GOOG,2026-04-30T22:23:10.241,2026-04-30
code/data/ladder/options-04-29-2026/GS_dte_ladder_20260430_222424.csv,dce3f5f6c5cf48e12917f7c464360668cabf252982c077cf3b42d8d03d8c7efe,1106,493,GS,2026-04-30T22:24:24.748,2026-04-30
code/data/ladder/options-04-29-2026/INTC_dte_ladder_20260430_222314.csv,93acb4e05db50b891baa86a5e319886ff51991111c4cc61f420e1b19184a35ff,780,306,INTC,2026-04-30T22:23:14.828,2026-04-30
code/data/ladder/options-04-29-2026/IWM_dte_ladder_20260430_222504.csv,3006cd0d9a224673b8aae2f3025a8661fe2d11d424f28cba94e6803599e0fa5f,2276,1464,IWM,2026-04-30T22:25:04.529,2026-04-30
code/data/ladder/options-04-29-2026/JNJ_dte_ladder_20260430_222357.csv,9fb16cc228c9eb4b2d19274e9456dc3dbfb6013c3fceb39d7032ccbc26a18fb9,444,150,JNJ,2026-04-30T22:23:57.627,2026-04-30
code/data/ladder/options-04-29-2026/JPM_dte_ladder_20260430_222429.csv,b0b6d16be8fe9b06fbe85c976a9dc4d138e1fbbaee24f05613f90e286f4864e6,542,225,JPM,2026-04-30T22:24:29.423,2026-04-30
code/data/ladder/options-04-29-2026/LLY_dte_ladder_20260430_222402.csv,cc9afab5956ad941cbc04b3cf557a55d7b1cbd76696e906c74589b5b7ecda5cc,1064,531,LLY,2026-04-30T22:24:02.139,2026-04-30
code/data/ladder/options-04-29-2026/META_dte_ladder_20260430_222319.csv,9808bf4a4f2ec8763ccc41e840eebc9b226e70ecabc8c341813bdd160c7d2c06,2623,1133,META,2026-04-30T22:23:19.495,2026-04-30
code/data/ladder/options-04-29-2026/MRNA_dte_ladder_20260430_222406.csv,003b86214c964d70c9a9afb59ff1a4653c1bd21edc3e849b5dff9e9de977c291,456,190,MRNA,2026-04-30T22:24:06.885,2026-04-30
code/data/ladder/options-04-29-2026/MSFT_dte_ladder_20260430_222324.csv,3f6e72c4e568f0a1126dd2594a4d34c44609f63570c1a03d422203fd0b396f00,1288,774,MSFT,2026-04-30T22:23:24.971,2026-04-30
code/data/ladder/options-04-29-2026/MU_dte_ladder_20260430_222329.csv,e67cdc6e77dfacf419ef861418ec7690f6975e340a60cc277444955b762921d2,1637,441,MU,2026-04-30T22:23:29.943,2026-04-30
code/data/ladder/options-04-29-2026/NVDA_dte_ladder_20260430_222334.csv,8f6e9a5cfaf73d4bc0cbac409fe48f518ab693f6286053f784dca0f341738b28,984,324,NVDA,2026-04-30T22:23:34.957,2026-04-30
code/data/ladder/options-04-29-2026/OXY_dte_ladder_20260430_222442.csv,1ca35f3c365e8029f2b6fc5b2e8d62fcf3c81ef109f7e3baf15175ef40019d68,376,185,OXY,2026-04-30T22:24:42.745,2026-04-30
code/data/ladder/options-04-29-2026/PFE_dte_ladder_20260430_222411.csv,fe94dc1060ddb61dbf4f113e9d77deead978ff162ed63bdd10e2980c52007b23,312,104,PFE,2026-04-30T22:24:11.334,2026-04-30
code/data/ladder/options-04-29-2026/QCOM_dte_ladder_20260430_222339.csv,c79d11de5ccdbe61c7d69c9ce2c53475a6f4fc610923a3b6012033ab366c1beb,610,199,QCOM,2026-04-30T22:23:39.725,2026-04-30
code/data/ladder/options-04-29-2026/QQQ_dte_ladder_20260430_222509.csv,53aec70d7f0c2f9d405b145f96eea23ca10a469963cc1b0629c6439ac5bbdd1f,5262,3309,QQQ,2026-04-30T22:25:09.752,2026-04-30
code/data/ladder/options-04-29-2026/SPY_dte_ladder_20260430_222518.csv,ded2c1fb386674cecc3cb667c1adb633018fe3573b47fd0e658362726b4e3f93,5264,2895,SPY,2026-04-30T22:25:18.411,2026-04-30
code/data/ladder/options-04-29-2026/TGT_dte_ladder_20260430_222451.csv,ccccd64770590da66e882618cca50b0e2ddf83fccd9df780e49c9d44601f8a0c,496,265,TGT,2026-04-30T22:24:51.586,2026-04-30
code/data/ladder/options-04-29-2026/UNH_dte_ladder_20260430_222415.csv,8084624d1b960cce76263e5366e83c701566c783f2883fa4e1981d0677591d02,654,292,UNH,2026-04-30T22:24:15.683,2026-04-30
code/data/ladder/options-04-29-2026/UPS_dte_ladder_20260430_222456.csv,1a7b9739d4e07001a2ceac0e876f799907f2943b8370a4e3f648881df4999f9c,454,227,UPS,2026-04-30T22:24:56.067,2026-04-30
code/data/ladder/options-04-29-2026/WFC_dte_ladder_20260430_222433.csv,03f566d858d7877bb63c63be3acdc14a277e8ba361acc9cc2ab2c6ee2a7104a0,390,193,WFC,2026-04-30T22:24:33.870,2026-04-30
code/data/ladder/options-04-29-2026/WMT_dte_ladder_20260430_222500.csv,298616f9ae9020f6b3f004fed20a1224b412ea9e7edc934c000d3966f5893f1f,470,275,WMT,2026-04-30T22:25:00.376,2026-04-30
code/data/ladder/options-04-29-2026/XOM_dte_ladder_20260430_222447.csv,d48c5a33f69612213086d6be5ee29260b177ec2c107591f460c34f8e12189fcf,480,188,XOM,2026-04-30T22:24:47.183,2026-04-30
code/data/ladder/options-05-01-2026/AAPL_dte_ladder_20260504_093410.csv,c4cb35d7f7fa463d29f9c5dc3ecf2f8929f9479346380dcad2c65513b3d4bc7b,956,381,AAPL,2026-05-04T09:34:10.940,2026-05-01
code/data/ladder/options-05-01-2026/ABBV_dte_ladder_20260504_093452.csv,2a476e6d3e8f26ba6e89ca66139586fe2233ccd359fd6ffb9f04329c53bc360d,354,133,ABBV,2026-05-04T09:34:52.127,2026-05-01
code/data/ladder/options-05-01-2026/AMD_dte_ladder_20260504_093414.csv,75a6c7d82fae1ce900836d9bbcdc693d7d3f1bf16c23e4d24aa3b93c9318045e,1026,289,AMD,2026-05-04T09:34:14.932,2026-05-01
code/data/ladder/options-05-01-2026/AMGN_dte_ladder_20260504_093455.csv,13d05499548f525002b0cd9a74186441f3336385956a1bf63418bb274a2c1b56,546,186,AMGN,2026-05-04T09:34:55.799,2026-05-01
code/data/ladder/options-05-01-2026/AVGO_dte_ladder_20260504_093419.csv,a75452c2375ba6e0cb8c538113648e04e53135b417a5cfe07de96dece0bc9eb4,1270,584,AVGO,2026-05-04T09:34:19.033,2026-05-01
code/data/ladder/options-05-01-2026/BAC_dte_ladder_20260504_093522.csv,87cea702b5b0a5993b533e53c21c9807ffdfa44d490215219c3f4c81ead857ba,250,123,BAC,2026-05-04T09:35:22.062,2026-05-01
code/data/ladder/options-05-01-2026/BMY_dte_ladder_20260504_093459.csv,20a92088bac1eb88d9672af08be5670054f2e769d547203aed1865545f881963,260,120,BMY,2026-05-04T09:34:59.523,2026-05-01
code/data/ladder/options-05-01-2026/CVX_dte_ladder_20260504_093537.csv,ab68ef9ec983f300e5eb9fe3f3388d2e463eca46874fc7a2881930dc5af7ae1c,332,129,CVX,2026-05-04T09:35:37.068,2026-05-01
code/data/ladder/options-05-01-2026/GOOG_dte_ladder_20260504_093423.csv,948d56aa09cfd644fae50f8052ffc1e0efb3e0e8b920fd51e1a66c4ddbc76535,576,226,GOOG,2026-05-04T09:34:23.205,2026-05-01
code/data/ladder/options-05-01-2026/GS_dte_ladder_20260504_093525.csv,01383d8e3aeb699ba78b246658983f694f96394a3e67f5f7f48ebbe3abc35816,1120,475,GS,2026-05-04T09:35:25.740,2026-05-01
code/data/ladder/options-05-01-2026/INTC_dte_ladder_20260504_093427.csv,ccc65b99c33c46a636e375d41b629bb6e528fde4125372c3432d404143182148,686,238,INTC,2026-05-04T09:34:27.035,2026-05-01
code/data/ladder/options-05-01-2026/IWM_dte_ladder_20260504_093559.csv,7e0bc78fe52a7bd78c66c1aa309caf6f50990adb0f92eab807082d09affb454f,2254,1554,IWM,2026-05-04T09:35:59.032,2026-05-01
code/data/ladder/options-05-01-2026/JNJ_dte_ladder_20260504_093503.csv,64ac27c104453e29dfb9c365bfe0943d8ca526674e9ff3620143cfef990278b7,368,118,JNJ,2026-05-04T09:35:03.175,2026-05-01
code/data/ladder/options-05-01-2026/JPM_dte_ladder_20260504_093529.csv,3b81f61125174c02259c24823ef47e495fbf5ca477e75f96525e4340850580cd,504,180,JPM,2026-05-04T09:35:29.728,2026-05-01
code/data/ladder/options-05-01-2026/LLY_dte_ladder_20260504_093506.csv,856e9bed51e54c45a83c26014debd915815e0a28e532392e480b171ae59b941f,916,453,LLY,2026-05-04T09:35:06.926,2026-05-01
code/data/ladder/options-05-01-2026/META_dte_ladder_20260504_093431.csv,ae562c1d4f4fb36bcddd2069d6f7c2a9100a63c02c3883b18423dd9b86eea0de,2589,814,META,2026-05-04T09:34:31.097,2026-05-01
code/data/ladder/options-05-01-2026/MRNA_dte_ladder_20260504_093511.csv,b63f3cd4c11311b7cd01065ddd3b6c40376ce7bd4363217ba1de4612a2862c14,434,143,MRNA,2026-05-04T09:35:11.094,2026-05-01
code/data/ladder/options-05-01-2026/MSFT_dte_ladder_20260504_093435.csv,d683a60cd0ea5efbe520c3d43bea7c3d1ba1a97bf0d08f8cc0f503e835cea0e8,1247,624,MSFT,2026-05-04T09:34:35.840,2026-05-01
code/data/ladder/options-05-01-2026/MU_dte_ladder_20260504_093440.csv,2a01f101640632ddae48c704a33612e5d7705d3991d2c0d65e46455c8ee8057c,1379,331,MU,2026-05-04T09:34:40.013,2026-05-01
code/data/ladder/options-05-01-2026/NVDA_dte_ladder_20260504_093444.csv,aac628a5e3e6a5adb5d9f1f27382e1dda4375ea8d23f904fd90768573e1ab825,1354,389,NVDA,2026-05-04T09:34:44.198,2026-05-01
code/data/ladder/options-05-01-2026/OXY_dte_ladder_20260504_093540.csv,07705cf8de7069c8876c862fa006dea12a8b75aa4cff4f2aa2b2d8de67ec7439,296,151,OXY,2026-05-04T09:35:40.670,2026-05-01
code/data/ladder/options-05-01-2026/PFE_dte_ladder_20260504_093514.csv,cdd810cfb4894651cabb08cef420bf89cb0d0d294c479e3787f52bb7fbb84a68,258,88,PFE,2026-05-04T09:35:14.728,2026-05-01
code/data/ladder/options-05-01-2026/QCOM_dte_ladder_20260504_093448.csv,c1d220f01ce085920ec2d454a94bdcbd095280eaef077437c3bbfd293fe590ce,542,161,QCOM,2026-05-04T09:34:48.417,2026-05-01
code/data/ladder/options-05-01-2026/QQQ_dte_ladder_20260504_093604.csv,1970c6de704f09f634ab2dbaf20f9ad0b10ea01f8cadba8e431d1513462c7014,4964,2843,QQQ,2026-05-04T09:36:04.262,2026-05-01
code/data/ladder/options-05-01-2026/SPY_dte_ladder_20260504_093623.csv,59b446a393a8eefab45ff62a7ec044e13318e80bbcaf6dbcaa2dda112f1a3312,4960,2998,SPY,2026-05-04T09:36:23.262,2026-05-01
code/data/ladder/options-05-01-2026/TGT_dte_ladder_20260504_093547.csv,e4b7fc11053623783125caa458b34a8b2d33f0d4d2bc350aaa92efd45f587150,386,210,TGT,2026-05-04T09:35:47.933,2026-05-01
code/data/ladder/options-05-01-2026/UNH_dte_ladder_20260504_093518.csv,b22816285e3322cc6b638af6910de59e09243b4a615bce3894dce57def8a7e21,560,206,UNH,2026-05-04T09:35:18.339,2026-05-01
code/data/ladder/options-05-01-2026/UPS_dte_ladder_20260504_093551.csv,384fb6a9a5638ce5f5c6e3cd159951fa2cedf1b3d57fb723f390bad1d438af97,356,160,UPS,2026-05-04T09:35:51.576,2026-05-01
code/data/ladder/options-05-01-2026/WFC_dte_ladder_20260504_093533.csv,9e6728f05e5f6eab7639f990604a309cbc51415d45d72f551e4787f76d9c548f,330,157,WFC,2026-05-04T09:35:33.441,2026-05-01
code/data/ladder/options-05-01-2026/WMT_dte_ladder_20260504_093555.csv,ac22bc6098dc0dd06336e1ff96dba2c76252e42d19c99a40b227c6995442ae41,382,199,WMT,2026-05-04T09:35:55.257,2026-05-01
code/data/ladder/options-05-01-2026/XOM_dte_ladder_20260504_093544.csv,f711988c25f29a12aa4aed9ef086d4eb1fca07597288d6ab149e1a0f2d2442ae,361,162,XOM,2026-05-04T09:35:44.282,2026-05-01
code/data/ladder/options-05-06-2026/AAPL_dte_ladder_20260507_002524.csv,f3176bf4dd72f16aaed8dc5911740208c841d8ae3b8d508cf0587d164ae72d3d,1200,517,AAPL,2026-05-07T00:25:24.004,2026-05-06
code/data/ladder/options-05-06-2026/ABBV_dte_ladder_20260507_002624.csv,54b48381c0aff6b540e5efb4fa2bfef213ef62726cc1d139f30742202e0f6299,460,163,ABBV,2026-05-07T00:26:24.442,2026-05-06
code/data/ladder/options-05-06-2026/AMD_dte_ladder_20260507_002529.csv,0f76adbfcd1f905df7511a91cbfff703749c74b78a8f6228553811eb6e3fc0d6,1384,358,AMD,2026-05-07T00:25:29.862,2026-05-06
code/data/ladder/options-05-06-2026/AMGN_dte_ladder_20260507_002629.csv,bca97cd2716e61c6c3f5139c2b910e8b7817d23bc13b1fc5e3371d8843504424,718,239,AMGN,2026-05-07T00:26:29.966,2026-05-06
code/data/ladder/options-05-06-2026/AVGO_dte_ladder_20260507_002535.csv,9de7310c358b56e24702dba22e2c7c9ca76a249da0c8cc75abac62699ae13844,1818,864,AVGO,2026-05-07T00:25:35.807,2026-05-06
code/data/ladder/options-05-06-2026/BAC_dte_ladder_20260507_002708.csv,8fa8f6de4bfe4f778fcce15562132fd1a55cbc3c4ec2d33682d7c8a8a973afe4,324,159,BAC,2026-05-07T00:27:08.740,2026-05-06
code/data/ladder/options-05-06-2026/BMY_dte_ladder_20260507_002635.csv,50417670c1ca192c97e380bfd6a228539b791230ca195afad8b868b16e14ba7a,324,131,BMY,2026-05-07T00:26:35.686,2026-05-06
code/data/ladder/options-05-06-2026/CVX_dte_ladder_20260507_002730.csv,074e9b2c0288e96a8bf7c4bcc55bf7c6b20e9a2fa57d849b3c029a427b040823,430,149,CVX,2026-05-07T00:27:30.592,2026-05-06
code/data/ladder/options-05-06-2026/GOOG_dte_ladder_20260507_002541.csv,4b09a7350d6ec091334dbe532f9efd6184463cfe7ed7fc3559737d7012fcb0c7,774,354,GOOG,2026-05-07T00:25:41.941,2026-05-06
code/data/ladder/options-05-06-2026/GS_dte_ladder_20260507_002714.csv,bf21d1a164c08241880fff74707150c80012c65c4b5df630716da0da47a9bc59,1386,599,GS,2026-05-07T00:27:14.251,2026-05-06
code/data/ladder/options-05-06-2026/INTC_dte_ladder_20260507_002547.csv,9e27650cca5155f76f537d990c17f5bc95de82072487a592dff7998320fa7df8,1048,332,INTC,2026-05-07T00:25:47.391,2026-05-06
code/data/ladder/options-05-06-2026/IWM_dte_ladder_20260507_002801.csv,b640e4bfa29e1965f7170a67a2cec9d670932ca9edf9de91ebb428e911453df0,2304,1549,IWM,2026-05-07T00:28:01.925,2026-05-06
code/data/ladder/options-05-06-2026/JNJ_dte_ladder_20260507_002641.csv,1ee6ce03dd891e13a5fcada4eb468d46e6de600a08bf23fb02d43b5218984f97,470,139,JNJ,2026-05-07T00:26:41.394,2026-05-06
code/data/ladder/options-05-06-2026/JPM_dte_ladder_20260507_002720.csv,0ce5554a3df87b9223fa4da0b9b96ed27afc60363c24758cb31f4247cd955afb,630,255,JPM,2026-05-07T00:27:20.159,2026-05-06
code/data/ladder/options-05-06-2026/LLY_dte_ladder_20260507_002646.csv,08f6588bb7148ba500d7b7b2f690c16a0145e242179a3e7b63e91e1ebda3525c,1220,572,LLY,2026-05-07T00:26:46.780,2026-05-06
code/data/ladder/options-05-06-2026/META_dte_ladder_20260507_002553.csv,9bb458aa38f8cc75ccd931264fe6e158e757a1b5a79ad325c7042e4bcbaf73a1,3098,1143,META,2026-05-07T00:25:53.162,2026-05-06
code/data/ladder/options-05-06-2026/MRNA_dte_ladder_20260507_002652.csv,dcb404783d258ef65c2ab13dbdca54e7eea0b0399fe70c0c73b57d7ddd0710a3,542,187,MRNA,2026-05-07T00:26:52.423,2026-05-06
code/data/ladder/options-05-06-2026/MSFT_dte_ladder_20260507_002600.csv,074ca91ac3ce6406a72d41e841db2ceba0a74f2e66b4fc02f111a0d4cb304983,1522,819,MSFT,2026-05-07T00:26:00.219,2026-05-06
code/data/ladder/options-05-06-2026/MU_dte_ladder_20260507_002606.csv,724a245e541149c83f051a423ae6013b6ada57409cad779d8ac430c966a8991c,2298,590,MU,2026-05-07T00:26:06.346,2026-05-06
code/data/ladder/options-05-06-2026/NVDA_dte_ladder_20260507_002612.csv,5dde148ebb04dd76bf74b18dac59cf792c16da25fda7bf64235f5363f839ef9d,1474,418,NVDA,2026-05-07T00:26:12.746,2026-05-06
code/data/ladder/options-05-06-2026/OXY_dte_ladder_20260507_002735.csv,9e1e570505d39779f982e3ea473e401ae96b49976b7c23928d0a686f618566c6,384,167,OXY,2026-05-07T00:27:35.942,2026-05-06
code/data/ladder/options-05-06-2026/PFE_dte_ladder_20260507_002657.csv,ee96573c074480b0104293b6fc16be702dd0e2f4195f6c2e6e7eda55a088c25f,330,90,PFE,2026-05-07T00:26:57.727,2026-05-06
code/data/ladder/options-05-06-2026/QCOM_dte_ladder_20260507_002618.csv,2b0a8fc1bf1d5da2ea57f3d2e68ba7d296dfcd2c45f74efb52f124fed1d9821d,740,206,QCOM,2026-05-07T00:26:18.801,2026-05-06
code/data/ladder/options-05-06-2026/QQQ_dte_ladder_20260507_002809.csv,9b1a745068bd787ee6640e773640e284d45f252bb9a88da8b9eeb93ccefa3058,4594,2940,QQQ,2026-05-07T00:28:09.813,2026-05-06
code/data/ladder/options-05-06-2026/SPY_dte_ladder_20260507_002817.csv,72214b4818ecd2d6a9109dc1ed659e01326de7ba792209efaf4359d0a8a8cf88,4564,2946,SPY,2026-05-07T00:28:17.942,2026-05-06
code/data/ladder/options-05-06-2026/TGT_dte_ladder_20260507_002746.csv,4648ac50be882fbe78a8ed8cfe28f3a8e6d1b37d5217cd34bae8a5b4007a8778,508,280,TGT,2026-05-07T00:27:46.167,2026-05-06
code/data/ladder/options-05-06-2026/UNH_dte_ladder_20260507_002703.csv,dd074942a923bfdd23c77e5366d82ab6c6dcbedb3aae50818a49859df60ac2fb,752,267,UNH,2026-05-07T00:27:03.065,2026-05-06
code/data/ladder/options-05-06-2026/UPS_dte_ladder_20260507_002751.csv,160c9623ced0286fb997dec4b6eea350fd298ec1e77b9f89b4ca77e18c456126,474,213,UPS,2026-05-07T00:27:51.312,2026-05-06
code/data/ladder/options-05-06-2026/WFC_dte_ladder_20260507_002725.csv,42268d11f41a2007d8b27c39e5b377f95b8c8d2f83556bd7ea9526d91d1d5ead,408,207,WFC,2026-05-07T00:27:25.381,2026-05-06
code/data/ladder/options-05-06-2026/WMT_dte_ladder_20260507_002756.csv,472665d9953600d475d443780437858d63570971ae775e05f068abcc2b6d4ecc,490,257,WMT,2026-05-07T00:27:56.463,2026-05-06
code/data/ladder/options-05-06-2026/XOM_dte_ladder_20260507_002740.csv,66e105ec9f2028b129d23921b49afa43037935d273ab53f2633782e350a15d2f,482,183,XOM,2026-05-07T00:27:40.999,2026-05-06
code/data/ladder/options-05-08-2026/AAPL_dte_ladder_20260508_224310.csv,33c7de6f70a19c682b909d2e387bda5bb8f49f6edab1d205c68d5880b5e6226c,948,375,AAPL,2026-05-08T22:43:10.620,2026-05-08
code/data/ladder/options-05-08-2026/ABBV_dte_ladder_20260508_224352.csv,71f7363939a5835d8e553a796bc030329c10db11d7a999bc09489e3d580bf1d0,386,102,ABBV,2026-05-08T22:43:52.421,2026-05-08
code/data/ladder/options-05-08-2026/AMD_dte_ladder_20260508_224314.csv,6d15bfd34261701b9f100b7c3865c92a083dccb4567a21f9712bacaca544c78e,1472,323,AMD,2026-05-08T22:43:14.672,2026-05-08
code/data/ladder/options-05-08-2026/AMGN_dte_ladder_20260508_224356.csv,b23e5430c6fe833d37e660426c62dd542d86fafb9ded3513b469fa24a9fc4cab,580,144,AMGN,2026-05-08T22:43:56.108,2026-05-08
code/data/ladder/options-05-08-2026/AVGO_dte_ladder_20260508_224318.csv,090c9a23e144db77e94fb3ccd1d31fab955055f013a89f5daf2fc94a0a5268c0,1510,734,AVGO,2026-05-08T22:43:18.883,2026-05-08
code/data/ladder/options-05-08-2026/BAC_dte_ladder_20260508_224422.csv,0dfc173137576d3fef221755df7729da691ff6ba7c5f3d5b69615153734c12fe,282,118,BAC,2026-05-08T22:44:22.145,2026-05-08
code/data/ladder/options-05-08-2026/BMY_dte_ladder_20260508_224359.csv,e582845db848c891d93c5beba33dd839c84eb986a9a1e92a679fd570a4c983ab,262,83,BMY,2026-05-08T22:43:59.822,2026-05-08
code/data/ladder/options-05-08-2026/CVX_dte_ladder_20260508_224437.csv,3982ab0dc2073329241d4a313db5322409bc10dfeadea2f53190bc13cd281d86,362,98,CVX,2026-05-08T22:44:37.190,2026-05-08
code/data/ladder/options-05-08-2026/GOOG_dte_ladder_20260508_224323.csv,f8331fb8212605b118f80687e8532ed3a74185230504786370423212064df568,632,239,GOOG,2026-05-08T22:43:23.197,2026-05-08
code/data/ladder/options-05-08-2026/GS_dte_ladder_20260508_224425.csv,1ff9fe977caf74063c27fb0c43e8bad4600ef7ec004dc4614473203ade2e6202,1064,390,GS,2026-05-08T22:44:25.848,2026-05-08
code/data/ladder/options-05-08-2026/INTC_dte_ladder_20260508_224327.csv,8b860097a6ccbd6282669d691a052bdcead1a401bf5c694f2dc4262741a21e6f,912,233,INTC,2026-05-08T22:43:27.003,2026-05-08
code/data/ladder/options-05-08-2026/IWM_dte_ladder_20260508_224459.csv,c8ed326b8b219dfe7b1ba664370110dc81ab8f67da1e63cc0758638902b83424,1918,1205,IWM,2026-05-08T22:44:59.499,2026-05-08
code/data/ladder/options-05-08-2026/JNJ_dte_ladder_20260508_224403.csv,10bdd293135b11d7403d080ac322897267b6c47f9032dea1434c55765fbd7c3b,386,93,JNJ,2026-05-08T22:44:03.445,2026-05-08
code/data/ladder/options-05-08-2026/JPM_dte_ladder_20260508_224429.csv,de4e2256f4ac7966e89fb44926d42b3432c2de1c0903f1a01dcac88d68c24f86,486,165,JPM,2026-05-08T22:44:29.882,2026-05-08
code/data/ladder/options-05-08-2026/LLY_dte_ladder_20260508_224407.csv,3b67f4229c65a600c3c8e6fd221b289c9690b2aa41aae2cbedac8c3e61d32727,1036,365,LLY,2026-05-08T22:44:07.183,2026-05-08
code/data/ladder/options-05-08-2026/META_dte_ladder_20260508_224331.csv,02762e28f0dd076423bdc56e7b86112d9a45f571b74c813f1f14b5501e881d51,2426,926,META,2026-05-08T22:43:31.171,2026-05-08
code/data/ladder/options-05-08-2026/MRNA_dte_ladder_20260508_224411.csv,a8d456132c45104d16660942d7341d52907127d1e5b490414bae78cdc608ef2f,414,127,MRNA,2026-05-08T22:44:11.113,2026-05-08
code/data/ladder/options-05-08-2026/MSFT_dte_ladder_20260508_224335.csv,797b5317d11cf8085c5fb1881cdf65554e1eb677bddf19acb731e324ddd4042f,1174,610,MSFT,2026-05-08T22:43:35.879,2026-05-08
code/data/ladder/options-05-08-2026/MU_dte_ladder_20260508_224340.csv,936d59f53ef424f21d65fcb7259caf6c5af7712c8533ff8d2297dc1f725341cb,2058,376,MU,2026-05-08T22:43:40.019,2026-05-08
code/data/ladder/options-05-08-2026/NVDA_dte_ladder_20260508_224344.csv,c368edcbcf659e7f3694f1986a0b3177ece2e1cd9759359224df839d33dfd338,906,279,NVDA,2026-05-08T22:43:44.725,2026-05-08
code/data/ladder/options-05-08-2026/OXY_dte_ladder_20260508_224440.csv,faf6a46e951383e8e94d4aa8e86633cfc8cf086fada1f331e5a1ae2a22d23bc0,332,106,OXY,2026-05-08T22:44:40.820,2026-05-08
code/data/ladder/options-05-08-2026/PFE_dte_ladder_20260508_224414.csv,99b812c04fc11a1b41952f55fe3416851d6b324378dcb30c0314756e38e8ecb5,272,57,PFE,2026-05-08T22:44:14.758,2026-05-08
code/data/ladder/options-05-08-2026/QCOM_dte_ladder_20260508_224348.csv,ba23a1790098ed392db554ce7a09de8bb15e863160607e0f6b1d4016d7c73bd9,680,144,QCOM,2026-05-08T22:43:48.653,2026-05-08
code/data/ladder/options-05-08-2026/QQQ_dte_ladder_20260508_224504.csv,875d31e35e96e2d14743ca0516bb646c3f85fc1cd615aded3c8a94c223154f08,3826,1775,QQQ,2026-05-08T22:45:04.379,2026-05-08
code/data/ladder/options-05-08-2026/SPY_dte_ladder_20260508_224520.csv,e6f11ed77c845c68b841851b57ac77cd611b525a420957018697c31d6a8d43b9,4032,2220,SPY,2026-05-08T22:45:20.504,2026-05-08
code/data/ladder/options-05-08-2026/TGT_dte_ladder_20260508_224448.csv,5c2987f35e06eedda1f542db3bebcea0cff379ae52c781b3626db055438dd6b1,442,217,TGT,2026-05-08T22:44:48.310,2026-05-08
code/data/ladder/options-05-08-2026/UNH_dte_ladder_20260508_224418.csv,4c78995bb4969f06175c7e912c825a284c407af79f558a3e0be0420d6f799828,606,200,UNH,2026-05-08T22:44:18.402,2026-05-08
code/data/ladder/options-05-08-2026/UPS_dte_ladder_20260508_224451.csv,e9dc3f20530b7872cb9f4a851005ae398dbbd20e8db1e4901dd04197877e4c5d,410,144,UPS,2026-05-08T22:44:51.995,2026-05-08
code/data/ladder/options-05-08-2026/WFC_dte_ladder_20260508_224433.csv,e28f2236a894ab9ed6f2932b4b4797e0054ec4cfb9db35f02809892bcdc6b705,332,119,WFC,2026-05-08T22:44:33.559,2026-05-08
code/data/ladder/options-05-08-2026/WMT_dte_ladder_20260508_224455.csv,3e0f48332a9bcc5f76d512e78e5dd4df1eb73fbbf7cb19d727820b068d2e7e9e,418,207,WMT,2026-05-08T22:44:55.666,2026-05-08
code/data/ladder/options-05-08-2026/XOM_dte_ladder_20260508_224444.csv,abfdcedf7af3d91c1e51a70e3ee649e7d293066572dcf560f0228100ee8dac49,412,119,XOM,2026-05-08T22:44:44.550,2026-05-08
code/data/ladder/options-05-11-2026/AAPL_dte_ladder_20260512_020759.csv,8fe90c9082b7050767bf2b1edf037c7de6ed04eda3834ac7ec8c8397d6064571,976,434,AAPL,2026-05-12T02:07:59.937,2026-05-11
code/data/ladder/options-05-11-2026/ABBV_dte_ladder_20260512_020841.csv,0305b8183a5ad1899ba7891d7f9dcf5cef0d0f41f6e4c16794f4bc1ea7f65fed,362,143,ABBV,2026-05-12T02:08:41.207,2026-05-11
code/data/ladder/options-05-11-2026/AMD_dte_ladder_20260512_020804.csv,0be5452ac866e09f8be9a447ab67cc09a083f583eda6f2665609606d7af4ca35,1410,416,AMD,2026-05-12T02:08:04.021,2026-05-11
code/data/ladder/options-05-11-2026/AMGN_dte_ladder_20260512_020844.csv,ecae6e1f33682455f2ffd64ba964897f6a66385f6ff978b02e55c137739cfae4,532,204,AMGN,2026-05-12T02:08:44.859,2026-05-11
code/data/ladder/options-05-11-2026/AVGO_dte_ladder_20260512_020808.csv,d35c6c9a406117760e574073b3f16a89b79986c5be0ddfd75a0391246af0615a,1472,758,AVGO,2026-05-12T02:08:08.200,2026-05-11
code/data/ladder/options-05-11-2026/BAC_dte_ladder_20260512_020910.csv,83c4df72c9b6040cc54930bc3d8c9719ac5182b3afaba65e680077a612bd1e89,268,148,BAC,2026-05-12T02:09:10.616,2026-05-11
code/data/ladder/options-05-11-2026/BMY_dte_ladder_20260512_020848.csv,19beeefd09601fc4b656932b9935fd8a0505ef6f79f86941108593a153bf7c58,258,131,BMY,2026-05-12T02:08:48.512,2026-05-11
code/data/ladder/options-05-11-2026/CVX_dte_ladder_20260512_020925.csv,4977e6439e75fd3c3e381dc59910c0b2a34924a49eb731dcad858556768329e0,336,133,CVX,2026-05-12T02:09:25.330,2026-05-11
code/data/ladder/options-05-11-2026/GOOG_dte_ladder_20260512_020812.csv,4fb00103536ca188605437c1778659bec189b58f88d8c061b75bc23f214a5aeb,572,311,GOOG,2026-05-12T02:08:12.305,2026-05-11
code/data/ladder/options-05-11-2026/GS_dte_ladder_20260512_020914.csv,0b4814fb7690986b48e1ee7b42fc80e5b02c11619a76010b61eae6023ac79e5d,1034,508,GS,2026-05-12T02:09:14.272,2026-05-11
code/data/ladder/options-05-11-2026/INTC_dte_ladder_20260512_020816.csv,a15fadc75198ed441d875e15b203d68a7541a22dc989ef5c3f5c0db3a1c261f2,758,272,INTC,2026-05-12T02:08:16.112,2026-05-11
code/data/ladder/options-05-11-2026/IWM_dte_ladder_20260512_020946.csv,170e61968e9c22a6040e54cf0c537f1d6964c93d1fd7a0ae37c66a05a3438a16,1956,1287,IWM,2026-05-12T02:09:46.984,2026-05-11
code/data/ladder/options-05-11-2026/JNJ_dte_ladder_20260512_020852.csv,ab364b222d5e0ab12830744ddc4ac06d61ac7476055d6a65ceb84ebc2137b01e,370,128,JNJ,2026-05-12T02:08:52.077,2026-05-11
code/data/ladder/options-05-11-2026/JPM_dte_ladder_20260512_020918.csv,ebf495809cedc8f39b170e362019ea15dbe8e0c7aaf79b45fd1d423dd4bdb4b1,460,207,JPM,2026-05-12T02:09:18.153,2026-05-11
code/data/ladder/options-05-11-2026/LLY_dte_ladder_20260512_020855.csv,23420ffbe2c88f2fbccd96d68de4c1fbe86195f3435f59547b19d779b8379acd,988,576,LLY,2026-05-12T02:08:55.771,2026-05-11
code/data/ladder/options-05-11-2026/META_dte_ladder_20260512_020820.csv,e45c2d1fb497c02806f86fbe888c57119cc80fb3502a26658fcc4ae4302db99b,2410,922,META,2026-05-12T02:08:20.064,2026-05-11
code/data/ladder/options-05-11-2026/MRNA_dte_ladder_20260512_020859.csv,6097dca2f3e3c999e10399f11a33573d0c4264ac797b6f87297fa0ab54ff306b,364,157,MRNA,2026-05-12T02:08:59.669,2026-05-11
code/data/ladder/options-05-11-2026/MSFT_dte_ladder_20260512_020824.csv,eb301396e12137aabc71e8f62e6a0d2bff00b24304c879e72a24960daec0c607,1160,651,MSFT,2026-05-12T02:08:24.762,2026-05-11
code/data/ladder/options-05-11-2026/MU_dte_ladder_20260512_020828.csv,c3c8d8deeee632773dbcd85d016686757105e3fae2a62010087fcaa9e2a0a301,1994,411,MU,2026-05-12T02:08:28.943,2026-05-11
code/data/ladder/options-05-11-2026/NVDA_dte_ladder_20260512_020833.csv,94ace85497da0c8798048eb095b4923b774713fd8fc06261c7f5af29a444feb7,946,289,NVDA,2026-05-12T02:08:33.505,2026-05-11
code/data/ladder/options-05-11-2026/OXY_dte_ladder_20260512_020928.csv,2a19862224c3c676f5d4bf32e5b649d788350ac55c0a6e82bfb2807e36ff5f6f,312,155,OXY,2026-05-12T02:09:28.895,2026-05-11
code/data/ladder/options-05-11-2026/PFE_dte_ladder_20260512_020903.csv,04c8b6abaaebeccadc84dd60f6fd57d5e3f5e360e6ba02b74b18e2bb1a91bf1f,240,84,PFE,2026-05-12T02:09:03.296,2026-05-11
code/data/ladder/options-05-11-2026/QCOM_dte_ladder_20260512_020837.csv,3f6da246070ba45fad9bd93b4db85dcfdef94d39ce862ed4a5de69c4cab00285,572,198,QCOM,2026-05-12T02:08:37.464,2026-05-11
code/data/ladder/options-05-11-2026/QQQ_dte_ladder_20260512_020951.csv,ad0210c976969486cd59baf91b99818237eff112896688de4a1c9e145fd38359,3942,2263,QQQ,2026-05-12T02:09:51.846,2026-05-11
code/data/ladder/options-05-11-2026/SPY_dte_ladder_20260512_021003.csv,619192d4707d346710788f1bfcf04e2f8ea7a3e43f75fb0bfb5091f0a4a5f720,4108,2343,SPY,2026-05-12T02:10:03.790,2026-05-11
code/data/ladder/options-05-11-2026/TGT_dte_ladder_20260512_020936.csv,96cacd3b5f33cfd1a9e2eb8e4d1e2262f342705f6c9c36327f36553b3ffd5aa9,420,278,TGT,2026-05-12T02:09:36.103,2026-05-11
code/data/ladder/options-05-11-2026/UNH_dte_ladder_20260512_020906.csv,a356ae36d751b092bfb4ab7d5021ab1802ba334e534e67cf2712d68b2b202020,548,267,UNH,2026-05-12T02:09:06.905,2026-05-11
code/data/ladder/options-05-11-2026/UPS_dte_ladder_20260512_020939.csv,82f6609a60c13e1977cfe912b84a168ff71de2c6a8c6f0d83aa15fc02f9f5128,384,209,UPS,2026-05-12T02:09:39.683,2026-05-11
code/data/ladder/options-05-11-2026/WFC_dte_ladder_20260512_020921.csv,640c60a1947551cb0850b27a03449acfe84c30c32c686be3dbbd6ffd40607d61,322,171,WFC,2026-05-12T02:09:21.776,2026-05-11
code/data/ladder/options-05-11-2026/WMT_dte_ladder_20260512_020943.csv,6bb5ce7d5ba84556f83f4f69c701bb830d899d17395353e441951eefeba105d6,404,254,WMT,2026-05-12T02:09:43.248,2026-05-11
code/data/ladder/options-05-11-2026/XOM_dte_ladder_20260512_020932.csv,f02a05dbc68527f58ce8ead65a2fbe77e24f24e1103b3bff4901e989eb4b773b,350,134,XOM,2026-05-12T02:09:32.495,2026-05-11
