capture_ts,target_dte,actual_dte,symbol,underlying,expiration,type,strike,bid,bid_size,ask,ask_size,mid,last_price,last_size,implied_vol,delta,gamma,theta,vega,rho,und_session_date,und_open,und_high,und_low,und_close,und_volume,und_vwap
2026-04-15T20:36:59.217,2,2,WMT260417C00065000,WMT,2026-04-17,call,65.0,57.56,166.0,62.3,13.0,59.93,59.73,1.0,,,,,,,2026-04-15,124.46,125.07,123.22,124.74,656852.0,124.383068
2026-04-15T20:36:59.217,2,2,WMT260417C00070000,WMT,2026-04-17,call,70.0,53.63,205.0,57.06,3.0,55.345,54.41,1.0,,,,,,,2026-04-15,124.46,125.07,123.22,124.74,656852.0,124.383068
2026-04-15T20:36:59.217,2,2,WMT260417C00075000,WMT,2026-04-17,call,75.0,48.78,161.0,51.17,22.0,49.975,48.59,1.0,,,,,,,2026-04-15,124.46,125.07,123.22,124.74,656852.0,124.383068
2026-04-15T20:36:59.217,2,2,WMT260417C00080000,WMT,2026-04-17,call,80.0,43.03,173.0,47.32,10.0,45.175,44.25,1.0,,,,,,,2026-04-15,124.46,125.07,123.22,124.74,656852.0,124.383068
2026-04-15T20:36:59.217,2,2,WMT260417C00085000,WMT,2026-04-17,call,85.0,38.71,448.0,40.02,250.0,39.365,38.4,1.0,,,,,,,2026-04-15,124.46,125.07,123.22,124.74,656852.0,124.383068
2026-04-15T20:36:59.217,2,2,WMT260417C00090000,WMT,2026-04-17,call,90.0,33.63,434.0,36.51,51.0,35.07,33.53,1.0,,,,,,,2026-04-15,124.46,125.07,123.22,124.74,656852.0,124.383068
2026-04-15T20:36:59.217,2,2,WMT260417C00095000,WMT,2026-04-17,call,95.0,28.51,369.0,30.37,105.0,29.44,28.46,1.0,,,,,,,2026-04-15,124.46,125.07,123.22,124.74,656852.0,124.383068
2026-04-15T20:36:59.217,2,2,WMT260417C00100000,WMT,2026-04-17,call,100.0,24.27,309.0,24.89,114.0,24.58,24.22,1.0,,,,,,,2026-04-15,124.46,125.07,123.22,124.74,656852.0,124.383068
2026-04-15T20:36:59.217,2,2,WMT260417C00105000,WMT,2026-04-17,call,105.0,18.84,585.0,20.26,381.0,19.55,19.28,1.0,,,,,,,2026-04-15,124.46,125.07,123.22,124.74,656852.0,124.383068
2026-04-15T20:36:59.217,2,2,WMT260417C00108000,WMT,2026-04-17,call,108.0,15.54,328.0,17.88,85.0,16.71,15.96,1.0,,,,,,,2026-04-15,124.46,125.07,123.22,124.74,656852.0,124.383068
2026-04-15T20:36:59.217,2,2,WMT260417C00109000,WMT,2026-04-17,call,109.0,14.84,422.0,16.74,94.0,15.79,15.36,2.0,0.9134,0.9787,0.0061,-0.1184,0.0047,0.0058,2026-04-15,124.46,125.07,123.22,124.74,656852.0,124.383068
2026-04-15T20:36:59.217,2,2,WMT260417C00110000,WMT,2026-04-17,call,110.0,14.19,620.0,15.32,312.0,14.754999999999999,15.05,1.0,0.7722,0.987,0.0047,-0.0705,0.0031,0.0059,2026-04-15,124.46,125.07,123.22,124.74,656852.0,124.383068
2026-04-15T20:36:59.217,2,2,WMT260417C00111000,WMT,2026-04-17,call,111.0,12.58,135.0,14.35,18.0,13.465,13.22,1.0,,,,,,,2026-04-15,124.46,125.07,123.22,124.74,656852.0,124.383068
2026-04-15T20:36:59.217,2,2,WMT260417C00112000,WMT,2026-04-17,call,112.0,11.67,130.0,13.54,17.0,12.605,12.23,1.0,,,,,,,2026-04-15,124.46,125.07,123.22,124.74,656852.0,124.383068
2026-04-15T20:36:59.217,2,2,WMT260417C00113000,WMT,2026-04-17,call,113.0,10.84,124.0,12.52,15.0,11.68,11.64,1.0,,,,,,,2026-04-15,124.46,125.07,123.22,124.74,656852.0,124.383068
2026-04-15T20:36:59.217,2,2,WMT260417C00114000,WMT,2026-04-17,call,114.0,10.25,146.0,11.32,25.0,10.785,10.74,1.0,0.6389,0.9729,0.0106,-0.1033,0.0058,0.0061,2026-04-15,124.46,125.07,123.22,124.74,656852.0,124.383068
2026-04-15T20:36:59.217,2,2,WMT260417C00115000,WMT,2026-04-17,call,115.0,9.8,74.0,10.12,211.0,9.96,9.94,3.0,0.7698,0.9269,0.0195,-0.2572,0.0128,0.0058,2026-04-15,124.46,125.07,123.22,124.74,656852.0,124.383068
2026-04-15T20:36:59.217,2,2,WMT260417C00116000,WMT,2026-04-17,call,116.0,8.4,126.0,9.97,15.0,9.185,8.92,1.0,0.8469,0.8826,0.0252,-0.3951,0.0182,0.0055,2026-04-15,124.46,125.07,123.22,124.74,656852.0,124.383068
2026-04-15T20:36:59.217,2,2,WMT260417C00117000,WMT,2026-04-17,call,117.0,7.48,139.0,8.09,20.0,7.785,7.06,1.0,0.4802,0.9653,0.0173,-0.0962,0.0071,0.0062,2026-04-15,124.46,125.07,123.22,124.74,656852.0,124.383068
2026-04-15T20:36:59.217,2,2,WMT260417C00118000,WMT,2026-04-17,call,118.0,6.43,133.0,7.42,26.0,6.925,6.07,1.0,0.553,0.9153,0.0304,-0.2087,0.0143,0.0059,2026-04-15,124.46,125.07,123.22,124.74,656852.0,124.383068
2026-04-15T20:36:59.217,2,2,WMT260417C00119000,WMT,2026-04-17,call,119.0,5.51,446.0,6.75,471.0,6.13,5.81,5.0,0.6015,0.8594,0.0402,-0.32,0.0206,0.0055,2026-04-15,124.46,125.07,123.22,124.74,656852.0,124.383068
2026-04-15T20:36:59.217,2,2,WMT260417C00120000,WMT,2026-04-17,call,120.0,4.75,147.0,5.18,438.0,4.965,5.07,10.0,0.446,0.8823,0.0479,-0.2137,0.0182,0.0058,2026-04-15,124.46,125.07,123.22,124.74,656852.0,124.383068
2026-04-15T20:36:59.217,2,2,WMT260417C00121000,WMT,2026-04-17,call,121.0,3.33,705.0,4.37,527.0,3.85,4.1,2.0,0.312,0.9073,0.0576,-0.1305,0.0153,0.006,2026-04-15,124.46,125.07,123.22,124.74,656852.0,124.383068
2026-04-15T20:36:59.217,2,2,WMT260417C00122000,WMT,2026-04-17,call,122.0,2.76,422.0,3.27,63.0,3.0149999999999997,3.23,1.0,0.326,0.8232,0.0862,-0.2052,0.024,0.0055,2026-04-15,124.46,125.07,123.22,124.74,656852.0,124.383068
2026-04-15T20:36:59.217,2,2,WMT260417C00123000,WMT,2026-04-17,call,123.0,2.16,229.0,2.39,364.0,2.2750000000000004,2.28,1.0,0.3348,0.7172,0.1095,-0.2701,0.0312,0.0048,2026-04-15,124.46,125.07,123.22,124.74,656852.0,124.383068
2026-04-15T20:36:59.217,2,2,WMT260417C00124000,WMT,2026-04-17,call,124.0,1.51,40.0,1.62,12.0,1.565,1.59,2.0,0.3178,0.6024,0.1315,-0.2903,0.0356,0.004,2026-04-15,124.46,125.07,123.22,124.74,656852.0,124.383068
2026-04-15T20:36:59.217,2,2,WMT260417C00125000,WMT,2026-04-17,call,125.0,0.97,41.0,1.04,204.0,1.005,1.02,2.0,0.3085,0.4661,0.1396,-0.2887,0.0367,0.0031,2026-04-15,124.46,125.07,123.22,124.74,656852.0,124.383068
2026-04-15T20:36:59.217,2,2,WMT260417C00126000,WMT,2026-04-17,call,126.0,0.61,38.0,0.63,304.0,0.62,0.61,1.0,0.3097,0.3328,0.1271,-0.2638,0.0335,0.0022,2026-04-15,124.46,125.07,123.22,124.74,656852.0,124.383068
2026-04-15T20:36:59.217,2,2,WMT260417C00127000,WMT,2026-04-17,call,127.0,0.33,25.0,0.39,156.0,0.36,0.36,2.0,0.3119,0.2203,0.1029,-0.216,0.0274,0.0015,2026-04-15,124.46,125.07,123.22,124.74,656852.0,124.383068
2026-04-15T20:36:59.217,2,2,WMT260417C00128000,WMT,2026-04-17,call,128.0,0.16,87.0,0.19,199.0,0.175,0.19,4.0,0.3035,0.1267,0.0742,-0.1471,0.0192,0.0009,2026-04-15,124.46,125.07,123.22,124.74,656852.0,124.383068
2026-04-15T20:36:59.217,2,2,WMT260417C00129000,WMT,2026-04-17,call,129.0,0.08,3.0,0.1,274.0,0.09,0.1,54.0,0.3088,0.0717,0.048,-0.0984,0.0126,0.0005,2026-04-15,124.46,125.07,123.22,124.74,656852.0,124.383068
2026-04-15T20:36:59.217,2,2,WMT260417C00130000,WMT,2026-04-17,call,130.0,0.07,106.0,0.08,170.0,0.07500000000000001,0.07,1.0,0.3482,0.0554,0.0348,-0.0906,0.0103,0.0004,2026-04-15,124.46,125.07,123.22,124.74,656852.0,124.383068
2026-04-15T20:36:59.217,2,2,WMT260417C00131000,WMT,2026-04-17,call,131.0,0.01,6.0,0.03,508.0,0.02,0.03,4.0,0.3174,0.0189,0.0157,-0.034,0.0043,0.0001,2026-04-15,124.46,125.07,123.22,124.74,656852.0,124.383068
2026-04-15T20:36:59.217,2,2,WMT260417C00132000,WMT,2026-04-17,call,132.0,0.04,1.0,0.11,152.0,0.075,0.04,1.0,0.4468,0.0448,0.0229,-0.098,0.0087,0.0003,2026-04-15,124.46,125.07,123.22,124.74,656852.0,124.383068
2026-04-15T20:36:59.217,2,2,WMT260417C00133000,WMT,2026-04-17,call,133.0,0.0,0.0,0.21,663.0,0.105,0.03,1.0,,,,,,,2026-04-15,124.46,125.07,123.22,124.74,656852.0,124.383068
2026-04-15T20:36:59.217,2,2,WMT260417C00134000,WMT,2026-04-17,call,134.0,0.0,0.0,0.05,44.0,0.025,0.03,1.0,,,,,,,2026-04-15,124.46,125.07,123.22,124.74,656852.0,124.383068
2026-04-15T20:36:59.217,2,2,WMT260417C00135000,WMT,2026-04-17,call,135.0,0.03,18.0,0.04,5.0,0.035,0.03,5.0,0.517,0.0202,0.0102,-0.0585,0.0045,0.0001,2026-04-15,124.46,125.07,123.22,124.74,656852.0,124.383068
2026-04-15T20:36:59.217,2,2,WMT260417C00136000,WMT,2026-04-17,call,136.0,0.0,0.0,0.06,80.0,0.03,0.01,1.0,,,,,,,2026-04-15,124.46,125.07,123.22,124.74,656852.0,124.383068
2026-04-15T20:36:59.217,2,2,WMT260417C00137000,WMT,2026-04-17,call,137.0,0.0,0.0,2.11,359.0,1.055,0.01,25.0,,,,,,,2026-04-15,124.46,125.07,123.22,124.74,656852.0,124.383068
2026-04-15T20:36:59.217,2,2,WMT260417C00138000,WMT,2026-04-17,call,138.0,0.0,0.0,0.51,74.0,0.255,,,,,,,,,2026-04-15,124.46,125.07,123.22,124.74,656852.0,124.383068
2026-04-15T20:36:59.217,2,2,WMT260417C00139000,WMT,2026-04-17,call,139.0,0.0,0.0,0.11,47.0,0.055,0.01,1.0,,,,,,,2026-04-15,124.46,125.07,123.22,124.74,656852.0,124.383068
2026-04-15T20:36:59.217,2,2,WMT260417C00140000,WMT,2026-04-17,call,140.0,0.0,0.0,0.03,76.0,0.015,0.01,2.0,,,,,,,2026-04-15,124.46,125.07,123.22,124.74,656852.0,124.383068
2026-04-15T20:36:59.217,2,2,WMT260417C00145000,WMT,2026-04-17,call,145.0,0.0,0.0,0.06,553.0,0.03,0.02,10.0,,,,,,,2026-04-15,124.46,125.07,123.22,124.74,656852.0,124.383068
2026-04-15T20:36:59.217,2,2,WMT260417C00150000,WMT,2026-04-17,call,150.0,0.0,0.0,0.03,1.0,0.015,0.01,25.0,,,,,,,2026-04-15,124.46,125.07,123.22,124.74,656852.0,124.383068
2026-04-15T20:36:59.217,2,2,WMT260417C00155000,WMT,2026-04-17,call,155.0,0.0,0.0,0.03,125.0,0.015,0.01,2.0,,,,,,,2026-04-15,124.46,125.07,123.22,124.74,656852.0,124.383068
2026-04-15T20:36:59.217,2,2,WMT260417C00160000,WMT,2026-04-17,call,160.0,0.0,0.0,0.01,20.0,0.005,0.01,1.0,,,,,,,2026-04-15,124.46,125.07,123.22,124.74,656852.0,124.383068
2026-04-15T20:36:59.217,2,2,WMT260417C00165000,WMT,2026-04-17,call,165.0,0.0,0.0,2.17,27.0,1.085,0.08,1.0,,,,,,,2026-04-15,124.46,125.07,123.22,124.74,656852.0,124.383068
2026-04-15T20:36:59.217,2,2,WMT260417C00170000,WMT,2026-04-17,call,170.0,0.0,0.0,0.01,1.0,0.005,0.06,1.0,,,,,,,2026-04-15,124.46,125.07,123.22,124.74,656852.0,124.383068
2026-04-15T20:36:59.217,2,2,WMT260417C00175000,WMT,2026-04-17,call,175.0,0.0,0.0,0.04,7.0,0.02,0.01,1.0,,,,,,,2026-04-15,124.46,125.07,123.22,124.74,656852.0,124.383068
2026-04-15T20:36:59.217,2,2,WMT260417C00180000,WMT,2026-04-17,call,180.0,0.0,0.0,0.01,1.0,0.005,0.01,2.0,,,,,,,2026-04-15,124.46,125.07,123.22,124.74,656852.0,124.383068
2026-04-15T20:36:59.217,2,2,WMT260417C00185000,WMT,2026-04-17,call,185.0,0.0,0.0,0.01,1.0,0.005,0.01,35.0,,,,,,,2026-04-15,124.46,125.07,123.22,124.74,656852.0,124.383068
2026-04-15T20:36:59.217,2,2,WMT260417C00190000,WMT,2026-04-17,call,190.0,0.0,0.0,0.01,38.0,0.005,0.01,1.0,,,,,,,2026-04-15,124.46,125.07,123.22,124.74,656852.0,124.383068
2026-04-15T20:36:59.217,2,2,WMT260417P00065000,WMT,2026-04-17,put,65.0,0.0,0.0,0.01,500.0,0.005,0.01,1.0,,,,,,,2026-04-15,124.46,125.07,123.22,124.74,656852.0,124.383068
2026-04-15T20:36:59.217,2,2,WMT260417P00070000,WMT,2026-04-17,put,70.0,0.0,0.0,0.03,250.0,0.015,0.01,2.0,,,,,,,2026-04-15,124.46,125.07,123.22,124.74,656852.0,124.383068
2026-04-15T20:36:59.217,2,2,WMT260417P00075000,WMT,2026-04-17,put,75.0,0.0,0.0,0.03,200.0,0.015,0.01,3000.0,,,,,,,2026-04-15,124.46,125.07,123.22,124.74,656852.0,124.383068
2026-04-15T20:36:59.217,2,2,WMT260417P00080000,WMT,2026-04-17,put,80.0,0.0,0.0,0.03,200.0,0.015,0.03,1.0,,,,,,,2026-04-15,124.46,125.07,123.22,124.74,656852.0,124.383068
2026-04-15T20:36:59.217,2,2,WMT260417P00085000,WMT,2026-04-17,put,85.0,0.0,0.0,0.01,100.0,0.005,0.02,5.0,,,,,,,2026-04-15,124.46,125.07,123.22,124.74,656852.0,124.383068
2026-04-15T20:36:59.217,2,2,WMT260417P00090000,WMT,2026-04-17,put,90.0,0.0,0.0,0.03,110.0,0.015,0.01,5.0,,,,,,,2026-04-15,124.46,125.07,123.22,124.74,656852.0,124.383068
2026-04-15T20:36:59.217,2,2,WMT260417P00095000,WMT,2026-04-17,put,95.0,0.0,0.0,0.01,99.0,0.005,0.01,1.0,,,,,,,2026-04-15,124.46,125.07,123.22,124.74,656852.0,124.383068
2026-04-15T20:36:59.217,2,2,WMT260417P00100000,WMT,2026-04-17,put,100.0,0.0,0.0,0.01,100.0,0.005,0.01,13.0,,,,,,,2026-04-15,124.46,125.07,123.22,124.74,656852.0,124.383068
2026-04-15T20:36:59.217,2,2,WMT260417P00105000,WMT,2026-04-17,put,105.0,0.0,0.0,0.03,25.0,0.015,0.01,19.0,,,,,,,2026-04-15,124.46,125.07,123.22,124.74,656852.0,124.383068
2026-04-15T20:36:59.217,2,2,WMT260417P00108000,WMT,2026-04-17,put,108.0,0.0,0.0,0.01,25.0,0.005,0.01,2.0,,,,,,,2026-04-15,124.46,125.07,123.22,124.74,656852.0,124.383068
2026-04-15T20:36:59.217,2,2,WMT260417P00109000,WMT,2026-04-17,put,109.0,0.0,0.0,0.01,1.0,0.005,0.02,1.0,,,,,,,2026-04-15,124.46,125.07,123.22,124.74,656852.0,124.383068
2026-04-15T20:36:59.217,2,2,WMT260417P00110000,WMT,2026-04-17,put,110.0,0.01,3.0,0.02,584.0,0.015,0.02,3.0,0.6982,-0.007,0.003,-0.0314,0.0018,0.0,2026-04-15,124.46,125.07,123.22,124.74,656852.0,124.383068
2026-04-15T20:36:59.217,2,2,WMT260417P00111000,WMT,2026-04-17,put,111.0,0.0,0.0,0.07,537.0,0.035,0.02,1.0,,,,,,,2026-04-15,124.46,125.07,123.22,124.74,656852.0,124.383068
2026-04-15T20:36:59.217,2,2,WMT260417P00112000,WMT,2026-04-17,put,112.0,0.0,0.0,0.16,2.0,0.08,0.03,1.0,,,,,,,2026-04-15,124.46,125.07,123.22,124.74,656852.0,124.383068
2026-04-15T20:36:59.217,2,2,WMT260417P00113000,WMT,2026-04-17,put,113.0,0.0,0.0,0.08,532.0,0.04,0.03,6.0,,,,,,,2026-04-15,124.46,125.07,123.22,124.74,656852.0,124.383068
2026-04-15T20:36:59.217,2,2,WMT260417P00114000,WMT,2026-04-17,put,114.0,0.0,0.0,0.03,2.0,0.015,0.04,1.0,,,,,,,2026-04-15,124.46,125.07,123.22,124.74,656852.0,124.383068
2026-04-15T20:36:59.217,2,2,WMT260417P00115000,WMT,2026-04-17,put,115.0,0.04,2.0,0.06,6.0,0.05,0.02,95.0,0.5655,-0.025,0.0112,-0.0759,0.0054,-0.0002,2026-04-15,124.46,125.07,123.22,124.74,656852.0,124.383068
2026-04-15T20:36:59.217,2,2,WMT260417P00116000,WMT,2026-04-17,put,116.0,0.05,1.0,0.07,8.0,0.060000000000000005,0.05,1.0,0.5307,-0.031,0.0143,-0.0853,0.0065,-0.0002,2026-04-15,124.46,125.07,123.22,124.74,656852.0,124.383068
2026-04-15T20:36:59.217,2,2,WMT260417P00117000,WMT,2026-04-17,put,117.0,0.01,112.0,0.07,2.0,0.04,0.04,2.0,0.4459,-0.0254,0.0144,-0.0606,0.0055,-0.0002,2026-04-15,124.46,125.07,123.22,124.74,656852.0,124.383068
2026-04-15T20:36:59.217,2,2,WMT260417P00118000,WMT,2026-04-17,put,118.0,0.02,698.0,0.11,168.0,0.065,0.03,10.0,0.4315,-0.04,0.0216,-0.0852,0.0079,-0.0003,2026-04-15,124.46,125.07,123.22,124.74,656852.0,124.383068
2026-04-15T20:36:59.217,2,2,WMT260417P00119000,WMT,2026-04-17,put,119.0,0.07,697.0,0.08,636.0,0.07500000000000001,0.08,1.0,0.3884,-0.0496,0.0286,-0.0912,0.0095,-0.0003,2026-04-15,124.46,125.07,123.22,124.74,656852.0,124.383068
2026-04-15T20:36:59.217,2,2,WMT260417P00120000,WMT,2026-04-17,put,120.0,0.09,271.0,0.11,58.0,0.1,0.11,25.0,0.3543,-0.0687,0.0405,-0.1073,0.0122,-0.0005,2026-04-15,124.46,125.07,123.22,124.74,656852.0,124.383068
2026-04-15T20:36:59.217,2,2,WMT260417P00121000,WMT,2026-04-17,put,121.0,0.15,152.0,0.18,56.0,0.16499999999999998,0.18,1.0,0.3361,-0.1092,0.0603,-0.1437,0.0173,-0.0008,2026-04-15,124.46,125.07,123.22,124.74,656852.0,124.383068
2026-04-15T20:36:59.217,2,2,WMT260417P00122000,WMT,2026-04-17,put,122.0,0.29,255.0,0.34,279.0,0.315,0.29,1.0,0.3361,-0.184,0.0857,-0.204,0.0246,-0.0013,2026-04-15,124.46,125.07,123.22,124.74,656852.0,124.383068
2026-04-15T20:36:59.217,2,2,WMT260417P00123000,WMT,2026-04-17,put,123.0,0.48,18.0,0.52,74.0,0.5,0.48,1.0,0.3185,-0.2734,0.1132,-0.2411,0.0307,-0.0019,2026-04-15,124.46,125.07,123.22,124.74,656852.0,124.383068
2026-04-15T20:36:59.217,2,2,WMT260417P00124000,WMT,2026-04-17,put,124.0,0.74,119.0,0.79,128.0,0.765,0.74,10.0,0.2967,-0.3911,0.1402,-0.2579,0.0354,-0.0027,2026-04-15,124.46,125.07,123.22,124.74,656852.0,124.383068
2026-04-15T20:36:59.217,2,2,WMT260417P00125000,WMT,2026-04-17,put,125.0,1.18,138.0,1.22,14.0,1.2,1.22,3.0,0.2867,-0.5371,0.1501,-0.2559,0.0367,-0.0037,2026-04-15,124.46,125.07,123.22,124.74,656852.0,124.383068
2026-04-15T20:36:59.217,2,2,WMT260417P00126000,WMT,2026-04-17,put,126.0,1.59,591.0,2.04,612.0,1.815,1.74,1.0,0.2858,-0.6809,0.1354,-0.2268,0.033,-0.0048,2026-04-15,124.46,125.07,123.22,124.74,656852.0,124.383068
2026-04-15T20:36:59.217,2,2,WMT260417P00127000,WMT,2026-04-17,put,127.0,2.5,116.0,2.63,169.0,2.565,2.63,1.0,0.2858,-0.8006,0.1059,-0.174,0.0258,-0.0056,2026-04-15,124.46,125.07,123.22,124.74,656852.0,124.383068
2026-04-15T20:36:59.217,2,2,WMT260417P00128000,WMT,2026-04-17,put,128.0,3.14,566.0,4.01,477.0,3.575,3.13,1.0,0.3623,-0.8297,0.0757,-0.201,0.0234,-0.0059,2026-04-15,124.46,125.07,123.22,124.74,656852.0,124.383068
2026-04-15T20:36:59.217,2,2,WMT260417P00129000,WMT,2026-04-17,put,129.0,3.93,611.0,4.67,404.0,4.3,4.48,2.0,0.2413,-0.9698,0.0307,-0.0255,0.0063,-0.0069,2026-04-15,124.46,125.07,123.22,124.74,656852.0,124.383068
2026-04-15T20:36:59.217,2,2,WMT260417P00130000,WMT,2026-04-17,put,130.0,4.85,604.0,5.63,258.0,5.24,5.27,10.0,,,,,,,2026-04-15,124.46,125.07,123.22,124.74,656852.0,124.383068
2026-04-15T20:36:59.217,2,2,WMT260417P00131000,WMT,2026-04-17,put,131.0,5.34,287.0,6.72,196.0,6.029999999999999,7.0,1.0,,,,,,,2026-04-15,124.46,125.07,123.22,124.74,656852.0,124.383068
2026-04-15T20:36:59.217,2,2,WMT260417P00132000,WMT,2026-04-17,put,132.0,6.7,106.0,7.9,15.0,7.300000000000001,7.92,1.0,0.374,-0.979,0.0146,-0.0305,0.0047,-0.0071,2026-04-15,124.46,125.07,123.22,124.74,656852.0,124.383068
2026-04-15T20:36:59.217,2,2,WMT260417P00133000,WMT,2026-04-17,put,133.0,7.23,127.0,9.16,20.0,8.195,8.39,2.0,,,,,,,2026-04-15,124.46,125.07,123.22,124.74,656852.0,124.383068
2026-04-15T20:36:59.217,2,2,WMT260417P00134000,WMT,2026-04-17,put,134.0,8.2,220.0,10.06,10.0,9.129999999999999,9.76,1.0,,,,,,,2026-04-15,124.46,125.07,123.22,124.74,656852.0,124.383068
2026-04-15T20:36:59.217,2,2,WMT260417P00135000,WMT,2026-04-17,put,135.0,9.28,130.0,10.76,27.0,10.02,10.51,1.0,,,,,,,2026-04-15,124.46,125.07,123.22,124.74,656852.0,124.383068
2026-04-15T20:36:59.217,2,2,WMT260417P00136000,WMT,2026-04-17,put,136.0,10.19,126.0,11.94,15.0,11.065,11.64,1.0,,,,,,,2026-04-15,124.46,125.07,123.22,124.74,656852.0,124.383068
2026-04-15T20:36:59.217,2,2,WMT260417P00137000,WMT,2026-04-17,put,137.0,11.09,127.0,13.02,15.0,12.055,11.4,1.0,,,,,,,2026-04-15,124.46,125.07,123.22,124.74,656852.0,124.383068
2026-04-15T20:36:59.217,2,2,WMT260417P00138000,WMT,2026-04-17,put,138.0,12.42,118.0,14.4,16.0,13.41,,,0.7982,-0.9537,0.0132,-0.1653,0.0089,-0.0073,2026-04-15,124.46,125.07,123.22,124.74,656852.0,124.383068
2026-04-15T20:36:59.217,2,2,WMT260417P00139000,WMT,2026-04-17,put,139.0,13.15,370.0,14.74,81.0,13.945,14.49,1.0,,,,,,,2026-04-15,124.46,125.07,123.22,124.74,656852.0,124.383068
2026-04-15T20:36:59.217,2,2,WMT260417P00140000,WMT,2026-04-17,put,140.0,14.97,561.0,16.29,421.0,15.629999999999999,15.27,1.0,1.0857,-0.9188,0.015,-0.3635,0.0139,-0.0071,2026-04-15,124.46,125.07,123.22,124.74,656852.0,124.383068
2026-04-15T20:36:59.217,2,2,WMT260417P00145000,WMT,2026-04-17,put,145.0,19.6,123.0,21.06,15.0,20.33,21.23,2.0,,,,,,,2026-04-15,124.46,125.07,123.22,124.74,656852.0,124.383068
2026-04-15T20:36:59.217,2,2,WMT260417P00150000,WMT,2026-04-17,put,150.0,24.61,127.0,26.27,16.0,25.439999999999998,29.35,3.0,,,,,,,2026-04-15,124.46,125.07,123.22,124.74,656852.0,124.383068
2026-04-15T20:36:59.217,2,2,WMT260417P00155000,WMT,2026-04-17,put,155.0,29.99,123.0,30.78,16.0,30.384999999999998,31.69,6.0,,,,,,,2026-04-15,124.46,125.07,123.22,124.74,656852.0,124.383068
2026-04-15T20:36:59.217,2,2,WMT260417P00160000,WMT,2026-04-17,put,160.0,34.74,145.0,35.72,13.0,35.230000000000004,,,,,,,,,2026-04-15,124.46,125.07,123.22,124.74,656852.0,124.383068
2026-04-15T20:36:59.217,2,2,WMT260417P00165000,WMT,2026-04-17,put,165.0,39.56,145.0,40.92,5.0,40.24,,,,,,,,,2026-04-15,124.46,125.07,123.22,124.74,656852.0,124.383068
2026-04-15T20:36:59.217,2,2,WMT260417P00170000,WMT,2026-04-17,put,170.0,45.04,136.0,45.62,10.0,45.33,,,,,,,,,2026-04-15,124.46,125.07,123.22,124.74,656852.0,124.383068
2026-04-15T20:36:59.217,2,2,WMT260417P00175000,WMT,2026-04-17,put,175.0,48.86,146.0,52.22,7.0,50.54,,,,,,,,,2026-04-15,124.46,125.07,123.22,124.74,656852.0,124.383068
2026-04-15T20:36:59.217,2,2,WMT260417P00180000,WMT,2026-04-17,put,180.0,53.6,136.0,55.35,8.0,54.475,,,,,,,,,2026-04-15,124.46,125.07,123.22,124.74,656852.0,124.383068
2026-04-15T20:36:59.217,2,2,WMT260417P00185000,WMT,2026-04-17,put,185.0,59.59,136.0,60.14,5.0,59.865,,,,,,,,,2026-04-15,124.46,125.07,123.22,124.74,656852.0,124.383068
2026-04-15T20:36:59.217,2,2,WMT260417P00190000,WMT,2026-04-17,put,190.0,63.84,145.0,67.44,4.0,65.64,,,,,,,,,2026-04-15,124.46,125.07,123.22,124.74,656852.0,124.383068
2026-04-15T20:36:59.217,7,9,WMT260424C00065000,WMT,2026-04-24,call,65.0,59.02,128.0,62.53,10.0,60.775000000000006,60.44,1.0,,,,,,,2026-04-15,124.46,125.07,123.22,124.74,656852.0,124.383068
2026-04-15T20:36:59.217,7,9,WMT260424C00070000,WMT,2026-04-24,call,70.0,53.72,128.0,56.48,15.0,55.099999999999994,54.13,2.0,,,,,,,2026-04-15,124.46,125.07,123.22,124.74,656852.0,124.383068
2026-04-15T20:36:59.217,7,9,WMT260424C00075000,WMT,2026-04-24,call,75.0,48.71,127.0,50.3,19.0,49.504999999999995,49.15,2.0,,,,,,,2026-04-15,124.46,125.07,123.22,124.74,656852.0,124.383068
2026-04-15T20:36:59.217,7,9,WMT260424C00080000,WMT,2026-04-24,call,80.0,43.13,131.0,45.62,9.0,44.375,44.19,1.0,,,,,,,2026-04-15,124.46,125.07,123.22,124.74,656852.0,124.383068
2026-04-15T20:36:59.217,7,9,WMT260424C00085000,WMT,2026-04-24,call,85.0,39.21,128.0,40.49,16.0,39.85,38.88,1.0,,,,,,,2026-04-15,124.46,125.07,123.22,124.74,656852.0,124.383068
2026-04-15T20:36:59.217,7,9,WMT260424C00090000,WMT,2026-04-24,call,90.0,33.41,130.0,36.5,17.0,34.955,34.3,3.0,,,,,,,2026-04-15,124.46,125.07,123.22,124.74,656852.0,124.383068
2026-04-15T20:36:59.217,7,9,WMT260424C00095000,WMT,2026-04-24,call,95.0,28.75,122.0,31.41,20.0,30.08,30.5,1.0,1.0068,0.9645,0.004,-0.0947,0.0153,0.0222,2026-04-15,124.46,125.07,123.22,124.74,656852.0,124.383068
2026-04-15T20:36:59.217,7,9,WMT260424C00100000,WMT,2026-04-24,call,100.0,22.62,126.0,26.52,11.0,24.57,24.62,7.0,,,,,,,2026-04-15,124.46,125.07,123.22,124.74,656852.0,124.383068
2026-04-15T20:36:59.217,7,9,WMT260424C00105000,WMT,2026-04-24,call,105.0,18.32,130.0,21.09,21.0,19.705,19.19,1.0,,,,,,,2026-04-15,124.46,125.07,123.22,124.74,656852.0,124.383068
2026-04-15T20:36:59.217,7,9,WMT260424C00108000,WMT,2026-04-24,call,108.0,15.44,126.0,17.86,15.0,16.65,16.23,1.0,,,,,,,2026-04-15,124.46,125.07,123.22,124.74,656852.0,124.383068
2026-04-15T20:36:59.217,7,9,WMT260424C00109000,WMT,2026-04-24,call,109.0,14.68,106.0,16.55,18.0,15.615,15.78,1.0,,,,,,,2026-04-15,124.46,125.07,123.22,124.74,656852.0,124.383068
2026-04-15T20:36:59.217,7,9,WMT260424C00110000,WMT,2026-04-24,call,110.0,13.94,130.0,15.2,18.0,14.57,13.8,1.0,,,,,,,2026-04-15,124.46,125.07,123.22,124.74,656852.0,124.383068
2026-04-15T20:36:59.217,7,9,WMT260424C00111000,WMT,2026-04-24,call,111.0,12.83,112.0,14.96,17.0,13.895,12.87,1.0,0.4045,0.9698,0.0086,-0.0408,0.0134,0.0264,2026-04-15,124.46,125.07,123.22,124.74,656852.0,124.383068
2026-04-15T20:36:59.217,7,9,WMT260424C00112000,WMT,2026-04-24,call,112.0,12.03,108.0,13.71,15.0,12.870000000000001,12.02,1.0,0.3583,0.9746,0.0084,-0.034,0.0116,0.0268,2026-04-15,124.46,125.07,123.22,124.74,656852.0,124.383068
2026-04-15T20:36:59.217,7,9,WMT260424C00113000,WMT,2026-04-24,call,113.0,10.85,404.0,13.32,40.0,12.085,11.82,1.0,0.4428,0.9285,0.0157,-0.0761,0.0267,0.0256,2026-04-15,124.46,125.07,123.22,124.74,656852.0,124.383068
2026-04-15T20:36:59.217,7,9,WMT260424C00114000,WMT,2026-04-24,call,114.0,9.84,125.0,11.9,15.0,10.870000000000001,10.72,1.0,0.3071,0.9715,0.0108,-0.0329,0.0128,0.0272,2026-04-15,124.46,125.07,123.22,124.74,656852.0,124.383068
2026-04-15T20:36:59.217,7,9,WMT260424C00115000,WMT,2026-04-24,call,115.0,9.13,144.0,10.62,18.0,9.875,9.75,1.0,0.2851,0.9679,0.0129,-0.0334,0.0141,0.0273,2026-04-15,124.46,125.07,123.22,124.74,656852.0,124.383068
2026-04-15T20:36:59.217,7,9,WMT260424C00116000,WMT,2026-04-24,call,116.0,8.2,127.0,9.57,15.0,8.885,8.1,1.0,0.2658,0.9621,0.0158,-0.035,0.0162,0.0274,2026-04-15,124.46,125.07,123.22,124.74,656852.0,124.383068
2026-04-15T20:36:59.217,7,9,WMT260424C00117000,WMT,2026-04-24,call,117.0,7.52,127.0,8.62,13.0,8.07,7.13,1.0,0.3139,0.9093,0.0266,-0.0664,0.032,0.026,2026-04-15,124.46,125.07,123.22,124.74,656852.0,124.383068
2026-04-15T20:36:59.217,7,9,WMT260424C00118000,WMT,2026-04-24,call,118.0,7.06,39.0,7.63,36.0,7.345,7.51,1.0,0.3512,0.8521,0.0336,-0.0982,0.0452,0.0244,2026-04-15,124.46,125.07,123.22,124.74,656852.0,124.383068
2026-04-15T20:36:59.217,7,9,WMT260424C00119000,WMT,2026-04-24,call,119.0,6.03,38.0,6.78,571.0,6.405,6.18,10.0,0.3274,0.8298,0.0395,-0.1,0.0496,0.0239,2026-04-15,124.46,125.07,123.22,124.74,656852.0,124.383068
2026-04-15T20:36:59.217,7,9,WMT260424C00120000,WMT,2026-04-24,call,120.0,5.16,617.0,5.78,77.0,5.470000000000001,5.51,6.0,0.302,0.8032,0.0469,-0.1006,0.0543,0.0233,2026-04-15,124.46,125.07,123.22,124.74,656852.0,124.383068
2026-04-15T20:36:59.217,7,9,WMT260424C00121000,WMT,2026-04-24,call,121.0,4.28,668.0,5.04,149.0,4.66,4.61,1.0,0.2943,0.7563,0.0544,-0.1094,0.0614,0.0221,2026-04-15,124.46,125.07,123.22,124.74,656852.0,124.383068
2026-04-15T20:36:59.217,7,9,WMT260424C00122000,WMT,2026-04-24,call,122.0,3.74,20.0,4.13,322.0,3.935,3.8,1.0,0.2923,0.6983,0.0609,-0.1192,0.0683,0.0205,2026-04-15,124.46,125.07,123.22,124.74,656852.0,124.383068
2026-04-15T20:36:59.217,7,9,WMT260424C00123000,WMT,2026-04-24,call,123.0,3.03,96.0,3.4,547.0,3.215,3.2,3.0,0.2826,0.6375,0.0678,-0.1229,0.0734,0.0188,2026-04-15,124.46,125.07,123.22,124.74,656852.0,124.383068
2026-04-15T20:36:59.217,7,9,WMT260424C00124000,WMT,2026-04-24,call,124.0,2.53,87.0,2.63,64.0,2.58,2.55,5.0,0.2761,0.5684,0.0727,-0.1249,0.077,0.0168,2026-04-15,124.46,125.07,123.22,124.74,656852.0,124.383068
2026-04-15T20:36:59.217,7,9,WMT260424C00125000,WMT,2026-04-24,call,125.0,1.92,481.0,1.99,52.0,1.955,1.99,1.0,0.2619,0.4937,0.0778,-0.1196,0.0781,0.0147,2026-04-15,124.46,125.07,123.22,124.74,656852.0,124.383068
2026-04-15T20:36:59.217,7,9,WMT260424C00126000,WMT,2026-04-24,call,126.0,1.48,12.0,1.58,252.0,1.53,1.52,1.0,0.2636,0.4176,0.0756,-0.117,0.0764,0.0125,2026-04-15,124.46,125.07,123.22,124.74,656852.0,124.383068
2026-04-15T20:36:59.217,7,9,WMT260424C00127000,WMT,2026-04-24,call,127.0,1.1,7.0,1.16,94.0,1.13,1.16,1.0,0.2588,0.3419,0.0725,-0.1075,0.0719,0.0102,2026-04-15,124.46,125.07,123.22,124.74,656852.0,124.383068
2026-04-15T20:36:59.217,7,9,WMT260424C00128000,WMT,2026-04-24,call,128.0,0.8,7.0,0.92,266.0,0.8600000000000001,0.85,7.0,0.2623,0.2771,0.0652,-0.0989,0.0656,0.0083,2026-04-15,124.46,125.07,123.22,124.74,656852.0,124.383068
2026-04-15T20:36:59.217,7,9,WMT260424C00129000,WMT,2026-04-24,call,129.0,0.57,7.0,0.59,1.0,0.58,0.59,1.0,0.2542,0.2099,0.0579,-0.0822,0.0564,0.0063,2026-04-15,124.46,125.07,123.22,124.74,656852.0,124.383068
2026-04-15T20:36:59.217,7,9,WMT260424C00130000,WMT,2026-04-24,call,130.0,0.44,1.0,0.48,551.0,0.45999999999999996,0.44,10.0,0.2651,0.1692,0.0486,-0.0748,0.0494,0.0051,2026-04-15,124.46,125.07,123.22,124.74,656852.0,124.383068
2026-04-15T20:36:59.217,7,9,WMT260424C00131000,WMT,2026-04-24,call,131.0,0.31,7.0,0.33,23.0,0.32,0.31,4.0,0.2646,0.1264,0.04,-0.0612,0.0406,0.0038,2026-04-15,124.46,125.07,123.22,124.74,656852.0,124.383068
2026-04-15T20:36:59.217,7,9,WMT260424C00132000,WMT,2026-04-24,call,132.0,0.18,41.0,0.21,317.0,0.195,0.21,1.0,0.257,0.0858,0.0311,-0.0448,0.0307,0.0026,2026-04-15,124.46,125.07,123.22,124.74,656852.0,124.383068
2026-04-15T20:36:59.217,7,9,WMT260424C00133000,WMT,2026-04-24,call,133.0,0.12,608.0,0.18,52.0,0.15,0.15,1.0,0.2659,0.0667,0.0249,-0.0383,0.0253,0.002,2026-04-15,124.46,125.07,123.22,124.74,656852.0,124.383068
2026-04-15T20:36:59.217,7,9,WMT260424C00134000,WMT,2026-04-24,call,134.0,0.03,332.0,0.27,891.0,0.15000000000000002,0.1,3.0,0.2899,0.0621,0.0216,-0.0393,0.024,0.0019,2026-04-15,124.46,125.07,123.22,124.74,656852.0,124.383068
2026-04-15T20:36:59.217,7,9,WMT260424C00135000,WMT,2026-04-24,call,135.0,0.04,160.0,0.13,619.0,0.085,0.07,5.0,0.2802,0.0391,0.0154,-0.0263,0.0166,0.0012,2026-04-15,124.46,125.07,123.22,124.74,656852.0,124.383068
2026-04-15T20:36:59.217,7,9,WMT260424C00136000,WMT,2026-04-24,call,136.0,0.03,178.0,0.42,920.0,0.22499999999999998,0.05,6.0,0.367,0.072,0.0191,-0.0557,0.0269,0.0022,2026-04-15,124.46,125.07,123.22,124.74,656852.0,124.383068
2026-04-15T20:36:59.217,7,9,WMT260424C00137000,WMT,2026-04-24,call,137.0,0.04,41.0,0.14,500.0,0.09000000000000001,0.1,1.0,0.3255,0.0362,0.0125,-0.0285,0.0155,0.0011,2026-04-15,124.46,125.07,123.22,124.74,656852.0,124.383068
2026-04-15T20:36:59.217,7,9,WMT260424C00138000,WMT,2026-04-24,call,138.0,0.0,0.0,0.13,78.0,0.065,0.1,1.0,,,,,,,2026-04-15,124.46,125.07,123.22,124.74,656852.0,124.383068
2026-04-15T20:36:59.217,7,9,WMT260424C00139000,WMT,2026-04-24,call,139.0,0.01,183.0,0.1,515.0,0.055,0.02,5.0,0.3381,0.0227,0.0081,-0.0201,0.0105,0.0007,2026-04-15,124.46,125.07,123.22,124.74,656852.0,124.383068
2026-04-15T20:36:59.217,7,9,WMT260424C00140000,WMT,2026-04-24,call,140.0,0.0,0.0,0.73,606.0,0.365,0.03,1.0,,,,,,,2026-04-15,124.46,125.07,123.22,124.74,656852.0,124.383068
2026-04-15T20:36:59.217,7,9,WMT260424C00141000,WMT,2026-04-24,call,141.0,0.0,0.0,1.97,8.0,0.985,0.1,7.0,,,,,,,2026-04-15,124.46,125.07,123.22,124.74,656852.0,124.383068
2026-04-15T20:36:59.217,7,9,WMT260424C00142000,WMT,2026-04-24,call,142.0,0.0,0.0,2.18,21.0,1.09,0.35,1.0,,,,,,,2026-04-15,124.46,125.07,123.22,124.74,656852.0,124.383068
2026-04-15T20:36:59.217,7,9,WMT260424C00145000,WMT,2026-04-24,call,145.0,0.0,0.0,2.15,75.0,1.075,0.01,3.0,,,,,,,2026-04-15,124.46,125.07,123.22,124.74,656852.0,124.383068
2026-04-15T20:36:59.217,7,9,WMT260424C00150000,WMT,2026-04-24,call,150.0,0.0,0.0,1.57,9.0,0.785,0.24,2.0,,,,,,,2026-04-15,124.46,125.07,123.22,124.74,656852.0,124.383068
2026-04-15T20:36:59.217,7,9,WMT260424C00155000,WMT,2026-04-24,call,155.0,0.0,0.0,2.1,105.0,1.05,,,,,,,,,2026-04-15,124.46,125.07,123.22,124.74,656852.0,124.383068
2026-04-15T20:36:59.217,7,9,WMT260424C00160000,WMT,2026-04-24,call,160.0,0.0,0.0,2.15,260.0,1.075,0.03,1.0,,,,,,,2026-04-15,124.46,125.07,123.22,124.74,656852.0,124.383068
2026-04-15T20:36:59.217,7,9,WMT260424C00165000,WMT,2026-04-24,call,165.0,0.0,0.0,1.45,282.0,0.725,0.14,1.0,,,,,,,2026-04-15,124.46,125.07,123.22,124.74,656852.0,124.383068
2026-04-15T20:36:59.217,7,9,WMT260424P00065000,WMT,2026-04-24,put,65.0,0.0,0.0,0.03,498.0,0.015,0.01,1.0,,,,,,,2026-04-15,124.46,125.07,123.22,124.74,656852.0,124.383068
2026-04-15T20:36:59.217,7,9,WMT260424P00070000,WMT,2026-04-24,put,70.0,0.0,0.0,2.11,11.0,1.055,,,,,,,,,2026-04-15,124.46,125.07,123.22,124.74,656852.0,124.383068
2026-04-15T20:36:59.217,7,9,WMT260424P00075000,WMT,2026-04-24,put,75.0,0.0,0.0,2.15,16.0,1.075,,,,,,,,,2026-04-15,124.46,125.07,123.22,124.74,656852.0,124.383068
2026-04-15T20:36:59.217,7,9,WMT260424P00080000,WMT,2026-04-24,put,80.0,0.0,0.0,2.1,36.0,1.05,0.23,1.0,,,,,,,2026-04-15,124.46,125.07,123.22,124.74,656852.0,124.383068
2026-04-15T20:36:59.217,7,9,WMT260424P00085000,WMT,2026-04-24,put,85.0,0.0,0.0,0.05,10.0,0.025,0.03,10.0,,,,,,,2026-04-15,124.46,125.07,123.22,124.74,656852.0,124.383068
2026-04-15T20:36:59.217,7,9,WMT260424P00090000,WMT,2026-04-24,put,90.0,0.0,0.0,0.02,10.0,0.01,0.02,3.0,,,,,,,2026-04-15,124.46,125.07,123.22,124.74,656852.0,124.383068
2026-04-15T20:36:59.217,7,9,WMT260424P00095000,WMT,2026-04-24,put,95.0,0.03,1.0,0.07,293.0,0.05,0.09,1.0,0.7614,-0.0096,0.0017,-0.0211,0.005,-0.0003,2026-04-15,124.46,125.07,123.22,124.74,656852.0,124.383068
2026-04-15T20:36:59.217,7,9,WMT260424P00100000,WMT,2026-04-24,put,100.0,0.0,0.0,0.02,631.0,0.01,0.01,2.0,,,,,,,2026-04-15,124.46,125.07,123.22,124.74,656852.0,124.383068
2026-04-15T20:36:59.217,7,9,WMT260424P00105000,WMT,2026-04-24,put,105.0,0.0,0.0,0.19,437.0,0.095,0.07,2.0,,,,,,,2026-04-15,124.46,125.07,123.22,124.74,656852.0,124.383068
2026-04-15T20:36:59.217,7,9,WMT260424P00108000,WMT,2026-04-24,put,108.0,0.0,0.0,0.2,622.0,0.1,0.05,1.0,,,,,,,2026-04-15,124.46,125.07,123.22,124.74,656852.0,124.383068
2026-04-15T20:36:59.217,7,9,WMT260424P00109000,WMT,2026-04-24,put,109.0,0.0,0.0,0.09,977.0,0.045,0.06,1.0,,,,,,,2026-04-15,124.46,125.07,123.22,124.74,656852.0,124.383068
2026-04-15T20:36:59.217,7,9,WMT260424P00110000,WMT,2026-04-24,put,110.0,0.03,3.0,0.1,50.0,0.065,0.07,1.0,0.4045,-0.0217,0.0065,-0.0225,0.0101,-0.0007,2026-04-15,124.46,125.07,123.22,124.74,656852.0,124.383068
2026-04-15T20:36:59.217,7,9,WMT260424P00111000,WMT,2026-04-24,put,111.0,0.0,0.0,0.15,309.0,0.075,0.09,1.0,,,,,,,2026-04-15,124.46,125.07,123.22,124.74,656852.0,124.383068
2026-04-15T20:36:59.217,7,9,WMT260424P00112000,WMT,2026-04-24,put,112.0,0.01,104.0,0.1,488.0,0.055,0.07,1.0,0.3456,-0.0215,0.0076,-0.0191,0.0101,-0.0007,2026-04-15,124.46,125.07,123.22,124.74,656852.0,124.383068
2026-04-15T20:36:59.217,7,9,WMT260424P00113000,WMT,2026-04-24,put,113.0,0.03,241.0,0.2,590.0,0.115,0.14,2.0,0.3655,-0.0391,0.0118,-0.0331,0.0166,-0.0012,2026-04-15,124.46,125.07,123.22,124.74,656852.0,124.383068
2026-04-15T20:36:59.217,7,9,WMT260424P00114000,WMT,2026-04-24,put,114.0,0.12,3.0,0.18,638.0,0.15,0.13,1.0,0.3573,-0.0502,0.0148,-0.0396,0.0203,-0.0016,2026-04-15,124.46,125.07,123.22,124.74,656852.0,124.383068
2026-04-15T20:36:59.217,7,9,WMT260424P00115000,WMT,2026-04-24,put,115.0,0.13,475.0,0.18,96.0,0.155,0.16,1.0,0.3318,-0.0551,0.0171,-0.0395,0.0218,-0.0017,2026-04-15,124.46,125.07,123.22,124.74,656852.0,124.383068
2026-04-15T20:36:59.217,7,9,WMT260424P00116000,WMT,2026-04-24,put,116.0,0.17,565.0,0.37,614.0,0.27,0.19,1.0,0.3465,-0.0849,0.0229,-0.0575,0.0304,-0.0027,2026-04-15,124.46,125.07,123.22,124.74,656852.0,124.383068
2026-04-15T20:36:59.217,7,9,WMT260424P00117000,WMT,2026-04-24,put,117.0,0.21,411.0,0.33,547.0,0.27,0.26,1.0,0.3156,-0.0919,0.0267,-0.0555,0.0323,-0.0029,2026-04-15,124.46,125.07,123.22,124.74,656852.0,124.383068
2026-04-15T20:36:59.217,7,9,WMT260424P00118000,WMT,2026-04-24,put,118.0,0.25,475.0,0.36,23.0,0.305,0.31,1.0,0.2943,-0.1079,0.0322,-0.058,0.0363,-0.0034,2026-04-15,124.46,125.07,123.22,124.74,656852.0,124.383068
2026-04-15T20:36:59.217,7,9,WMT260424P00119000,WMT,2026-04-24,put,119.0,0.42,114.0,0.49,131.0,0.45499999999999996,0.42,1.0,0.2974,-0.1481,0.0397,-0.0729,0.0453,-0.0047,2026-04-15,124.46,125.07,123.22,124.74,656852.0,124.383068
2026-04-15T20:36:59.217,7,9,WMT260424P00120000,WMT,2026-04-24,put,120.0,0.51,133.0,0.73,576.0,0.62,0.57,1.0,0.2942,-0.191,0.0473,-0.0847,0.0533,-0.006,2026-04-15,124.46,125.07,123.22,124.74,656852.0,124.383068
2026-04-15T20:36:59.217,7,9,WMT260424P00121000,WMT,2026-04-24,put,121.0,0.67,94.0,0.95,609.0,0.81,0.76,1.0,0.2876,-0.239,0.0551,-0.094,0.0607,-0.0075,2026-04-15,124.46,125.07,123.22,124.74,656852.0,124.383068
2026-04-15T20:36:59.217,7,9,WMT260424P00122000,WMT,2026-04-24,put,122.0,0.9,191.0,1.1,310.0,1.0,1.0,2.0,0.2738,-0.2906,0.0639,-0.0983,0.0671,-0.0092,2026-04-15,124.46,125.07,123.22,124.74,656852.0,124.383068
2026-04-15T20:36:59.217,7,9,WMT260424P00123000,WMT,2026-04-24,put,123.0,1.25,7.0,1.52,149.0,1.385,1.29,1.0,0.28,-0.3614,0.0683,-0.1095,0.0734,-0.0115,2026-04-15,124.46,125.07,123.22,124.74,656852.0,124.383068
2026-04-15T20:36:59.217,7,9,WMT260424P00124000,WMT,2026-04-24,put,124.0,1.61,13.0,1.76,111.0,1.685,1.59,10.0,0.2653,-0.4295,0.0756,-0.1078,0.0769,-0.0136,2026-04-15,124.46,125.07,123.22,124.74,656852.0,124.383068
2026-04-15T20:36:59.217,7,9,WMT260424P00125000,WMT,2026-04-24,put,125.0,2.02,83.0,2.16,108.0,2.09,2.02,1.0,0.2552,-0.5069,0.0798,-0.1042,0.0781,-0.0161,2026-04-15,124.46,125.07,123.22,124.74,656852.0,124.383068
2026-04-15T20:36:59.217,7,9,WMT260424P00126000,WMT,2026-04-24,put,126.0,2.58,163.0,2.7,159.0,2.64,2.53,1.0,0.2537,-0.5862,0.0784,-0.0999,0.0763,-0.0187,2026-04-15,124.46,125.07,123.22,124.74,656852.0,124.383068
2026-04-15T20:36:59.217,7,9,WMT260424P00127000,WMT,2026-04-24,put,127.0,3.08,345.0,3.59,417.0,3.335,3.95,1.0,0.2615,-0.6563,0.0718,-0.0961,0.072,-0.021,2026-04-15,124.46,125.07,123.22,124.74,656852.0,124.383068
2026-04-15T20:36:59.217,7,9,WMT260424P00128000,WMT,2026-04-24,put,128.0,3.66,294.0,4.33,48.0,3.995,4.79,1.0,0.2547,-0.7292,0.0664,-0.0822,0.0648,-0.0234,2026-04-15,124.46,125.07,123.22,124.74,656852.0,124.383068
2026-04-15T20:36:59.217,7,9,WMT260424P00129000,WMT,2026-04-24,put,129.0,4.34,737.0,5.24,724.0,4.79,4.9,1.0,0.2589,-0.7857,0.0575,-0.0718,0.0571,-0.0253,2026-04-15,124.46,125.07,123.22,124.74,656852.0,124.383068
2026-04-15T20:36:59.217,7,9,WMT260424P00130000,WMT,2026-04-24,put,130.0,5.08,436.0,6.44,23.0,5.76,5.75,1.0,0.288,-0.81,0.0481,-0.0743,0.0531,-0.0263,2026-04-15,124.46,125.07,123.22,124.74,656852.0,124.383068
2026-04-15T20:36:59.217,7,9,WMT260424P00131000,WMT,2026-04-24,put,131.0,5.98,415.0,6.98,37.0,6.48,6.65,1.0,0.2592,-0.8787,0.0397,-0.0452,0.0395,-0.0286,2026-04-15,124.46,125.07,123.22,124.74,656852.0,124.383068
2026-04-15T20:36:59.217,7,9,WMT260424P00132000,WMT,2026-04-24,put,132.0,7.0,127.0,7.65,17.0,7.325,5.8,1.0,0.2392,-0.9294,0.0288,-0.0228,0.0265,-0.0304,2026-04-15,124.46,125.07,123.22,124.74,656852.0,124.383068
2026-04-15T20:36:59.217,7,9,WMT260424P00133000,WMT,2026-04-24,put,133.0,7.82,124.0,8.97,14.0,8.395,6.7,1.0,0.2893,-0.9155,0.0273,-0.0364,0.0303,-0.0302,2026-04-15,124.46,125.07,123.22,124.74,656852.0,124.383068
2026-04-15T20:36:59.217,7,9,WMT260424P00134000,WMT,2026-04-24,put,134.0,8.66,118.0,10.49,15.0,9.575,11.01,1.0,0.3684,-0.8847,0.027,-0.0659,0.0381,-0.0296,2026-04-15,124.46,125.07,123.22,124.74,656852.0,124.383068
2026-04-15T20:36:59.217,7,9,WMT260424P00135000,WMT,2026-04-24,put,135.0,9.62,122.0,11.2,15.0,10.41,10.85,1.0,0.3452,-0.9222,0.0215,-0.042,0.0285,-0.0309,2026-04-15,124.46,125.07,123.22,124.74,656852.0,124.383068
2026-04-15T20:36:59.217,7,9,WMT260424P00136000,WMT,2026-04-24,put,136.0,10.68,107.0,12.39,16.0,11.535,9.28,1.0,0.4108,-0.9029,0.0213,-0.0643,0.0336,-0.0306,2026-04-15,124.46,125.07,123.22,124.74,656852.0,124.383068
2026-04-15T20:36:59.217,7,9,WMT260424P00137000,WMT,2026-04-24,put,137.0,11.16,129.0,13.44,9.0,12.3,10.35,1.0,0.3453,-0.9546,0.0141,-0.0227,0.0187,-0.0324,2026-04-15,124.46,125.07,123.22,124.74,656852.0,124.383068
2026-04-15T20:36:59.217,7,9,WMT260424P00138000,WMT,2026-04-24,put,138.0,12.61,125.0,14.45,9.0,13.53,11.31,1.0,0.4601,-0.9122,0.0177,-0.067,0.0312,-0.0314,2026-04-15,124.46,125.07,123.22,124.74,656852.0,124.383068
2026-04-15T20:36:59.217,7,9,WMT260424P00139000,WMT,2026-04-24,put,139.0,13.1,122.0,15.46,14.0,14.280000000000001,,,0.3767,-0.9633,0.0109,-0.0194,0.0157,-0.0331,2026-04-15,124.46,125.07,123.22,124.74,656852.0,124.383068
2026-04-15T20:36:59.217,7,9,WMT260424P00140000,WMT,2026-04-24,put,140.0,14.59,105.0,16.0,16.0,15.295,13.31,1.0,0.407,-0.9612,0.0106,-0.0237,0.0165,-0.0333,2026-04-15,124.46,125.07,123.22,124.74,656852.0,124.383068
2026-04-15T20:36:59.217,7,9,WMT260424P00141000,WMT,2026-04-24,put,141.0,15.34,155.0,18.15,6.0,16.744999999999997,,,0.5993,-0.8941,0.0156,-0.1064,0.0358,-0.0316,2026-04-15,124.46,125.07,123.22,124.74,656852.0,124.383068
2026-04-15T20:36:59.217,7,9,WMT260424P00142000,WMT,2026-04-24,put,142.0,16.32,154.0,18.42,10.0,17.37,,,0.4902,-0.9492,0.0109,-0.042,0.0204,-0.0335,2026-04-15,124.46,125.07,123.22,124.74,656852.0,124.383068
2026-04-15T20:36:59.217,7,9,WMT260424P00145000,WMT,2026-04-24,put,145.0,19.38,150.0,21.05,7.0,20.215,,,0.4357,-0.9845,0.0046,-0.0041,0.0076,-0.0353,2026-04-15,124.46,125.07,123.22,124.74,656852.0,124.383068
2026-04-15T20:36:59.217,7,9,WMT260424P00150000,WMT,2026-04-24,put,150.0,24.01,154.0,26.63,12.0,25.32,,,0.6227,-0.9664,0.0061,-0.0359,0.0146,-0.036,2026-04-15,124.46,125.07,123.22,124.74,656852.0,124.383068
2026-04-15T20:36:59.217,7,9,WMT260424P00155000,WMT,2026-04-24,put,155.0,29.24,122.0,31.44,14.0,30.34,,,0.7296,-0.9666,0.0052,-0.0438,0.0145,-0.0372,2026-04-15,124.46,125.07,123.22,124.74,656852.0,124.383068
2026-04-15T20:36:59.217,7,9,WMT260424P00160000,WMT,2026-04-24,put,160.0,33.91,422.0,35.76,16.0,34.834999999999994,36.3,7.0,,,,,,,2026-04-15,124.46,125.07,123.22,124.74,656852.0,124.383068
2026-04-15T20:36:59.217,7,9,WMT260424P00165000,WMT,2026-04-24,put,165.0,39.05,127.0,40.97,15.0,40.01,,,,,,,,,2026-04-15,124.46,125.07,123.22,124.74,656852.0,124.383068
2026-04-15T20:36:59.217,14,16,WMT260501C00065000,WMT,2026-05-01,call,65.0,57.28,157.0,60.11,11.0,58.695,58.58,5.0,,,,,,,2026-04-15,124.46,125.07,123.22,124.74,656852.0,124.383068
2026-04-15T20:36:59.217,14,16,WMT260501C00070000,WMT,2026-05-01,call,70.0,52.48,142.0,56.19,7.0,54.334999999999994,,,,,,,,,2026-04-15,124.46,125.07,123.22,124.74,656852.0,124.383068
2026-04-15T20:36:59.217,14,16,WMT260501C00075000,WMT,2026-05-01,call,75.0,48.83,140.0,49.88,7.0,49.355000000000004,,,,,,,,,2026-04-15,124.46,125.07,123.22,124.74,656852.0,124.383068
2026-04-15T20:36:59.217,14,16,WMT260501C00080000,WMT,2026-05-01,call,80.0,42.66,156.0,45.33,4.0,43.995,,,,,,,,,2026-04-15,124.46,125.07,123.22,124.74,656852.0,124.383068
2026-04-15T20:36:59.217,14,16,WMT260501C00085000,WMT,2026-05-01,call,85.0,38.39,152.0,40.41,4.0,39.4,41.52,1.0,,,,,,,2026-04-15,124.46,125.07,123.22,124.74,656852.0,124.383068
2026-04-15T20:36:59.217,14,16,WMT260501C00090000,WMT,2026-05-01,call,90.0,32.87,118.0,35.29,16.0,34.08,34.42,3.0,,,,,,,2026-04-15,124.46,125.07,123.22,124.74,656852.0,124.383068
2026-04-15T20:36:59.217,14,16,WMT260501C00095000,WMT,2026-05-01,call,95.0,28.45,130.0,30.87,14.0,29.66,29.35,3.0,,,,,,,2026-04-15,124.46,125.07,123.22,124.74,656852.0,124.383068
2026-04-15T20:36:59.217,14,16,WMT260501C00100000,WMT,2026-05-01,call,100.0,24.5,122.0,26.4,16.0,25.45,24.48,2.0,0.7413,0.9345,0.0066,-0.0863,0.0333,0.0399,2026-04-15,124.46,125.07,123.22,124.74,656852.0,124.383068
2026-04-15T20:36:59.217,14,16,WMT260501C00105000,WMT,2026-05-01,call,105.0,19.71,131.0,20.71,53.0,20.21,18.54,3.0,0.5374,0.9451,0.0079,-0.0585,0.029,0.0428,2026-04-15,124.46,125.07,123.22,124.74,656852.0,124.383068
2026-04-15T20:36:59.217,14,16,WMT260501C00108000,WMT,2026-05-01,call,108.0,15.75,310.0,17.93,77.0,16.84,15.6,3.0,,,,,,,2026-04-15,124.46,125.07,123.22,124.74,656852.0,124.383068
2026-04-15T20:36:59.217,14,16,WMT260501C00109000,WMT,2026-05-01,call,109.0,15.23,126.0,16.78,15.0,16.005000000000003,15.46,1.0,0.3636,0.9661,0.0079,-0.0328,0.0196,0.0458,2026-04-15,124.46,125.07,123.22,124.74,656852.0,124.383068
2026-04-15T20:36:59.217,14,16,WMT260501C00110000,WMT,2026-05-01,call,110.0,14.27,106.0,15.85,15.0,15.059999999999999,18.0,1.0,0.3668,0.9547,0.0099,-0.0389,0.0249,0.0456,2026-04-15,124.46,125.07,123.22,124.74,656852.0,124.383068
2026-04-15T20:36:59.217,14,16,WMT260501C00111000,WMT,2026-05-01,call,111.0,13.01,122.0,15.04,15.0,14.024999999999999,13.62,1.0,0.3306,0.959,0.0102,-0.0343,0.0229,0.0463,2026-04-15,124.46,125.07,123.22,124.74,656852.0,124.383068
2026-04-15T20:36:59.217,14,16,WMT260501C00112000,WMT,2026-05-01,call,112.0,11.86,105.0,13.54,19.0,12.7,15.46,1.0,,,,,,,2026-04-15,124.46,125.07,123.22,124.74,656852.0,124.383068
2026-04-15T20:36:59.217,14,16,WMT260501C00113000,WMT,2026-05-01,call,113.0,11.2,179.0,13.3,45.0,12.25,12.85,1.0,0.3565,0.916,0.0166,-0.0551,0.0403,0.0447,2026-04-15,124.46,125.07,123.22,124.74,656852.0,124.383068
2026-04-15T20:36:59.217,14,16,WMT260501C00114000,WMT,2026-05-01,call,114.0,10.16,131.0,12.04,31.0,11.1,11.29,1.0,0.2922,0.9361,0.0164,-0.0404,0.0327,0.0463,2026-04-15,124.46,125.07,123.22,124.74,656852.0,124.383068
2026-04-15T20:36:59.217,14,16,WMT260501C00115000,WMT,2026-05-01,call,115.0,9.53,451.0,11.31,88.0,10.42,10.55,4.0,0.3434,0.8819,0.0221,-0.0654,0.0516,0.0436,2026-04-15,124.46,125.07,123.22,124.74,656852.0,124.383068
2026-04-15T20:36:59.217,14,16,WMT260501C00116000,WMT,2026-05-01,call,116.0,8.44,300.0,10.0,21.0,9.219999999999999,7.78,1.0,0.2768,0.9039,0.0236,-0.0489,0.0445,0.0454,2026-04-15,124.46,125.07,123.22,124.74,656852.0,124.383068
2026-04-15T20:36:59.217,14,16,WMT260501C00117000,WMT,2026-05-01,call,117.0,7.58,333.0,9.38,36.0,8.48,7.2,4.0,0.3014,0.8571,0.0287,-0.0654,0.0589,0.0431,2026-04-15,124.46,125.07,123.22,124.74,656852.0,124.383068
2026-04-15T20:36:59.217,14,16,WMT260501C00118000,WMT,2026-05-01,call,118.0,6.53,492.0,8.23,37.0,7.380000000000001,6.72,1.0,0.2576,0.8601,0.0331,-0.0568,0.0581,0.0438,2026-04-15,124.46,125.07,123.22,124.74,656852.0,124.383068
2026-04-15T20:36:59.217,14,16,WMT260501C00119000,WMT,2026-05-01,call,119.0,6.23,538.0,7.53,23.0,6.880000000000001,6.8,1.0,0.3028,0.7867,0.0368,-0.081,0.0759,0.04,2026-04-15,124.46,125.07,123.22,124.74,656852.0,124.383068
2026-04-15T20:36:59.217,14,16,WMT260501C00120000,WMT,2026-05-01,call,120.0,5.58,607.0,6.3,239.0,5.9399999999999995,5.93,2.0,0.2792,0.7623,0.0424,-0.0794,0.0807,0.0391,2026-04-15,124.46,125.07,123.22,124.74,656852.0,124.383068
2026-04-15T20:36:59.217,14,16,WMT260501C00121000,WMT,2026-05-01,call,121.0,4.76,664.0,5.81,529.0,5.285,5.28,1.0,0.2865,0.7119,0.0456,-0.0881,0.0891,0.0366,2026-04-15,124.46,125.07,123.22,124.74,656852.0,124.383068
2026-04-15T20:36:59.217,14,16,WMT260501C00122000,WMT,2026-05-01,call,122.0,4.33,549.0,4.62,578.0,4.475,4.55,1.0,0.2712,0.6708,0.0511,-0.088,0.0945,0.0347,2026-04-15,124.46,125.07,123.22,124.74,656852.0,124.383068
2026-04-15T20:36:59.217,14,16,WMT260501C00123000,WMT,2026-05-01,call,123.0,3.75,582.0,4.07,596.0,3.91,3.8,20.0,0.2769,0.6154,0.0529,-0.0936,0.0998,0.0319,2026-04-15,124.46,125.07,123.22,124.74,656852.0,124.383068
2026-04-15T20:36:59.217,14,16,WMT260501C00124000,WMT,2026-05-01,call,124.0,3.12,94.0,3.4,268.0,3.26,3.3,1.0,0.2686,0.5623,0.0562,-0.0931,0.1029,0.0293,2026-04-15,124.46,125.07,123.22,124.74,656852.0,124.383068
2026-04-15T20:36:59.217,14,16,WMT260501C00125000,WMT,2026-05-01,call,125.0,2.53,360.0,2.82,586.0,2.675,2.8,2.0,0.2615,0.5051,0.0584,-0.0912,0.1041,0.0264,2026-04-15,124.46,125.07,123.22,124.74,656852.0,124.383068
2026-04-15T20:36:59.217,14,16,WMT260501C00126000,WMT,2026-05-01,call,126.0,2.11,615.0,2.26,184.0,2.1849999999999996,2.18,8.0,0.258,0.4462,0.0587,-0.0886,0.1032,0.0234,2026-04-15,124.46,125.07,123.22,124.74,656852.0,124.383068
2026-04-15T20:36:59.217,14,16,WMT260501C00127000,WMT,2026-05-01,call,127.0,1.61,717.0,1.89,751.0,1.75,1.79,1.0,0.2541,0.3871,0.0577,-0.084,0.1,0.0204,2026-04-15,124.46,125.07,123.22,124.74,656852.0,124.383068
2026-04-15T20:36:59.217,14,16,WMT260501C00128000,WMT,2026-05-01,call,128.0,1.38,5.0,1.48,517.0,1.43,1.42,1.0,0.2561,0.3334,0.0544,-0.08,0.0949,0.0176,2026-04-15,124.46,125.07,123.22,124.74,656852.0,124.383068
2026-04-15T20:36:59.217,14,16,WMT260501C00129000,WMT,2026-05-01,call,129.0,0.96,533.0,1.23,204.0,1.095,1.18,1.0,0.2508,0.278,0.0512,-0.072,0.0876,0.0147,2026-04-15,124.46,125.07,123.22,124.74,656852.0,124.383068
2026-04-15T20:36:59.217,14,16,WMT260501C00130000,WMT,2026-05-01,call,130.0,0.86,38.0,0.91,542.0,0.885,0.86,5.0,0.2542,0.2341,0.0462,-0.0664,0.0801,0.0124,2026-04-15,124.46,125.07,123.22,124.74,656852.0,124.383068
2026-04-15T20:36:59.217,14,16,WMT260501C00131000,WMT,2026-05-01,call,131.0,0.59,324.0,0.78,568.0,0.685,0.65,1.0,0.2538,0.192,0.0412,-0.0589,0.0713,0.0102,2026-04-15,124.46,125.07,123.22,124.74,656852.0,124.383068
2026-04-15T20:36:59.217,14,16,WMT260501C00132000,WMT,2026-05-01,call,132.0,0.3,731.0,0.58,462.0,0.43999999999999995,0.47,1.0,0.2397,0.1409,0.0357,-0.0454,0.0584,0.0075,2026-04-15,124.46,125.07,123.22,124.74,656852.0,124.383068
2026-04-15T20:36:59.217,14,16,WMT260501C00133000,WMT,2026-05-01,call,133.0,0.36,112.0,0.42,273.0,0.39,0.37,38.0,0.2524,0.1225,0.0308,-0.0433,0.053,0.0065,2026-04-15,124.46,125.07,123.22,124.74,656852.0,124.383068
2026-04-15T20:36:59.217,14,16,WMT260501C00134000,WMT,2026-05-01,call,134.0,0.22,180.0,0.35,174.0,0.285,0.28,3.0,0.2511,0.0948,0.0258,-0.0357,0.0441,0.0051,2026-04-15,124.46,125.07,123.22,124.74,656852.0,124.383068
2026-04-15T20:36:59.217,14,16,WMT260501C00135000,WMT,2026-05-01,call,135.0,0.19,530.0,0.23,251.0,0.21000000000000002,0.22,3.0,0.2513,0.0733,0.0212,-0.0294,0.0363,0.0039,2026-04-15,124.46,125.07,123.22,124.74,656852.0,124.383068
2026-04-15T20:36:59.217,14,16,WMT260501C00136000,WMT,2026-05-01,call,136.0,0.1,525.0,0.36,377.0,0.22999999999999998,0.11,10.0,0.2749,0.0735,0.0194,-0.0321,0.0364,0.0039,2026-04-15,124.46,125.07,123.22,124.74,656852.0,124.383068
2026-04-15T20:36:59.217,14,16,WMT260501C00137000,WMT,2026-05-01,call,137.0,0.13,2.0,0.3,309.0,0.215,0.1,1.0,0.2884,0.0667,0.0172,-0.0312,0.0338,0.0035,2026-04-15,124.46,125.07,123.22,124.74,656852.0,124.383068
2026-04-15T20:36:59.217,14,16,WMT260501C00138000,WMT,2026-05-01,call,138.0,0.0,0.0,0.71,10.0,0.355,0.29,3.0,,,,,,,2026-04-15,124.46,125.07,123.22,124.74,656852.0,124.383068
2026-04-15T20:36:59.217,14,16,WMT260501C00139000,WMT,2026-05-01,call,139.0,0.0,0.0,0.63,53.0,0.315,,,,,,,,,2026-04-15,124.46,125.07,123.22,124.74,656852.0,124.383068
2026-04-15T20:36:59.217,14,16,WMT260501C00140000,WMT,2026-05-01,call,140.0,0.03,112.0,0.23,545.0,0.13,0.09,3.0,0.3075,0.0409,0.0109,-0.0225,0.0229,0.0022,2026-04-15,124.46,125.07,123.22,124.74,656852.0,124.383068
2026-04-15T20:36:59.217,14,16,WMT260501C00145000,WMT,2026-05-01,call,145.0,0.0,0.0,0.13,299.0,0.065,0.08,3.0,,,,,,,2026-04-15,124.46,125.07,123.22,124.74,656852.0,124.383068
2026-04-15T20:36:59.217,14,16,WMT260501C00150000,WMT,2026-05-01,call,150.0,0.0,0.0,0.77,14.0,0.385,,,,,,,,,2026-04-15,124.46,125.07,123.22,124.74,656852.0,124.383068
2026-04-15T20:36:59.217,14,16,WMT260501C00155000,WMT,2026-05-01,call,155.0,0.0,0.0,0.85,12.0,0.425,,,,,,,,,2026-04-15,124.46,125.07,123.22,124.74,656852.0,124.383068
2026-04-15T20:36:59.217,14,16,WMT260501C00160000,WMT,2026-05-01,call,160.0,0.0,0.0,0.85,13.0,0.425,,,,,,,,,2026-04-15,124.46,125.07,123.22,124.74,656852.0,124.383068
2026-04-15T20:36:59.217,14,16,WMT260501C00165000,WMT,2026-05-01,call,165.0,0.0,0.0,0.44,12.0,0.22,,,,,,,,,2026-04-15,124.46,125.07,123.22,124.74,656852.0,124.383068
2026-04-15T20:36:59.217,14,16,WMT260501P00065000,WMT,2026-05-01,put,65.0,0.0,0.0,2.15,9.0,1.075,,,,,,,,,2026-04-15,124.46,125.07,123.22,124.74,656852.0,124.383068
2026-04-15T20:36:59.217,14,16,WMT260501P00070000,WMT,2026-05-01,put,70.0,0.0,0.0,2.15,9.0,1.075,,,,,,,,,2026-04-15,124.46,125.07,123.22,124.74,656852.0,124.383068
2026-04-15T20:36:59.217,14,16,WMT260501P00075000,WMT,2026-05-01,put,75.0,0.0,0.0,2.1,8.0,1.05,,,,,,,,,2026-04-15,124.46,125.07,123.22,124.74,656852.0,124.383068
2026-04-15T20:36:59.217,14,16,WMT260501P00080000,WMT,2026-05-01,put,80.0,0.0,0.0,2.15,17.0,1.075,,,,,,,,,2026-04-15,124.46,125.07,123.22,124.74,656852.0,124.383068
2026-04-15T20:36:59.217,14,16,WMT260501P00085000,WMT,2026-05-01,put,85.0,0.0,0.0,0.01,10.0,0.005,0.04,3.0,,,,,,,2026-04-15,124.46,125.07,123.22,124.74,656852.0,124.383068
2026-04-15T20:36:59.217,14,16,WMT260501P00090000,WMT,2026-05-01,put,90.0,0.0,0.0,2.16,88.0,1.08,0.15,5.0,,,,,,,2026-04-15,124.46,125.07,123.22,124.74,656852.0,124.383068
2026-04-15T20:36:59.217,14,16,WMT260501P00095000,WMT,2026-05-01,put,95.0,0.0,0.0,0.23,678.0,0.115,0.05,20.0,,,,,,,2026-04-15,124.46,125.07,123.22,124.74,656852.0,124.383068
2026-04-15T20:36:59.217,14,16,WMT260501P00100000,WMT,2026-05-01,put,100.0,0.0,0.0,0.09,732.0,0.045,0.04,1.0,,,,,,,2026-04-15,124.46,125.07,123.22,124.74,656852.0,124.383068
2026-04-15T20:36:59.217,14,16,WMT260501P00105000,WMT,2026-05-01,put,105.0,0.03,105.0,0.08,1003.0,0.055,0.12,59.0,0.3888,-0.0149,0.0037,-0.0117,0.0098,-0.0008,2026-04-15,124.46,125.07,123.22,124.74,656852.0,124.383068
2026-04-15T20:36:59.217,14,16,WMT260501P00108000,WMT,2026-05-01,put,108.0,0.06,841.0,0.35,618.0,0.205,0.08,2.0,0.4185,-0.0443,0.0086,-0.0314,0.0244,-0.0025,2026-04-15,124.46,125.07,123.22,124.74,656852.0,124.383068
2026-04-15T20:36:59.217,14,16,WMT260501P00109000,WMT,2026-05-01,put,109.0,0.07,478.0,0.39,1619.0,0.23,0.12,20.0,0.4064,-0.0502,0.0098,-0.0337,0.027,-0.0028,2026-04-15,124.46,125.07,123.22,124.74,656852.0,124.383068
2026-04-15T20:36:59.217,14,16,WMT260501P00110000,WMT,2026-05-01,put,110.0,0.05,489.0,0.18,732.0,0.11499999999999999,0.15,1.0,0.3356,-0.0327,0.0083,-0.0196,0.0191,-0.0018,2026-04-15,124.46,125.07,123.22,124.74,656852.0,124.383068
2026-04-15T20:36:59.217,14,16,WMT260501P00111000,WMT,2026-05-01,put,111.0,0.04,409.0,0.36,811.0,0.19999999999999998,0.19,7.0,0.3517,-0.0506,0.0113,-0.0292,0.0272,-0.0029,2026-04-15,124.46,125.07,123.22,124.74,656852.0,124.383068
2026-04-15T20:36:59.217,14,16,WMT260501P00112000,WMT,2026-05-01,put,112.0,0.18,291.0,0.27,372.0,0.225,0.51,1.0,0.3386,-0.0579,0.0131,-0.0312,0.0302,-0.0033,2026-04-15,124.46,125.07,123.22,124.74,656852.0,124.383068
2026-04-15T20:36:59.217,14,16,WMT260501P00113000,WMT,2026-05-01,put,113.0,0.24,93.0,0.33,363.0,0.28500000000000003,0.29,1.0,0.3345,-0.0715,0.0156,-0.0363,0.0356,-0.004,2026-04-15,124.46,125.07,123.22,124.74,656852.0,124.383068
2026-04-15T20:36:59.217,14,16,WMT260501P00114000,WMT,2026-05-01,put,114.0,0.29,171.0,0.32,530.0,0.305,0.35,1.0,0.3169,-0.0793,0.0179,-0.0372,0.0386,-0.0045,2026-04-15,124.46,125.07,123.22,124.74,656852.0,124.383068
2026-04-15T20:36:59.217,14,16,WMT260501P00115000,WMT,2026-05-01,put,115.0,0.3,478.0,0.42,540.0,0.36,0.36,6.0,0.3067,-0.0937,0.0209,-0.0406,0.0437,-0.0053,2026-04-15,124.46,125.07,123.22,124.74,656852.0,124.383068
2026-04-15T20:36:59.217,14,16,WMT260501P00116000,WMT,2026-05-01,put,116.0,0.39,95.0,0.54,566.0,0.465,0.48,1.0,0.3042,-0.1165,0.0247,-0.0471,0.0512,-0.0066,2026-04-15,124.46,125.07,123.22,124.74,656852.0,124.383068
2026-04-15T20:36:59.217,14,16,WMT260501P00117000,WMT,2026-05-01,put,117.0,0.49,718.0,0.76,759.0,0.625,0.55,1.0,0.3068,-0.147,0.0287,-0.0557,0.0601,-0.0083,2026-04-15,124.46,125.07,123.22,124.74,656852.0,124.383068
2026-04-15T20:36:59.217,14,16,WMT260501P00118000,WMT,2026-05-01,put,118.0,0.61,409.0,0.73,351.0,0.6699999999999999,0.66,1.0,0.2867,-0.1643,0.0331,-0.0558,0.0646,-0.0093,2026-04-15,124.46,125.07,123.22,124.74,656852.0,124.383068
2026-04-15T20:36:59.217,14,16,WMT260501P00119000,WMT,2026-05-01,put,119.0,0.74,104.0,0.83,2.0,0.7849999999999999,0.77,3.0,0.2752,-0.1925,0.0381,-0.0589,0.0714,-0.0109,2026-04-15,124.46,125.07,123.22,124.74,656852.0,124.383068
2026-04-15T20:36:59.217,14,16,WMT260501P00120000,WMT,2026-05-01,put,120.0,0.97,63.0,1.03,2.0,1.0,1.02,1.0,0.2733,-0.2333,0.0429,-0.0652,0.0799,-0.0132,2026-04-15,124.46,125.07,123.22,124.74,656852.0,124.383068
2026-04-15T20:36:59.217,14,16,WMT260501P00121000,WMT,2026-05-01,put,121.0,1.14,465.0,1.29,1.0,1.2149999999999999,1.17,3.0,0.2665,-0.2754,0.048,-0.069,0.0872,-0.0156,2026-04-15,124.46,125.07,123.22,124.74,656852.0,124.383068
2026-04-15T20:36:59.217,14,16,WMT260501P00122000,WMT,2026-05-01,put,122.0,1.45,341.0,1.62,46.0,1.5350000000000001,1.5,30.0,0.2665,-0.3267,0.0518,-0.0742,0.0942,-0.0185,2026-04-15,124.46,125.07,123.22,124.74,656852.0,124.383068
2026-04-15T20:36:59.217,14,16,WMT260501P00123000,WMT,2026-05-01,put,123.0,1.76,530.0,1.99,402.0,1.875,1.86,1.0,0.2631,-0.3798,0.0554,-0.0768,0.0994,-0.0216,2026-04-15,124.46,125.07,123.22,124.74,656852.0,124.383068
2026-04-15T20:36:59.217,14,16,WMT260501P00124000,WMT,2026-05-01,put,124.0,2.08,542.0,2.4,564.0,2.24,2.17,3.0,0.2569,-0.4359,0.0587,-0.0768,0.1028,-0.0248,2026-04-15,124.46,125.07,123.22,124.74,656852.0,124.383068
2026-04-15T20:36:59.217,14,16,WMT260501P00125000,WMT,2026-05-01,put,125.0,2.63,210.0,2.84,478.0,2.735,2.71,1.0,0.2577,-0.4951,0.0593,-0.0774,0.1041,-0.0283,2026-04-15,124.46,125.07,123.22,124.74,656852.0,124.383068
2026-04-15T20:36:59.217,14,16,WMT260501P00126000,WMT,2026-05-01,put,126.0,3.03,248.0,3.52,535.0,3.275,3.22,1.0,0.2572,-0.554,0.0589,-0.0757,0.1032,-0.0317,2026-04-15,124.46,125.07,123.22,124.74,656852.0,124.383068
2026-04-15T20:36:59.217,14,16,WMT260501P00127000,WMT,2026-05-01,put,127.0,3.66,752.0,4.03,619.0,3.845,3.75,8.0,0.2539,-0.6129,0.0577,-0.0713,0.1,-0.0352,2026-04-15,124.46,125.07,123.22,124.74,656852.0,124.383068
2026-04-15T20:36:59.217,14,16,WMT260501P00128000,WMT,2026-05-01,put,128.0,4.15,685.0,4.73,129.0,4.44,5.43,10.0,0.2471,-0.6729,0.0559,-0.0639,0.0942,-0.0387,2026-04-15,124.46,125.07,123.22,124.74,656852.0,124.383068
2026-04-15T20:36:59.217,14,16,WMT260501P00129000,WMT,2026-05-01,put,129.0,4.32,347.0,5.28,25.0,4.800000000000001,5.28,1.0,0.2046,-0.7681,0.0571,-0.0408,0.0796,-0.0441,2026-04-15,124.46,125.07,123.22,124.74,656852.0,124.383068
2026-04-15T20:36:59.217,14,16,WMT260501P00130000,WMT,2026-05-01,put,130.0,5.51,295.0,6.42,37.0,5.965,6.12,1.0,0.2528,-0.7672,0.0463,-0.0528,0.0798,-0.0446,2026-04-15,124.46,125.07,123.22,124.74,656852.0,124.383068
2026-04-15T20:36:59.217,14,16,WMT260501P00131000,WMT,2026-05-01,put,131.0,6.3,255.0,7.64,20.0,6.97,5.75,3.0,0.2802,-0.7833,0.0401,-0.0566,0.0766,-0.0459,2026-04-15,124.46,125.07,123.22,124.74,656852.0,124.383068
2026-04-15T20:36:59.217,14,16,WMT260501P00132000,WMT,2026-05-01,put,132.0,6.87,286.0,8.71,12.0,7.790000000000001,8.79,1.0,0.2807,-0.8189,0.0359,-0.0493,0.0688,-0.0482,2026-04-15,124.46,125.07,123.22,124.74,656852.0,124.383068
2026-04-15T20:36:59.217,14,16,WMT260501P00133000,WMT,2026-05-01,put,133.0,7.93,408.0,9.62,15.0,8.774999999999999,8.1,1.0,0.3024,-0.8316,0.0319,-0.0508,0.0657,-0.0493,2026-04-15,124.46,125.07,123.22,124.74,656852.0,124.383068
2026-04-15T20:36:59.217,14,16,WMT260501P00134000,WMT,2026-05-01,put,134.0,8.81,112.0,10.43,17.0,9.620000000000001,11.01,1.0,0.3,-0.8618,0.0282,-0.0422,0.0576,-0.0513,2026-04-15,124.46,125.07,123.22,124.74,656852.0,124.383068
2026-04-15T20:36:59.217,14,16,WMT260501P00135000,WMT,2026-05-01,put,135.0,9.52,106.0,11.5,15.0,10.51,10.94,1.0,0.3009,-0.8855,0.0246,-0.0354,0.0505,-0.053,2026-04-15,124.46,125.07,123.22,124.74,656852.0,124.383068
2026-04-15T20:36:59.217,14,16,WMT260501P00136000,WMT,2026-05-01,put,136.0,10.49,118.0,12.11,14.0,11.3,11.87,1.0,0.2716,-0.929,0.0191,-0.0173,0.0354,-0.0557,2026-04-15,124.46,125.07,123.22,124.74,656852.0,124.383068
2026-04-15T20:36:59.217,14,16,WMT260501P00137000,WMT,2026-05-01,put,137.0,11.06,126.0,13.44,10.0,12.25,11.83,5.0,0.2742,-0.9432,0.0159,-0.0125,0.0298,-0.0569,2026-04-15,124.46,125.07,123.22,124.74,656852.0,124.383068
2026-04-15T20:36:59.217,14,16,WMT260501P00138000,WMT,2026-05-01,put,138.0,12.13,149.0,14.84,3.0,13.485,14.31,1.0,0.3553,-0.9038,0.0184,-0.0368,0.0445,-0.0553,2026-04-15,124.46,125.07,123.22,124.74,656852.0,124.383068
2026-04-15T20:36:59.217,14,16,WMT260501P00139000,WMT,2026-05-01,put,139.0,13.08,118.0,15.43,16.0,14.254999999999999,,,0.3104,-0.9467,0.0134,-0.0142,0.0283,-0.058,2026-04-15,124.46,125.07,123.22,124.74,656852.0,124.383068
2026-04-15T20:36:59.217,14,16,WMT260501P00140000,WMT,2026-05-01,put,140.0,14.33,155.0,16.74,5.0,15.535,11.33,1.0,0.4046,-0.904,0.0161,-0.0433,0.0445,-0.0562,2026-04-15,124.46,125.07,123.22,124.74,656852.0,124.383068
2026-04-15T20:36:59.217,14,16,WMT260501P00145000,WMT,2026-05-01,put,145.0,19.13,106.0,20.88,18.0,20.005,16.25,1.0,,,,,,,2026-04-15,124.46,125.07,123.22,124.74,656852.0,124.383068
2026-04-15T20:36:59.217,14,16,WMT260501P00150000,WMT,2026-05-01,put,150.0,24.24,153.0,26.78,6.0,25.509999999999998,,,0.5728,-0.9288,0.0091,-0.0494,0.0355,-0.062,2026-04-15,124.46,125.07,123.22,124.74,656852.0,124.383068
2026-04-15T20:36:59.217,14,16,WMT260501P00155000,WMT,2026-05-01,put,155.0,29.45,147.0,32.08,11.0,30.765,,,0.7201,-0.9126,0.0085,-0.0789,0.0415,-0.0634,2026-04-15,124.46,125.07,123.22,124.74,656852.0,124.383068
2026-04-15T20:36:59.217,14,16,WMT260501P00160000,WMT,2026-05-01,put,160.0,34.54,140.0,36.5,11.0,35.519999999999996,,,0.73,-0.9387,0.0064,-0.0568,0.0316,-0.0669,2026-04-15,124.46,125.07,123.22,124.74,656852.0,124.383068
2026-04-15T20:36:59.217,14,16,WMT260501P00165000,WMT,2026-05-01,put,165.0,38.83,154.0,42.14,6.0,40.485,,,0.7899,-0.9453,0.0054,-0.0555,0.0289,-0.0694,2026-04-15,124.46,125.07,123.22,124.74,656852.0,124.383068
2026-04-15T20:36:59.217,30,30,WMT260515C00047500,WMT,2026-05-15,call,47.5,74.95,105.0,80.1,106.0,77.525,67.4,1.0,,,,,,,2026-04-15,124.46,125.07,123.22,124.74,656852.0,124.383068
2026-04-15T20:36:59.217,30,30,WMT260515C00050000,WMT,2026-05-15,call,50.0,74.46,2.0,75.67,100.0,75.065,72.89,1.0,,,,,,,2026-04-15,124.46,125.07,123.22,124.74,656852.0,124.383068
2026-04-15T20:36:59.217,30,30,WMT260515C00055000,WMT,2026-05-15,call,55.0,68.63,2.0,73.16,100.0,70.895,59.07,12.0,,,,,,,2026-04-15,124.46,125.07,123.22,124.74,656852.0,124.383068
2026-04-15T20:36:59.217,30,30,WMT260515C00060000,WMT,2026-05-15,call,60.0,64.28,101.0,66.21,101.0,65.245,69.43,1.0,,,,,,,2026-04-15,124.46,125.07,123.22,124.74,656852.0,124.383068
2026-04-15T20:36:59.217,30,30,WMT260515C00065000,WMT,2026-05-15,call,65.0,57.56,101.0,62.78,101.0,60.17,61.66,6.0,,,,,,,2026-04-15,124.46,125.07,123.22,124.74,656852.0,124.383068
2026-04-15T20:36:59.217,30,30,WMT260515C00070000,WMT,2026-05-15,call,70.0,54.46,101.0,56.63,102.0,55.545,55.6,1.0,,,,,,,2026-04-15,124.46,125.07,123.22,124.74,656852.0,124.383068
2026-04-15T20:36:59.217,30,30,WMT260515C00075000,WMT,2026-05-15,call,75.0,48.25,119.0,51.06,101.0,49.655,51.74,20.0,,,,,,,2026-04-15,124.46,125.07,123.22,124.74,656852.0,124.383068
2026-04-15T20:36:59.217,30,30,WMT260515C00080000,WMT,2026-05-15,call,80.0,43.05,101.0,46.47,101.0,44.76,44.07,1.0,,,,,,,2026-04-15,124.46,125.07,123.22,124.74,656852.0,124.383068
2026-04-15T20:36:59.217,30,30,WMT260515C00085000,WMT,2026-05-15,call,85.0,37.84,440.0,41.17,321.0,39.505,41.85,2.0,,,,,,,2026-04-15,124.46,125.07,123.22,124.74,656852.0,124.383068
2026-04-15T20:36:59.217,30,30,WMT260515C00087500,WMT,2026-05-15,call,87.5,36.63,440.0,39.23,397.0,37.93,38.52,15.0,0.7562,0.9605,0.0032,-0.0467,0.0305,0.0673,2026-04-15,124.46,125.07,123.22,124.74,656852.0,124.383068
2026-04-15T20:36:59.217,30,30,WMT260515C00090000,WMT,2026-05-15,call,90.0,33.04,331.0,36.16,255.0,34.599999999999994,31.44,1.0,,,,,,,2026-04-15,124.46,125.07,123.22,124.74,656852.0,124.383068
2026-04-15T20:36:59.217,30,30,WMT260515C00092500,WMT,2026-05-15,call,92.5,31.05,105.0,34.95,149.0,33.0,31.9,8.0,0.673,0.9516,0.0042,-0.0489,0.0359,0.0704,2026-04-15,124.46,125.07,123.22,124.74,656852.0,124.383068
2026-04-15T20:36:59.217,30,30,WMT260515C00095000,WMT,2026-05-15,call,95.0,29.07,411.0,31.48,328.0,30.275,29.49,18.0,0.5533,0.9651,0.0039,-0.0344,0.0276,0.074,2026-04-15,124.46,125.07,123.22,124.74,656852.0,124.383068
2026-04-15T20:36:59.217,30,30,WMT260515C00097500,WMT,2026-05-15,call,97.5,25.82,347.0,29.37,328.0,27.595,30.0,10.0,0.4255,0.9823,0.0029,-0.0206,0.0156,0.078,2026-04-15,124.46,125.07,123.22,124.74,656852.0,124.383068
2026-04-15T20:36:59.217,30,30,WMT260515C00100000,WMT,2026-05-15,call,100.0,23.7,605.0,26.19,312.0,24.945,24.13,1.0,,,,,,,2026-04-15,124.46,125.07,123.22,124.74,656852.0,124.383068
2026-04-15T20:36:59.217,30,30,WMT260515C00105000,WMT,2026-05-15,call,105.0,18.83,633.0,21.04,570.0,19.935,19.0,5.0,,,,,,,2026-04-15,124.46,125.07,123.22,124.74,656852.0,124.383068
2026-04-15T20:36:59.217,30,30,WMT260515C00110000,WMT,2026-05-15,call,110.0,14.77,623.0,15.95,556.0,15.36,15.68,1.0,0.3067,0.9338,0.0117,-0.0337,0.046,0.0831,2026-04-15,124.46,125.07,123.22,124.74,656852.0,124.383068
2026-04-15T20:36:59.217,30,30,WMT260515C00115000,WMT,2026-05-15,call,115.0,10.38,614.0,11.42,581.0,10.9,10.43,1.0,0.2951,0.8497,0.0221,-0.0506,0.0835,0.0781,2026-04-15,124.46,125.07,123.22,124.74,656852.0,124.383068
2026-04-15T20:36:59.217,30,30,WMT260515C00120000,WMT,2026-05-15,call,120.0,6.56,343.0,6.73,585.0,6.645,6.65,2.0,0.2546,0.7271,0.0365,-0.0589,0.1188,0.0691,2026-04-15,124.46,125.07,123.22,124.74,656852.0,124.383068
2026-04-15T20:36:59.217,30,30,WMT260515C00125000,WMT,2026-05-15,call,125.0,3.48,95.0,3.63,465.0,3.5549999999999997,3.6,1.0,0.2467,0.5175,0.0452,-0.0647,0.1425,0.0501,2026-04-15,124.46,125.07,123.22,124.74,656852.0,124.383068
2026-04-15T20:36:59.217,30,30,WMT260515C00130000,WMT,2026-05-15,call,130.0,1.52,536.0,1.59,62.0,1.5550000000000002,1.59,1.0,0.2388,0.2981,0.0406,-0.0529,0.1239,0.0293,2026-04-15,124.46,125.07,123.22,124.74,656852.0,124.383068
2026-04-15T20:36:59.217,30,30,WMT260515C00135000,WMT,2026-05-15,call,135.0,0.56,152.0,0.75,731.0,0.655,0.62,2.0,0.2468,0.1483,0.0262,-0.0358,0.0827,0.0147,2026-04-15,124.46,125.07,123.22,124.74,656852.0,124.383068
2026-04-15T20:36:59.217,30,30,WMT260515C00140000,WMT,2026-05-15,call,140.0,0.17,515.0,0.29,550.0,0.22999999999999998,0.21,5.0,0.249,0.0614,0.0136,-0.0187,0.0434,0.0061,2026-04-15,124.46,125.07,123.22,124.74,656852.0,124.383068
2026-04-15T20:36:59.217,30,30,WMT260515C00145000,WMT,2026-05-15,call,145.0,0.06,198.0,0.13,528.0,0.095,0.13,1.0,0.2628,0.0272,0.0067,-0.0101,0.0224,0.0027,2026-04-15,124.46,125.07,123.22,124.74,656852.0,124.383068
2026-04-15T20:36:59.217,30,30,WMT260515C00150000,WMT,2026-05-15,call,150.0,0.06,1.0,0.12,804.0,0.09,0.05,100.0,0.3093,0.0225,0.0048,-0.0101,0.0191,0.0022,2026-04-15,124.46,125.07,123.22,124.74,656852.0,124.383068
2026-04-15T20:36:59.217,30,30,WMT260515C00155000,WMT,2026-05-15,call,155.0,0.0,0.0,0.1,630.0,0.05,0.05,2.0,,,,,,,2026-04-15,124.46,125.07,123.22,124.74,656852.0,124.383068
2026-04-15T20:36:59.217,30,30,WMT260515C00160000,WMT,2026-05-15,call,160.0,0.0,0.0,0.11,556.0,0.055,0.05,1.0,,,,,,,2026-04-15,124.46,125.07,123.22,124.74,656852.0,124.383068
2026-04-15T20:36:59.217,30,30,WMT260515C00165000,WMT,2026-05-15,call,165.0,0.0,0.0,0.1,503.0,0.05,0.02,4.0,,,,,,,2026-04-15,124.46,125.07,123.22,124.74,656852.0,124.383068
2026-04-15T20:36:59.217,30,30,WMT260515C00170000,WMT,2026-05-15,call,170.0,0.0,0.0,0.11,292.0,0.055,0.1,1.0,,,,,,,2026-04-15,124.46,125.07,123.22,124.74,656852.0,124.383068
2026-04-15T20:36:59.217,30,30,WMT260515C00175000,WMT,2026-05-15,call,175.0,0.0,0.0,0.75,322.0,0.375,0.11,1.0,,,,,,,2026-04-15,124.46,125.07,123.22,124.74,656852.0,124.383068
2026-04-15T20:36:59.217,30,30,WMT260515C00180000,WMT,2026-05-15,call,180.0,0.0,0.0,0.03,2.0,0.015,0.01,1.0,,,,,,,2026-04-15,124.46,125.07,123.22,124.74,656852.0,124.383068
2026-04-15T20:36:59.217,30,30,WMT260515C00185000,WMT,2026-05-15,call,185.0,0.0,0.0,0.32,215.0,0.16,0.02,1.0,,,,,,,2026-04-15,124.46,125.07,123.22,124.74,656852.0,124.383068
2026-04-15T20:36:59.217,30,30,WMT260515C00190000,WMT,2026-05-15,call,190.0,0.0,0.0,0.07,10.0,0.035,0.02,2.0,,,,,,,2026-04-15,124.46,125.07,123.22,124.74,656852.0,124.383068
2026-04-15T20:36:59.217,30,30,WMT260515P00047500,WMT,2026-05-15,put,47.5,0.0,0.0,2.15,260.0,1.075,0.01,1.0,,,,,,,2026-04-15,124.46,125.07,123.22,124.74,656852.0,124.383068
2026-04-15T20:36:59.217,30,30,WMT260515P00050000,WMT,2026-05-15,put,50.0,0.0,0.0,2.11,275.0,1.055,0.05,1.0,,,,,,,2026-04-15,124.46,125.07,123.22,124.74,656852.0,124.383068
2026-04-15T20:36:59.217,30,30,WMT260515P00055000,WMT,2026-05-15,put,55.0,0.0,0.0,2.15,253.0,1.075,0.12,1.0,,,,,,,2026-04-15,124.46,125.07,123.22,124.74,656852.0,124.383068
2026-04-15T20:36:59.217,30,30,WMT260515P00060000,WMT,2026-05-15,put,60.0,0.0,0.0,2.15,240.0,1.075,0.06,1.0,,,,,,,2026-04-15,124.46,125.07,123.22,124.74,656852.0,124.383068
2026-04-15T20:36:59.217,30,30,WMT260515P00065000,WMT,2026-05-15,put,65.0,0.0,0.0,0.06,150.0,0.03,0.05,10.0,,,,,,,2026-04-15,124.46,125.07,123.22,124.74,656852.0,124.383068
2026-04-15T20:36:59.217,30,30,WMT260515P00070000,WMT,2026-05-15,put,70.0,0.0,0.0,0.28,648.0,0.14,0.02,2.0,,,,,,,2026-04-15,124.46,125.07,123.22,124.74,656852.0,124.383068
2026-04-15T20:36:59.217,30,30,WMT260515P00075000,WMT,2026-05-15,put,75.0,0.0,0.0,0.14,664.0,0.07,0.01,1.0,,,,,,,2026-04-15,124.46,125.07,123.22,124.74,656852.0,124.383068
2026-04-15T20:36:59.217,30,30,WMT260515P00080000,WMT,2026-05-15,put,80.0,0.0,0.0,0.25,1084.0,0.125,0.01,1.0,,,,,,,2026-04-15,124.46,125.07,123.22,124.74,656852.0,124.383068
2026-04-15T20:36:59.217,30,30,WMT260515P00085000,WMT,2026-05-15,put,85.0,0.01,1.0,0.09,898.0,0.049999999999999996,0.08,2.0,0.5689,-0.0071,0.001,-0.0066,0.0071,-0.0008,2026-04-15,124.46,125.07,123.22,124.74,656852.0,124.383068
2026-04-15T20:36:59.217,30,30,WMT260515P00087500,WMT,2026-05-15,put,87.5,0.01,1.0,0.13,878.0,0.07,0.09,2.0,0.5539,-0.0099,0.0013,-0.0086,0.0095,-0.0011,2026-04-15,124.46,125.07,123.22,124.74,656852.0,124.383068
2026-04-15T20:36:59.217,30,30,WMT260515P00090000,WMT,2026-05-15,put,90.0,0.03,2.0,0.06,1.0,0.045,0.07,5.0,0.4862,-0.0075,0.0012,-0.0059,0.0074,-0.0008,2026-04-15,124.46,125.07,123.22,124.74,656852.0,124.383068
2026-04-15T20:36:59.217,30,30,WMT260515P00092500,WMT,2026-05-15,put,92.5,0.0,0.0,0.25,1570.0,0.125,0.13,8.0,,,,,,,2026-04-15,124.46,125.07,123.22,124.74,656852.0,124.383068
2026-04-15T20:36:59.217,30,30,WMT260515P00095000,WMT,2026-05-15,put,95.0,0.07,11.0,0.12,20.0,0.095,0.1,18.0,0.4591,-0.0156,0.0024,-0.0105,0.014,-0.0017,2026-04-15,124.46,125.07,123.22,124.74,656852.0,124.383068
2026-04-15T20:36:59.217,30,30,WMT260515P00097500,WMT,2026-05-15,put,97.5,0.03,28.0,0.2,1062.0,0.115,0.1,1.0,0.4337,-0.0194,0.003,-0.012,0.0169,-0.0021,2026-04-15,124.46,125.07,123.22,124.74,656852.0,124.383068
2026-04-15T20:36:59.217,30,30,WMT260515P00100000,WMT,2026-05-15,put,100.0,0.09,1.0,0.15,3.0,0.12,0.14,5.0,0.3982,-0.0218,0.0037,-0.0121,0.0186,-0.0023,2026-04-15,124.46,125.07,123.22,124.74,656852.0,124.383068
2026-04-15T20:36:59.217,30,30,WMT260515P00105000,WMT,2026-05-15,put,105.0,0.11,581.0,0.24,494.0,0.175,0.2,3.0,0.3453,-0.0346,0.0062,-0.0153,0.0274,-0.0037,2026-04-15,124.46,125.07,123.22,124.74,656852.0,124.383068
2026-04-15T20:36:59.217,30,30,WMT260515P00110000,WMT,2026-05-15,put,110.0,0.37,235.0,0.52,759.0,0.445,0.37,1.0,0.3301,-0.0801,0.0126,-0.0282,0.0532,-0.0086,2026-04-15,124.46,125.07,123.22,124.74,656852.0,124.383068
2026-04-15T20:36:59.217,30,30,WMT260515P00115000,WMT,2026-05-15,put,115.0,0.74,318.0,0.88,558.0,0.81,0.81,5.0,0.2898,-0.1463,0.0221,-0.0377,0.082,-0.0157,2026-04-15,124.46,125.07,123.22,124.74,656852.0,124.383068
2026-04-15T20:36:59.217,30,30,WMT260515P00120000,WMT,2026-05-15,put,120.0,1.7,299.0,1.82,70.0,1.76,1.77,5.0,0.2693,-0.2826,0.0351,-0.0505,0.1209,-0.0304,2026-04-15,124.46,125.07,123.22,124.74,656852.0,124.383068
2026-04-15T20:36:59.217,30,30,WMT260515P00125000,WMT,2026-05-15,put,125.0,3.6,353.0,3.83,683.0,3.715,3.6,2.0,0.2633,-0.4817,0.0423,-0.0561,0.1425,-0.0524,2026-04-15,124.46,125.07,123.22,124.74,656852.0,124.383068
2026-04-15T20:36:59.217,30,30,WMT260515P00130000,WMT,2026-05-15,put,130.0,6.48,678.0,6.74,544.0,6.61,6.55,1.0,0.2505,-0.6921,0.0393,-0.0432,0.1257,-0.0764,2026-04-15,124.46,125.07,123.22,124.74,656852.0,124.383068
2026-04-15T20:36:59.217,30,30,WMT260515P00135000,WMT,2026-05-15,put,135.0,10.35,400.0,11.25,273.0,10.8,12.27,1.0,0.2753,-0.8233,0.0264,-0.0312,0.0927,-0.0933,2026-04-15,124.46,125.07,123.22,124.74,656852.0,124.383068
2026-04-15T20:36:59.217,30,30,WMT260515P00140000,WMT,2026-05-15,put,140.0,14.71,373.0,16.329,286.0,15.5195,15.6,1.0,0.32,-0.8815,0.0173,-0.0252,0.0709,-0.1031,2026-04-15,124.46,125.07,123.22,124.74,656852.0,124.383068
2026-04-15T20:36:59.217,30,30,WMT260515P00145000,WMT,2026-05-15,put,145.0,17.92,100.0,21.82,101.0,19.87,20.0,3.0,0.1841,-0.9972,0.0013,0.0135,0.003,-0.1185,2026-04-15,124.46,125.07,123.22,124.74,656852.0,124.383068
2026-04-15T20:36:59.217,30,30,WMT260515P00150000,WMT,2026-05-15,put,150.0,23.49,102.0,26.57,102.0,25.03,24.0,1.0,0.3467,-0.9623,0.0066,-0.0024,0.0293,-0.1192,2026-04-15,124.46,125.07,123.22,124.74,656852.0,124.383068
2026-04-15T20:36:59.217,30,30,WMT260515P00155000,WMT,2026-05-15,put,155.0,28.21,101.0,31.67,106.0,29.94,31.72,6.0,0.3638,-0.9775,0.0041,0.0036,0.0191,-0.1248,2026-04-15,124.46,125.07,123.22,124.74,656852.0,124.383068
2026-04-15T20:36:59.217,30,30,WMT260515P00160000,WMT,2026-05-15,put,160.0,33.12,102.0,36.46,102.0,34.79,36.32,1.0,,,,,,,2026-04-15,124.46,125.07,123.22,124.74,656852.0,124.383068
2026-04-15T20:36:59.217,30,30,WMT260515P00165000,WMT,2026-05-15,put,165.0,39.12,1.0,42.47,101.0,40.795,39.1,1.0,0.6827,-0.9062,0.0069,-0.0527,0.0599,-0.1264,2026-04-15,124.46,125.07,123.22,124.74,656852.0,124.383068
2026-04-15T20:36:59.217,30,30,WMT260515P00170000,WMT,2026-05-15,put,170.0,42.98,105.0,47.39,106.0,45.185,45.45,1.0,0.6072,-0.9531,0.0045,-0.019,0.035,-0.1348,2026-04-15,124.46,125.07,123.22,124.74,656852.0,124.383068
2026-04-15T20:36:59.217,30,30,WMT260515P00175000,WMT,2026-05-15,put,175.0,47.62,100.0,52.49,101.0,50.055,,,0.6141,-0.9656,0.0035,-0.0108,0.0272,-0.1401,2026-04-15,124.46,125.07,123.22,124.74,656852.0,124.383068
2026-04-15T20:36:59.217,30,30,WMT260515P00180000,WMT,2026-05-15,put,180.0,52.93,100.0,58.15,101.0,55.54,,,0.7922,-0.9318,0.0046,-0.0449,0.047,-0.1412,2026-04-15,124.46,125.07,123.22,124.74,656852.0,124.383068
2026-04-15T20:36:59.217,30,30,WMT260515P00185000,WMT,2026-05-15,put,185.0,58.97,101.0,62.52,102.0,60.745000000000005,,,0.882,-0.9224,0.0046,-0.0587,0.0519,-0.1445,2026-04-15,124.46,125.07,123.22,124.74,656852.0,124.383068
2026-04-15T20:36:59.217,30,30,WMT260515P00190000,WMT,2026-05-15,put,190.0,61.96,105.0,66.76,105.0,64.36,63.73,1.0,,,,,,,2026-04-15,124.46,125.07,123.22,124.74,656852.0,124.383068
2026-04-15T20:36:59.217,45,44,WMT260529C00065000,WMT,2026-05-29,call,65.0,57.35,2.0,60.99,3.0,59.17,,,,,,,,,2026-04-15,124.46,125.07,123.22,124.74,656852.0,124.383068
2026-04-15T20:36:59.217,45,44,WMT260529C00070000,WMT,2026-05-29,call,70.0,52.6,2.0,56.86,1.0,54.730000000000004,,,,,,,,,2026-04-15,124.46,125.07,123.22,124.74,656852.0,124.383068
2026-04-15T20:36:59.217,45,44,WMT260529C00075000,WMT,2026-05-29,call,75.0,48.75,2.0,51.88,3.0,50.315,,,0.777,0.9791,0.0015,-0.0264,0.0217,0.0865,2026-04-15,124.46,125.07,123.22,124.74,656852.0,124.383068
2026-04-15T20:36:59.217,45,44,WMT260529C00080000,WMT,2026-05-29,call,80.0,43.36,2.0,46.95,1.0,45.155,,,0.5904,0.989,0.0011,-0.0163,0.0126,0.0942,2026-04-15,124.46,125.07,123.22,124.74,656852.0,124.383068
2026-04-15T20:36:59.217,45,44,WMT260529C00085000,WMT,2026-05-29,call,85.0,37.75,4.0,41.34,9.0,39.545,,,,,,,,,2026-04-15,124.46,125.07,123.22,124.74,656852.0,124.383068
2026-04-15T20:36:59.217,45,44,WMT260529C00090000,WMT,2026-05-29,call,90.0,34.27,12.0,36.76,16.0,35.515,,,0.5725,0.961,0.0034,-0.0322,0.0366,0.1016,2026-04-15,124.46,125.07,123.22,124.74,656852.0,124.383068
2026-04-15T20:36:59.217,45,44,WMT260529C00095000,WMT,2026-05-29,call,95.0,28.45,8.0,31.09,14.0,29.77,,,,,,,,,2026-04-15,124.46,125.07,123.22,124.74,656852.0,124.383068
2026-04-15T20:36:59.217,45,44,WMT260529C00100000,WMT,2026-05-29,call,100.0,24.03,13.0,26.82,15.0,25.425,25.02,1.0,0.3857,0.9598,0.0052,-0.0259,0.0375,0.1136,2026-04-15,124.46,125.07,123.22,124.74,656852.0,124.383068
2026-04-15T20:36:59.217,45,44,WMT260529C00105000,WMT,2026-05-29,call,105.0,19.37,11.0,21.69,18.0,20.53,,,0.3337,0.9429,0.0079,-0.0285,0.0496,0.117,2026-04-15,124.46,125.07,123.22,124.74,656852.0,124.383068
2026-04-15T20:36:59.217,45,44,WMT260529C00110000,WMT,2026-05-29,call,110.0,14.64,36.0,16.84,38.0,15.74,,,0.2913,0.909,0.013,-0.0332,0.0709,0.1177,2026-04-15,124.46,125.07,123.22,124.74,656852.0,124.383068
2026-04-15T20:36:59.217,45,44,WMT260529C00112000,WMT,2026-05-29,call,112.0,13.08,36.0,15.23,36.0,14.155000000000001,18.26,1.0,0.3081,0.8641,0.0164,-0.0424,0.0944,0.1128,2026-04-15,124.46,125.07,123.22,124.74,656852.0,124.383068
2026-04-15T20:36:59.217,45,44,WMT260529C00113000,WMT,2026-05-29,call,113.0,12.09,37.0,14.75,38.0,13.42,,,0.3167,0.8391,0.0178,-0.0472,0.1057,0.11,2026-04-15,124.46,125.07,123.22,124.74,656852.0,124.383068
2026-04-15T20:36:59.217,45,44,WMT260529C00114000,WMT,2026-05-29,call,114.0,11.12,40.0,13.83,36.0,12.475,,,0.3035,0.8279,0.0194,-0.0472,0.1104,0.1094,2026-04-15,124.46,125.07,123.22,124.74,656852.0,124.383068
2026-04-15T20:36:59.217,45,44,WMT260529C00115000,WMT,2026-05-29,call,115.0,10.4,35.0,12.83,44.0,11.615,,,0.2971,0.8104,0.0211,-0.0486,0.1173,0.1078,2026-04-15,124.46,125.07,123.22,124.74,656852.0,124.383068
2026-04-15T20:36:59.217,45,44,WMT260529C00116000,WMT,2026-05-29,call,116.0,9.56,317.0,12.2,60.0,10.879999999999999,,,0.2995,0.7852,0.0225,-0.0517,0.1264,0.1049,2026-04-15,124.46,125.07,123.22,124.74,656852.0,124.383068
2026-04-15T20:36:59.217,45,44,WMT260529C00117000,WMT,2026-05-29,call,117.0,9.62,391.0,11.12,62.0,10.37,10.25,2.0,0.3162,0.7504,0.0232,-0.0577,0.1375,0.1003,2026-04-15,124.46,125.07,123.22,124.74,656852.0,124.383068
2026-04-15T20:36:59.217,45,44,WMT260529C00118000,WMT,2026-05-29,call,118.0,9.05,36.0,10.38,150.0,9.715,8.63,2.0,0.3191,0.7236,0.0242,-0.0606,0.1448,0.0971,2026-04-15,124.46,125.07,123.22,124.74,656852.0,124.383068
2026-04-15T20:36:59.217,45,44,WMT260529C00119000,WMT,2026-05-29,call,119.0,8.42,53.0,9.68,60.0,9.05,,,0.3194,0.6975,0.0252,-0.0626,0.1511,0.0939,2026-04-15,124.46,125.07,123.22,124.74,656852.0,124.383068
2026-04-15T20:36:59.217,45,44,WMT260529C00120000,WMT,2026-05-29,call,120.0,7.65,453.0,8.51,114.0,8.08,8.24,1.0,0.2983,0.6792,0.0277,-0.0602,0.155,0.0924,2026-04-15,124.46,125.07,123.22,124.74,656852.0,124.383068
2026-04-15T20:36:59.217,45,44,WMT260529C00121000,WMT,2026-05-29,call,121.0,7.13,44.0,8.39,56.0,7.76,6.52,1.0,0.3171,0.6438,0.0271,-0.0654,0.1614,0.0874,2026-04-15,124.46,125.07,123.22,124.74,656852.0,124.383068
2026-04-15T20:36:59.217,45,44,WMT260529C00122000,WMT,2026-05-29,call,122.0,6.28,43.0,7.63,49.0,6.955,6.68,1.0,0.3038,0.6187,0.029,-0.064,0.165,0.0846,2026-04-15,124.46,125.07,123.22,124.74,656852.0,124.383068
2026-04-15T20:36:59.217,45,44,WMT260529C00123000,WMT,2026-05-29,call,123.0,5.82,449.0,7.07,646.0,6.445,6.28,1.0,0.3068,0.5884,0.0293,-0.0654,0.1685,0.0807,2026-04-15,124.46,125.07,123.22,124.74,656852.0,124.383068
2026-04-15T20:36:59.217,45,44,WMT260529C00124000,WMT,2026-05-29,call,124.0,5.25,537.0,6.29,414.0,5.77,5.05,1.0,0.2982,0.5591,0.0306,-0.0643,0.1708,0.0771,2026-04-15,124.46,125.07,123.22,124.74,656852.0,124.383068
2026-04-15T20:36:59.217,45,44,WMT260529C00125000,WMT,2026-05-29,call,125.0,4.97,473.0,5.94,589.0,5.455,5.26,1.0,0.309,0.5288,0.0297,-0.0666,0.1723,0.0729,2026-04-15,124.46,125.07,123.22,124.74,656852.0,124.383068
2026-04-15T20:36:59.217,45,44,WMT260529C00126000,WMT,2026-05-29,call,126.0,4.13,227.0,5.36,436.0,4.745,4.7,1.0,0.295,0.4972,0.0312,-0.0636,0.1727,0.069,2026-04-15,124.46,125.07,123.22,124.74,656852.0,124.383068
2026-04-15T20:36:59.217,45,44,WMT260529C00127000,WMT,2026-05-29,call,127.0,3.86,311.0,4.67,158.0,4.265,4.15,1.0,0.2927,0.4659,0.0314,-0.0626,0.1721,0.0649,2026-04-15,124.46,125.07,123.22,124.74,656852.0,124.383068
2026-04-15T20:36:59.217,45,44,WMT260529C00128000,WMT,2026-05-29,call,128.0,3.37,504.0,4.37,493.0,3.87,3.37,1.0,0.2935,0.4356,0.031,-0.0619,0.1705,0.0608,2026-04-15,124.46,125.07,123.22,124.74,656852.0,124.383068
2026-04-15T20:36:59.217,45,44,WMT260529C00129000,WMT,2026-05-29,call,129.0,3.01,59.0,3.77,108.0,3.3899999999999997,3.41,28.0,0.2875,0.403,0.0311,-0.0595,0.1676,0.0565,2026-04-15,124.46,125.07,123.22,124.74,656852.0,124.383068
2026-04-15T20:36:59.217,45,44,WMT260529C00130000,WMT,2026-05-29,call,130.0,2.75,51.0,3.38,97.0,3.065,3.07,1.0,0.289,0.3742,0.0303,-0.0582,0.1641,0.0526,2026-04-15,124.46,125.07,123.22,124.74,656852.0,124.383068
2026-04-15T20:36:59.217,45,44,WMT260529C00131000,WMT,2026-05-29,call,131.0,2.25,81.0,2.8,2.0,2.525,1.57,1.0,0.2752,0.3366,0.0306,-0.0534,0.158,0.0475,2026-04-15,124.46,125.07,123.22,124.74,656852.0,124.383068
2026-04-15T20:36:59.217,45,44,WMT260529C00132000,WMT,2026-05-29,call,132.0,2.05,355.0,2.93,162.0,2.49,2.33,5.0,0.2917,0.32,0.0283,-0.0551,0.1548,0.0451,2026-04-15,124.46,125.07,123.22,124.74,656852.0,124.383068
2026-04-15T20:36:59.217,45,44,WMT260529C00133000,WMT,2026-05-29,call,133.0,1.72,156.0,2.24,2.0,1.98,2.1,1.0,0.2755,0.281,0.0283,-0.049,0.146,0.0399,2026-04-15,124.46,125.07,123.22,124.74,656852.0,124.383068
2026-04-15T20:36:59.217,45,44,WMT260529C00134000,WMT,2026-05-29,call,134.0,1.45,684.0,2.24,523.0,1.8450000000000002,1.81,1.0,0.2827,0.2615,0.0266,-0.0483,0.1408,0.0371,2026-04-15,124.46,125.07,123.22,124.74,656852.0,124.383068
2026-04-15T20:36:59.217,45,44,WMT260529C00135000,WMT,2026-05-29,call,135.0,1.32,498.0,1.98,476.0,1.65,1.58,1.0,0.2844,0.239,0.0252,-0.0462,0.1343,0.0339,2026-04-15,124.46,125.07,123.22,124.74,656852.0,124.383068
2026-04-15T20:36:59.217,45,44,WMT260529C00136000,WMT,2026-05-29,call,136.0,0.84,232.0,1.77,395.0,1.305,1.28,15.0,0.2727,0.2055,0.0241,-0.0406,0.1232,0.0293,2026-04-15,124.46,125.07,123.22,124.74,656852.0,124.383068
2026-04-15T20:36:59.217,45,44,WMT260529C00137000,WMT,2026-05-29,call,137.0,0.8,267.0,1.73,145.0,1.2650000000000001,,,0.2837,0.1946,0.0224,-0.0407,0.1192,0.0277,2026-04-15,124.46,125.07,123.22,124.74,656852.0,124.383068
2026-04-15T20:36:59.217,45,44,WMT260529C00138000,WMT,2026-05-29,call,138.0,0.39,18.0,1.59,77.0,0.99,1.06,1.0,0.2731,0.1648,0.021,-0.0353,0.1074,0.0236,2026-04-15,124.46,125.07,123.22,124.74,656852.0,124.383068
2026-04-15T20:36:59.217,45,44,WMT260529C00139000,WMT,2026-05-29,call,139.0,0.0,0.0,2.89,8.0,1.445,,,,,,,,,2026-04-15,124.46,125.07,123.22,124.74,656852.0,124.383068
2026-04-15T20:36:59.217,45,44,WMT260529C00140000,WMT,2026-05-29,call,140.0,0.25,603.0,1.22,69.0,0.735,1.04,1.0,0.2727,0.1295,0.0179,-0.0299,0.0914,0.0186,2026-04-15,124.46,125.07,123.22,124.74,656852.0,124.383068
2026-04-15T20:36:59.217,45,44,WMT260529C00145000,WMT,2026-05-29,call,145.0,0.12,19.0,0.88,273.0,0.5,0.32,2.0,0.2992,0.0873,0.0123,-0.0244,0.0687,0.0125,2026-04-15,124.46,125.07,123.22,124.74,656852.0,124.383068
2026-04-15T20:36:59.217,45,44,WMT260529C00150000,WMT,2026-05-29,call,150.0,0.0,0.0,0.98,12.0,0.49,,,,,,,,,2026-04-15,124.46,125.07,123.22,124.74,656852.0,124.383068
2026-04-15T20:36:59.217,45,44,WMT260529C00155000,WMT,2026-05-29,call,155.0,0.0,0.0,2.21,28.0,1.105,,,,,,,,,2026-04-15,124.46,125.07,123.22,124.74,656852.0,124.383068
2026-04-15T20:36:59.217,45,44,WMT260529C00160000,WMT,2026-05-29,call,160.0,0.0,0.0,1.32,13.0,0.66,,,,,,,,,2026-04-15,124.46,125.07,123.22,124.74,656852.0,124.383068
2026-04-15T20:36:59.217,45,44,WMT260529C00165000,WMT,2026-05-29,call,165.0,0.0,0.0,2.09,13.0,1.045,,,,,,,,,2026-04-15,124.46,125.07,123.22,124.74,656852.0,124.383068
2026-04-15T20:36:59.217,45,44,WMT260529P00065000,WMT,2026-05-29,put,65.0,0.0,0.0,2.2,13.0,1.1,,,,,,,,,2026-04-15,124.46,125.07,123.22,124.74,656852.0,124.383068
2026-04-15T20:36:59.217,45,44,WMT260529P00070000,WMT,2026-05-29,put,70.0,0.0,0.0,2.18,38.0,1.09,,,,,,,,,2026-04-15,124.46,125.07,123.22,124.74,656852.0,124.383068
2026-04-15T20:36:59.217,45,44,WMT260529P00075000,WMT,2026-05-29,put,75.0,0.0,0.0,1.38,13.0,0.69,,,,,,,,,2026-04-15,124.46,125.07,123.22,124.74,656852.0,124.383068
2026-04-15T20:36:59.217,45,44,WMT260529P00080000,WMT,2026-05-29,put,80.0,0.0,0.0,1.15,11.0,0.575,,,,,,,,,2026-04-15,124.46,125.07,123.22,124.74,656852.0,124.383068
2026-04-15T20:36:59.217,45,44,WMT260529P00085000,WMT,2026-05-29,put,85.0,0.0,0.0,2.17,13.0,1.085,,,,,,,,,2026-04-15,124.46,125.07,123.22,124.74,656852.0,124.383068
2026-04-15T20:36:59.217,45,44,WMT260529P00090000,WMT,2026-05-29,put,90.0,0.0,0.0,1.66,209.0,0.83,,,,,,,,,2026-04-15,124.46,125.07,123.22,124.74,656852.0,124.383068
2026-04-15T20:36:59.217,45,44,WMT260529P00095000,WMT,2026-05-29,put,95.0,0.0,0.0,1.09,289.0,0.545,0.2,1.0,,,,,,,2026-04-15,124.46,125.07,123.22,124.74,656852.0,124.383068
2026-04-15T20:36:59.217,45,44,WMT260529P00100000,WMT,2026-05-29,put,100.0,0.06,518.0,0.63,88.0,0.345,0.6,1.0,0.4009,-0.0458,0.0055,-0.0183,0.0416,-0.0073,2026-04-15,124.46,125.07,123.22,124.74,656852.0,124.383068
2026-04-15T20:36:59.217,45,44,WMT260529P00105000,WMT,2026-05-29,put,105.0,0.4,260.0,0.87,78.0,0.635,0.64,1.0,0.3803,-0.0805,0.0091,-0.0269,0.0647,-0.0129,2026-04-15,124.46,125.07,123.22,124.74,656852.0,124.383068
2026-04-15T20:36:59.217,45,44,WMT260529P00110000,WMT,2026-05-29,put,110.0,0.57,745.0,1.08,2.0,0.825,0.88,1.0,0.326,-0.1143,0.0137,-0.0295,0.0837,-0.0182,2026-04-15,124.46,125.07,123.22,124.74,656852.0,124.383068
2026-04-15T20:36:59.217,45,44,WMT260529P00112000,WMT,2026-05-29,put,112.0,0.91,577.0,1.48,433.0,1.195,1.27,1.0,0.3318,-0.1519,0.0164,-0.0364,0.1018,-0.0243,2026-04-15,124.46,125.07,123.22,124.74,656852.0,124.383068
2026-04-15T20:36:59.217,45,44,WMT260529P00113000,WMT,2026-05-29,put,113.0,1.07,427.0,1.8,384.0,1.435,1.62,1.0,0.3363,-0.1736,0.0176,-0.0401,0.111,-0.0278,2026-04-15,124.46,125.07,123.22,124.74,656852.0,124.383068
2026-04-15T20:36:59.217,45,44,WMT260529P00114000,WMT,2026-05-29,put,114.0,0.97,344.0,2.11,90.0,1.54,,,0.327,-0.1878,0.019,-0.0408,0.1167,-0.0301,2026-04-15,124.46,125.07,123.22,124.74,656852.0,124.383068
2026-04-15T20:36:59.217,45,44,WMT260529P00115000,WMT,2026-05-29,put,115.0,1.38,586.0,2.14,481.0,1.76,1.77,1.0,0.3261,-0.2087,0.0203,-0.0433,0.1243,-0.0335,2026-04-15,124.46,125.07,123.22,124.74,656852.0,124.383068
2026-04-15T20:36:59.217,45,44,WMT260529P00116000,WMT,2026-05-29,put,116.0,1.81,5.0,2.43,493.0,2.12,1.96,1.0,0.3341,-0.2359,0.0213,-0.0475,0.1333,-0.038,2026-04-15,124.46,125.07,123.22,124.74,656852.0,124.383068
2026-04-15T20:36:59.217,45,44,WMT260529P00117000,WMT,2026-05-29,put,117.0,1.85,511.0,2.57,80.0,2.21,2.14,1.0,0.3202,-0.2518,0.023,-0.0469,0.1381,-0.0405,2026-04-15,124.46,125.07,123.22,124.74,656852.0,124.383068
2026-04-15T20:36:59.217,45,44,WMT260529P00118000,WMT,2026-05-29,put,118.0,2.17,101.0,2.93,79.0,2.55,2.59,1.0,0.3229,-0.2782,0.024,-0.0496,0.1453,-0.0449,2026-04-15,124.46,125.07,123.22,124.74,656852.0,124.383068
2026-04-15T20:36:59.217,45,44,WMT260529P00119000,WMT,2026-05-29,put,119.0,2.37,106.0,3.34,37.0,2.855,2.66,1.0,0.3213,-0.3033,0.0251,-0.0512,0.1513,-0.049,2026-04-15,124.46,125.07,123.22,124.74,656852.0,124.383068
2026-04-15T20:36:59.217,45,44,WMT260529P00120000,WMT,2026-05-29,put,120.0,2.52,609.0,3.63,529.0,3.075,3.3,100.0,0.3126,-0.3267,0.0267,-0.0511,0.1562,-0.0528,2026-04-15,124.46,125.07,123.22,124.74,656852.0,124.383068
2026-04-15T20:36:59.217,45,44,WMT260529P00121000,WMT,2026-05-29,put,121.0,3.22,36.0,3.97,88.0,3.595,3.52,1.0,0.3213,-0.3574,0.0268,-0.0542,0.1616,-0.0581,2026-04-15,124.46,125.07,123.22,124.74,656852.0,124.383068
2026-04-15T20:36:59.217,45,44,WMT260529P00122000,WMT,2026-05-29,put,122.0,3.33,103.0,4.22,68.0,3.775,2.53,1.0,0.3072,-0.3821,0.0287,-0.0525,0.1651,-0.062,2026-04-15,124.46,125.07,123.22,124.74,656852.0,124.383068
2026-04-15T20:36:59.217,45,44,WMT260529P00123000,WMT,2026-05-29,put,123.0,3.44,81.0,4.91,89.0,4.175,4.59,2.0,0.3051,-0.4113,0.0295,-0.0528,0.1684,-0.0669,2026-04-15,124.46,125.07,123.22,124.74,656852.0,124.383068
2026-04-15T20:36:59.217,45,44,WMT260529P00124000,WMT,2026-05-29,put,124.0,4.2,72.0,5.49,93.0,4.845000000000001,4.93,4.0,0.317,-0.4418,0.0288,-0.0555,0.1709,-0.0723,2026-04-15,124.46,125.07,123.22,124.74,656852.0,124.383068
2026-04-15T20:36:59.217,45,44,WMT260529P00125000,WMT,2026-05-29,put,125.0,4.43,665.0,5.62,110.0,5.025,5.1,35.0,0.2986,-0.4716,0.0308,-0.052,0.1723,-0.0769,2026-04-15,124.46,125.07,123.22,124.74,656852.0,124.383068
2026-04-15T20:36:59.217,45,44,WMT260529P00126000,WMT,2026-05-29,put,126.0,5.23,54.0,6.52,73.0,5.875,5.9,6.0,0.3173,-0.4996,0.029,-0.0554,0.1727,-0.0822,2026-04-15,124.46,125.07,123.22,124.74,656852.0,124.383068
2026-04-15T20:36:59.217,45,44,WMT260529P00127000,WMT,2026-05-29,put,127.0,5.79,64.0,6.79,59.0,6.29,6.57,5.0,0.3092,-0.5301,0.0297,-0.0532,0.1722,-0.0873,2026-04-15,124.46,125.07,123.22,124.74,656852.0,124.383068
2026-04-15T20:36:59.217,45,44,WMT260529P00128000,WMT,2026-05-29,put,128.0,6.23,83.0,7.48,56.0,6.855,4.97,1.0,0.3081,-0.5594,0.0296,-0.0521,0.1708,-0.0924,2026-04-15,124.46,125.07,123.22,124.74,656852.0,124.383068
2026-04-15T20:36:59.217,45,44,WMT260529P00129000,WMT,2026-05-29,put,129.0,6.71,47.0,7.72,39.0,7.215,5.79,1.0,0.2931,-0.5944,0.0306,-0.0477,0.1679,-0.0981,2026-04-15,124.46,125.07,123.22,124.74,656852.0,124.383068
2026-04-15T20:36:59.217,45,44,WMT260529P00130000,WMT,2026-05-29,put,130.0,7.04,66.0,8.79,62.0,7.914999999999999,,,0.2964,-0.6217,0.0296,-0.0469,0.1646,-0.103,2026-04-15,124.46,125.07,123.22,124.74,656852.0,124.383068
2026-04-15T20:36:59.217,45,44,WMT260529P00131000,WMT,2026-05-29,put,131.0,7.97,48.0,9.48,65.0,8.725,9.5,7.0,0.3051,-0.6446,0.0282,-0.047,0.1613,-0.1074,2026-04-15,124.46,125.07,123.22,124.74,656852.0,124.383068
2026-04-15T20:36:59.217,45,44,WMT260529P00132000,WMT,2026-05-29,put,132.0,8.58,48.0,10.47,59.0,9.525,,,0.3119,-0.6666,0.0269,-0.0465,0.1574,-0.1117,2026-04-15,124.46,125.07,123.22,124.74,656852.0,124.383068
2026-04-15T20:36:59.217,45,44,WMT260529P00133000,WMT,2026-05-29,put,133.0,9.35,53.0,10.74,49.0,10.045,10.44,10.0,0.2991,-0.7006,0.0268,-0.0413,0.1504,-0.1174,2026-04-15,124.46,125.07,123.22,124.74,656852.0,124.383068
2026-04-15T20:36:59.217,45,44,WMT260529P00134000,WMT,2026-05-29,put,134.0,9.73,46.0,11.52,36.0,10.625,,,0.2877,-0.7343,0.0263,-0.0362,0.142,-0.1232,2026-04-15,124.46,125.07,123.22,124.74,656852.0,124.383068
2026-04-15T20:36:59.217,45,44,WMT260529P00135000,WMT,2026-05-29,put,135.0,10.22,48.0,12.63,37.0,11.425,,,0.2896,-0.7565,0.025,-0.034,0.1357,-0.1275,2026-04-15,124.46,125.07,123.22,124.74,656852.0,124.383068
2026-04-15T20:36:59.217,45,44,WMT260529P00136000,WMT,2026-05-29,put,136.0,11.11,20.0,13.42,39.0,12.265,,,0.2932,-0.7757,0.0236,-0.0322,0.1296,-0.1314,2026-04-15,124.46,125.07,123.22,124.74,656852.0,124.383068
2026-04-15T20:36:59.217,45,44,WMT260529P00137000,WMT,2026-05-29,put,137.0,11.62,19.0,14.53,21.0,13.075,,,0.2931,-0.7968,0.0223,-0.0295,0.1224,-0.1355,2026-04-15,124.46,125.07,123.22,124.74,656852.0,124.383068
2026-04-15T20:36:59.217,45,44,WMT260529P00138000,WMT,2026-05-29,put,138.0,12.33,10.0,15.16,6.0,13.745000000000001,,,0.2789,-0.8296,0.021,-0.023,0.1097,-0.1413,2026-04-15,124.46,125.07,123.22,124.74,656852.0,124.383068
2026-04-15T20:36:59.217,45,44,WMT260529P00139000,WMT,2026-05-29,put,139.0,13.48,8.0,16.21,6.0,14.845,,,0.3016,-0.8269,0.0196,-0.0261,0.1108,-0.1422,2026-04-15,124.46,125.07,123.22,124.74,656852.0,124.383068
2026-04-15T20:36:59.217,45,44,WMT260529P00140000,WMT,2026-05-29,put,140.0,14.46,8.0,17.04,7.0,15.75,,,0.3063,-0.8398,0.0184,-0.0246,0.1054,-0.1452,2026-04-15,124.46,125.07,123.22,124.74,656852.0,124.383068
2026-04-15T20:36:59.217,45,44,WMT260529P00145000,WMT,2026-05-29,put,145.0,18.8,7.0,22.18,6.0,20.490000000000002,,,0.3414,-0.8802,0.0135,-0.0205,0.0865,-0.157,2026-04-15,124.46,125.07,123.22,124.74,656852.0,124.383068
2026-04-15T20:36:59.217,45,44,WMT260529P00150000,WMT,2026-05-29,put,150.0,22.69,2.0,27.12,2.0,24.905,,,0.3058,-0.95,0.0078,-0.0011,0.0446,-0.1728,2026-04-15,124.46,125.07,123.22,124.74,656852.0,124.383068
2026-04-15T20:36:59.217,45,44,WMT260529P00155000,WMT,2026-05-29,put,155.0,28.63,2.0,32.57,7.0,30.6,,,0.466,-0.8918,0.0092,-0.0284,0.0804,-0.1709,2026-04-15,124.46,125.07,123.22,124.74,656852.0,124.383068
2026-04-15T20:36:59.217,45,44,WMT260529P00160000,WMT,2026-05-29,put,160.0,33.07,3.0,37.69,2.0,35.379999999999995,,,0.4872,-0.9135,0.0075,-0.0228,0.0682,-0.18,2026-04-15,124.46,125.07,123.22,124.74,656852.0,124.383068
2026-04-15T20:36:59.217,45,44,WMT260529P00165000,WMT,2026-05-29,put,165.0,37.79,3.0,41.85,2.0,39.82,,,0.4232,-0.9642,0.0043,-0.0003,0.034,-0.193,2026-04-15,124.46,125.07,123.22,124.74,656852.0,124.383068
2026-04-15T20:36:59.217,90,93,WMT260717C00065000,WMT,2026-07-17,call,65.0,58.88,101.0,63.18,101.0,61.03,58.62,1.0,0.7927,0.968,0.0014,-0.0253,0.0452,0.152,2026-04-15,124.46,125.07,123.22,124.74,656852.0,124.383068
2026-04-15T20:36:59.217,90,93,WMT260717C00070000,WMT,2026-07-17,call,70.0,52.76,101.0,57.38,101.0,55.07,,,,,,,,,2026-04-15,124.46,125.07,123.22,124.74,656852.0,124.383068
2026-04-15T20:36:59.217,90,93,WMT260717C00075000,WMT,2026-07-17,call,75.0,48.05,115.0,51.83,114.0,49.94,50.28,300.0,,,,,,,2026-04-15,124.46,125.07,123.22,124.74,656852.0,124.383068
2026-04-15T20:36:59.217,90,93,WMT260717C00080000,WMT,2026-07-17,call,80.0,42.93,106.0,47.53,123.0,45.230000000000004,45.53,12.0,,,,,,,2026-04-15,124.46,125.07,123.22,124.74,656852.0,124.383068
2026-04-15T20:36:59.217,90,93,WMT260717C00085000,WMT,2026-07-17,call,85.0,39.85,142.0,41.18,142.0,40.515,40.7,14.0,0.3031,0.9959,0.0006,-0.0096,0.0076,0.2132,2026-04-15,124.46,125.07,123.22,124.74,656852.0,124.383068
2026-04-15T20:36:59.217,90,93,WMT260717C00090000,WMT,2026-07-17,call,90.0,34.71,169.0,36.73,153.0,35.72,37.92,10.0,0.3435,0.9784,0.0024,-0.0147,0.0326,0.2198,2026-04-15,124.46,125.07,123.22,124.74,656852.0,124.383068
2026-04-15T20:36:59.217,90,93,WMT260717C00095000,WMT,2026-07-17,call,95.0,29.71,249.0,31.53,155.0,30.62,30.57,3.0,0.2347,0.9925,0.0014,-0.011,0.013,0.2373,2026-04-15,124.46,125.07,123.22,124.74,656852.0,124.383068
2026-04-15T20:36:59.217,90,93,WMT260717C00100000,WMT,2026-07-17,call,100.0,25.5,485.0,26.82,445.0,26.16,25.89,5.0,0.3083,0.9402,0.0061,-0.0215,0.0748,0.2321,2026-04-15,124.46,125.07,123.22,124.74,656852.0,124.383068
2026-04-15T20:36:59.217,90,93,WMT260717C00105000,WMT,2026-07-17,call,105.0,21.0,552.0,22.56,284.0,21.78,21.8,2.0,0.3116,0.8909,0.0095,-0.0287,0.1177,0.2276,2026-04-15,124.46,125.07,123.22,124.74,656852.0,124.383068
2026-04-15T20:36:59.217,90,93,WMT260717C00110000,WMT,2026-07-17,call,110.0,16.43,637.0,17.74,602.0,17.085,16.69,2.0,0.2709,0.854,0.0134,-0.03,0.1441,0.2278,2026-04-15,124.46,125.07,123.22,124.74,656852.0,124.383068
2026-04-15T20:36:59.217,90,93,WMT260717C00115000,WMT,2026-07-17,call,115.0,12.8,801.0,14.14,608.0,13.47,13.47,1.0,0.282,0.7598,0.0175,-0.0378,0.1958,0.2071,2026-04-15,124.46,125.07,123.22,124.74,656852.0,124.383068
2026-04-15T20:36:59.217,90,93,WMT260717C00120000,WMT,2026-07-17,call,120.0,9.62,897.0,10.38,689.0,10.0,10.13,1.0,0.2732,0.661,0.0213,-0.0411,0.2304,0.1845,2026-04-15,124.46,125.07,123.22,124.74,656852.0,124.383068
2026-04-15T20:36:59.217,90,93,WMT260717C00125000,WMT,2026-07-17,call,125.0,7.23,47.0,7.28,223.0,7.255000000000001,7.25,1.0,0.2726,0.5474,0.0231,-0.0427,0.2493,0.1554,2026-04-15,124.46,125.07,123.22,124.74,656852.0,124.383068
2026-04-15T20:36:59.217,90,93,WMT260717C00130000,WMT,2026-07-17,call,130.0,4.83,84.0,5.17,708.0,5.0,4.93,10.0,0.2687,0.4324,0.0232,-0.0407,0.2475,0.1246,2026-04-15,124.46,125.07,123.22,124.74,656852.0,124.383068
2026-04-15T20:36:59.217,90,93,WMT260717C00135000,WMT,2026-07-17,call,135.0,3.16,520.0,3.47,782.0,3.3150000000000004,3.2,1.0,0.2661,0.3249,0.0215,-0.0361,0.2265,0.0948,2026-04-15,124.46,125.07,123.22,124.74,656852.0,124.383068
2026-04-15T20:36:59.217,90,93,WMT260717C00140000,WMT,2026-07-17,call,140.0,1.92,200.0,2.07,4.0,1.9949999999999999,1.92,2.0,0.258,0.226,0.0185,-0.0289,0.1893,0.0667,2026-04-15,124.46,125.07,123.22,124.74,656852.0,124.383068
2026-04-15T20:36:59.217,90,93,WMT260717C00145000,WMT,2026-07-17,call,145.0,0.9,784.0,1.3,643.0,1.1,1.19,2.0,0.2493,0.1443,0.0145,-0.0209,0.143,0.043,2026-04-15,124.46,125.07,123.22,124.74,656852.0,124.383068
2026-04-15T20:36:59.217,90,93,WMT260717C00150000,WMT,2026-07-17,call,150.0,0.63,130.0,0.88,661.0,0.755,0.69,2.0,0.2603,0.1022,0.0109,-0.0169,0.1122,0.0306,2026-04-15,124.46,125.07,123.22,124.74,656852.0,124.383068
2026-04-15T20:36:59.217,90,93,WMT260717C00155000,WMT,2026-07-17,call,155.0,0.3,339.0,0.5,357.0,0.4,0.43,1.0,0.2554,0.0606,0.0075,-0.0111,0.0755,0.0182,2026-04-15,124.46,125.07,123.22,124.74,656852.0,124.383068
2026-04-15T20:36:59.217,90,93,WMT260717C00160000,WMT,2026-07-17,call,160.0,0.04,849.0,0.5,1253.0,0.27,0.5,2.0,0.2646,0.0418,0.0054,-0.0085,0.0563,0.0126,2026-04-15,124.46,125.07,123.22,124.74,656852.0,124.383068
2026-04-15T20:36:59.217,90,93,WMT260717C00165000,WMT,2026-07-17,call,165.0,0.0,0.0,0.45,756.0,0.225,0.26,1.0,,,,,,,2026-04-15,124.46,125.07,123.22,124.74,656852.0,124.383068
2026-04-15T20:36:59.217,90,93,WMT260717C00170000,WMT,2026-07-17,call,170.0,0.0,0.0,0.35,775.0,0.175,0.1,1.0,,,,,,,2026-04-15,124.46,125.07,123.22,124.74,656852.0,124.383068
2026-04-15T20:36:59.217,90,93,WMT260717C00175000,WMT,2026-07-17,call,175.0,0.0,0.0,0.32,811.0,0.16,0.01,3.0,,,,,,,2026-04-15,124.46,125.07,123.22,124.74,656852.0,124.383068
2026-04-15T20:36:59.217,90,93,WMT260717C00180000,WMT,2026-07-17,call,180.0,0.0,0.0,0.43,709.0,0.215,,,,,,,,,2026-04-15,124.46,125.07,123.22,124.74,656852.0,124.383068
2026-04-15T20:36:59.217,90,93,WMT260717C00185000,WMT,2026-07-17,call,185.0,0.0,0.0,2.12,362.0,1.06,,,,,,,,,2026-04-15,124.46,125.07,123.22,124.74,656852.0,124.383068
2026-04-15T20:36:59.217,90,93,WMT260717P00065000,WMT,2026-07-17,put,65.0,0.0,0.0,0.11,84.0,0.055,0.13,2.0,,,,,,,2026-04-15,124.46,125.07,123.22,124.74,656852.0,124.383068
2026-04-15T20:36:59.217,90,93,WMT260717P00070000,WMT,2026-07-17,put,70.0,0.0,0.0,1.82,314.0,0.91,,,,,,,,,2026-04-15,124.46,125.07,123.22,124.74,656852.0,124.383068
2026-04-15T20:36:59.217,90,93,WMT260717P00075000,WMT,2026-07-17,put,75.0,0.0,0.0,0.34,407.0,0.17,0.18,1.0,,,,,,,2026-04-15,124.46,125.07,123.22,124.74,656852.0,124.383068
2026-04-15T20:36:59.217,90,93,WMT260717P00080000,WMT,2026-07-17,put,80.0,0.0,0.0,0.35,562.0,0.175,0.3,2.0,,,,,,,2026-04-15,124.46,125.07,123.22,124.74,656852.0,124.383068
2026-04-15T20:36:59.217,90,93,WMT260717P00085000,WMT,2026-07-17,put,85.0,0.03,541.0,0.43,961.0,0.22999999999999998,0.65,1.0,0.4084,-0.0224,0.0021,-0.0071,0.0335,-0.0077,2026-04-15,124.46,125.07,123.22,124.74,656852.0,124.383068
2026-04-15T20:36:59.217,90,93,WMT260717P00090000,WMT,2026-07-17,put,90.0,0.2,545.0,0.42,1130.0,0.31,0.33,5.0,0.3762,-0.0314,0.003,-0.0086,0.0444,-0.0108,2026-04-15,124.46,125.07,123.22,124.74,656852.0,124.383068
2026-04-15T20:36:59.217,90,93,WMT260717P00095000,WMT,2026-07-17,put,95.0,0.25,1069.0,0.61,620.0,0.43,0.55,1.0,0.3465,-0.0449,0.0043,-0.0105,0.0596,-0.0154,2026-04-15,124.46,125.07,123.22,124.74,656852.0,124.383068
2026-04-15T20:36:59.217,90,93,WMT260717P00100000,WMT,2026-07-17,put,100.0,0.71,211.0,0.8,83.0,0.755,0.75,1.0,0.3356,-0.0746,0.0067,-0.015,0.0887,-0.0256,2026-04-15,124.46,125.07,123.22,124.74,656852.0,124.383068
2026-04-15T20:36:59.217,90,93,WMT260717P00105000,WMT,2026-07-17,put,105.0,1.06,633.0,1.25,522.0,1.155,1.23,1.0,0.3159,-0.1118,0.0096,-0.0188,0.1198,-0.0385,2026-04-15,124.46,125.07,123.22,124.74,656852.0,124.383068
2026-04-15T20:36:59.217,90,93,WMT260717P00110000,WMT,2026-07-17,put,110.0,1.8,409.0,2.12,1009.0,1.96,1.8,1.0,0.3099,-0.1737,0.0132,-0.0245,0.1615,-0.0602,2026-04-15,124.46,125.07,123.22,124.74,656852.0,124.383068
2026-04-15T20:36:59.217,90,93,WMT260717P00115000,WMT,2026-07-17,put,115.0,2.83,653.0,2.92,1.0,2.875,2.91,1.0,0.2908,-0.2455,0.0172,-0.0276,0.1981,-0.0853,2026-04-15,124.46,125.07,123.22,124.74,656852.0,124.383068
2026-04-15T20:36:59.217,90,93,WMT260717P00120000,WMT,2026-07-17,put,120.0,4.32,719.0,4.79,695.0,4.555,4.35,1.0,0.2892,-0.3446,0.0202,-0.0313,0.2318,-0.1211,2026-04-15,124.46,125.07,123.22,124.74,656852.0,124.383068
2026-04-15T20:36:59.217,90,93,WMT260717P00125000,WMT,2026-07-17,put,125.0,6.23,738.0,6.76,131.0,6.495,7.15,6.0,0.2766,-0.4525,0.0227,-0.0308,0.2493,-0.1603,2026-04-15,124.46,125.07,123.22,124.74,656852.0,124.383068
2026-04-15T20:36:59.217,90,93,WMT260717P00130000,WMT,2026-07-17,put,130.0,9.08,507.0,10.07,653.0,9.575,9.38,1.0,0.2882,-0.5593,0.0217,-0.0305,0.2483,-0.2021,2026-04-15,124.46,125.07,123.22,124.74,656852.0,124.383068
2026-04-15T20:36:59.217,90,93,WMT260717P00135000,WMT,2026-07-17,put,135.0,12.16,343.0,13.15,329.0,12.655000000000001,12.73,2.0,0.279,-0.6652,0.0207,-0.0248,0.2293,-0.2436,2026-04-15,124.46,125.07,123.22,124.74,656852.0,124.383068
2026-04-15T20:36:59.217,90,93,WMT260717P00140000,WMT,2026-07-17,put,140.0,15.88,340.0,17.25,316.0,16.565,17.38,2.0,0.2871,-0.7459,0.0177,-0.0201,0.2017,-0.2792,2026-04-15,124.46,125.07,123.22,124.74,656852.0,124.383068
2026-04-15T20:36:59.217,90,93,WMT260717P00145000,WMT,2026-07-17,put,145.0,20.08,251.0,21.65,258.0,20.865,,,0.3003,-0.8045,0.0146,-0.0159,0.1738,-0.3088,2026-04-15,124.46,125.07,123.22,124.74,656852.0,124.383068
2026-04-15T20:36:59.217,90,93,WMT260717P00150000,WMT,2026-07-17,put,150.0,24.24,118.0,26.26,122.0,25.25,,,0.3061,-0.8549,0.0118,-0.0104,0.1435,-0.336,2026-04-15,124.46,125.07,123.22,124.74,656852.0,124.383068
2026-04-15T20:36:59.217,90,93,WMT260717P00155000,WMT,2026-07-17,put,155.0,29.46,111.0,32.1,111.0,30.78,28.32,1.0,0.3833,-0.8363,0.0102,-0.0185,0.1555,-0.3441,2026-04-15,124.46,125.07,123.22,124.74,656852.0,124.383068
2026-04-15T20:36:59.217,90,93,WMT260717P00160000,WMT,2026-07-17,put,160.0,32.68,102.0,37.08,102.0,34.879999999999995,,,0.3562,-0.8933,0.0082,-0.0075,0.1158,-0.3727,2026-04-15,124.46,125.07,123.22,124.74,656852.0,124.383068
2026-04-15T20:36:59.217,90,93,WMT260717P00165000,WMT,2026-07-17,put,165.0,38.12,111.0,42.93,111.0,40.525,,,0.4439,-0.8635,0.0078,-0.018,0.1377,-0.3776,2026-04-15,124.46,125.07,123.22,124.74,656852.0,124.383068
2026-04-15T20:36:59.217,90,93,WMT260717P00170000,WMT,2026-07-17,put,170.0,42.45,102.0,46.94,102.0,44.695,,,0.4099,-0.9114,0.0062,-0.0064,0.101,-0.4035,2026-04-15,124.46,125.07,123.22,124.74,656852.0,124.383068
2026-04-15T20:36:59.217,90,93,WMT260717P00175000,WMT,2026-07-17,put,175.0,49.17,102.0,52.39,102.0,50.78,,,0.5337,-0.8618,0.0066,-0.024,0.1389,-0.4032,2026-04-15,124.46,125.07,123.22,124.74,656852.0,124.383068
2026-04-15T20:36:59.217,90,93,WMT260717P00180000,WMT,2026-07-17,put,180.0,53.17,102.0,57.26,102.0,55.215,,,0.5233,-0.8892,0.0057,-0.0168,0.119,-0.4232,2026-04-15,124.46,125.07,123.22,124.74,656852.0,124.383068
2026-04-15T20:36:59.217,90,93,WMT260717P00185000,WMT,2026-07-17,put,185.0,58.71,101.0,61.23,104.0,59.97,,,0.5336,-0.9024,0.0051,-0.0138,0.1085,-0.4395,2026-04-15,124.46,125.07,123.22,124.74,656852.0,124.383068
