capture_ts,target_dte,actual_dte,symbol,underlying,expiration,type,strike,bid,bid_size,ask,ask_size,mid,last_price,last_size,implied_vol,delta,gamma,theta,vega,rho,und_session_date,und_open,und_high,und_low,und_close,und_volume,und_vwap
2026-05-18T20:33:08.723,2,4,BAC260522C00030000,BAC,2026-05-22,call,30.0,19.95,192.0,21.13,122.0,20.54,20.82,1.0,,,,,,,2026-05-18,49.82,50.91,49.75,50.72,2.243074e6,50.57893
2026-05-18T20:33:08.723,2,4,BAC260522C00035000,BAC,2026-05-22,call,35.0,15.55,128.0,16.03,36.0,15.790000000000001,14.88,2.0,,,,,,,2026-05-18,49.82,50.91,49.75,50.72,2.243074e6,50.57893
2026-05-18T20:33:08.723,2,4,BAC260522C00037000,BAC,2026-05-22,call,37.0,13.41,103.0,14.51,34.0,13.96,12.9,2.0,,,,,,,2026-05-18,49.82,50.91,49.75,50.72,2.243074e6,50.57893
2026-05-18T20:33:08.723,2,4,BAC260522C00038000,BAC,2026-05-22,call,38.0,12.16,169.0,13.12,119.0,12.64,12.6,1.0,,,,,,,2026-05-18,49.82,50.91,49.75,50.72,2.243074e6,50.57893
2026-05-18T20:33:08.723,2,4,BAC260522C00039000,BAC,2026-05-22,call,39.0,11.12,228.0,12.33,82.0,11.725,11.6,1.0,,,,,,,2026-05-18,49.82,50.91,49.75,50.72,2.243074e6,50.57893
2026-05-18T20:33:08.723,2,4,BAC260522C00040000,BAC,2026-05-22,call,40.0,10.02,91.0,11.44,58.0,10.73,10.28,1.0,,,,,,,2026-05-18,49.82,50.91,49.75,50.72,2.243074e6,50.57893
2026-05-18T20:33:08.723,2,4,BAC260522C00041000,BAC,2026-05-22,call,41.0,9.17,128.0,10.29,92.0,9.73,9.35,1.0,,,,,,,2026-05-18,49.82,50.91,49.75,50.72,2.243074e6,50.57893
2026-05-18T20:33:08.723,2,4,BAC260522C00042000,BAC,2026-05-22,call,42.0,8.34,132.0,9.5,63.0,8.92,8.9,1.0,,,,,,,2026-05-18,49.82,50.91,49.75,50.72,2.243074e6,50.57893
2026-05-18T20:33:08.723,2,4,BAC260522C00043000,BAC,2026-05-22,call,43.0,7.01,223.0,8.36,133.0,7.685,7.55,1.0,,,,,,,2026-05-18,49.82,50.91,49.75,50.72,2.243074e6,50.57893
2026-05-18T20:33:08.723,2,4,BAC260522C00044000,BAC,2026-05-22,call,44.0,6.06,157.0,7.19,79.0,6.625,5.83,1.0,,,,,,,2026-05-18,49.82,50.91,49.75,50.72,2.243074e6,50.57893
2026-05-18T20:33:08.723,2,4,BAC260522C00045000,BAC,2026-05-22,call,45.0,5.48,268.0,6.26,266.0,5.87,5.6,1.0,0.6606,0.9635,0.0227,-0.0393,0.0042,0.0047,2026-05-18,49.82,50.91,49.75,50.72,2.243074e6,50.57893
2026-05-18T20:33:08.723,2,4,BAC260522C00045500,BAC,2026-05-22,call,45.5,5.01,164.0,5.57,102.0,5.29,5.14,1.0,,,,,,,2026-05-18,49.82,50.91,49.75,50.72,2.243074e6,50.57893
2026-05-18T20:33:08.723,2,4,BAC260522C00046000,BAC,2026-05-22,call,46.0,4.17,180.0,5.22,144.0,4.695,4.7,1.0,,,,,,,2026-05-18,49.82,50.91,49.75,50.72,2.243074e6,50.57893
2026-05-18T20:33:08.723,2,4,BAC260522C00046500,BAC,2026-05-22,call,46.5,4.0,136.0,4.52,98.0,4.26,4.09,1.0,,,,,,,2026-05-18,49.82,50.91,49.75,50.72,2.243074e6,50.57893
2026-05-18T20:33:08.723,2,4,BAC260522C00047000,BAC,2026-05-22,call,47.0,3.54,774.0,4.1,618.0,3.82,3.8,1.0,0.2769,0.9966,0.0069,-0.0065,0.0005,0.0051,2026-05-18,49.82,50.91,49.75,50.72,2.243074e6,50.57893
2026-05-18T20:33:08.723,2,4,BAC260522C00047500,BAC,2026-05-22,call,47.5,3.12,22.0,3.65,80.0,3.385,3.26,1.0,0.4325,0.9351,0.0551,-0.0408,0.0067,0.0048,2026-05-18,49.82,50.91,49.75,50.72,2.243074e6,50.57893
2026-05-18T20:33:08.723,2,4,BAC260522C00048000,BAC,2026-05-22,call,48.0,2.66,696.0,2.86,113.0,2.76,2.85,1.0,,,,,,,2026-05-18,49.82,50.91,49.75,50.72,2.243074e6,50.57893
2026-05-18T20:33:08.723,2,4,BAC260522C00048500,BAC,2026-05-22,call,48.5,2.2,680.0,2.35,77.0,2.2750000000000004,2.36,1.0,,,,,,,2026-05-18,49.82,50.91,49.75,50.72,2.243074e6,50.57893
2026-05-18T20:33:08.723,2,4,BAC260522C00049000,BAC,2026-05-22,call,49.0,1.82,370.0,1.9,124.0,1.8599999999999999,1.9,1.0,0.2397,0.9287,0.1069,-0.0262,0.0072,0.005,2026-05-18,49.82,50.91,49.75,50.72,2.243074e6,50.57893
2026-05-18T20:33:08.723,2,4,BAC260522C00049500,BAC,2026-05-22,call,49.5,1.39,505.0,1.48,80.0,1.435,1.45,1.0,0.2558,0.8404,0.1786,-0.0454,0.0129,0.0045,2026-05-18,49.82,50.91,49.75,50.72,2.243074e6,50.57893
2026-05-18T20:33:08.723,2,4,BAC260522C00050000,BAC,2026-05-22,call,50.0,1.06,137.0,1.1,95.0,1.08,1.06,1.0,0.2758,0.7183,0.2302,-0.0654,0.018,0.0039,2026-05-18,49.82,50.91,49.75,50.72,2.243074e6,50.57893
2026-05-18T20:33:08.723,2,4,BAC260522C00050500,BAC,2026-05-22,call,50.5,0.8,18.0,0.81,59.0,0.805,0.8,1.0,0.299,0.5861,0.2451,-0.0803,0.0207,0.0032,2026-05-18,49.82,50.91,49.75,50.72,2.243074e6,50.57893
2026-05-18T20:33:08.723,2,4,BAC260522C00051000,BAC,2026-05-22,call,51.0,0.54,51.0,0.56,286.0,0.55,0.54,1.0,0.2992,0.4613,0.2495,-0.0812,0.0211,0.0025,2026-05-18,49.82,50.91,49.75,50.72,2.243074e6,50.57893
2026-05-18T20:33:08.723,2,4,BAC260522C00051500,BAC,2026-05-22,call,51.5,0.3,493.0,0.32,74.0,0.31,0.32,1.0,0.2755,0.3277,0.2464,-0.0678,0.0192,0.0018,2026-05-18,49.82,50.91,49.75,50.72,2.243074e6,50.57893
2026-05-18T20:33:08.723,2,4,BAC260522C00052000,BAC,2026-05-22,call,52.0,0.21,466.0,0.22,218.0,0.215,0.21,1.0,0.2977,0.2355,0.1943,-0.062,0.0164,0.0013,2026-05-18,49.82,50.91,49.75,50.72,2.243074e6,50.57893
2026-05-18T20:33:08.723,2,4,BAC260522C00052500,BAC,2026-05-22,call,52.5,0.12,1361.0,0.13,1.0,0.125,0.12,1.0,0.2991,0.1531,0.1486,-0.0477,0.0126,0.0008,2026-05-18,49.82,50.91,49.75,50.72,2.243074e6,50.57893
2026-05-18T20:33:08.723,2,4,BAC260522C00053000,BAC,2026-05-22,call,53.0,0.03,1567.0,0.04,322.0,0.035,0.04,1.0,0.2562,0.0602,0.0877,-0.0206,0.0064,0.0003,2026-05-18,49.82,50.91,49.75,50.72,2.243074e6,50.57893
2026-05-18T20:33:08.723,2,4,BAC260522C00054000,BAC,2026-05-22,call,54.0,0.03,132.0,0.04,165.0,0.035,0.03,10.0,0.3426,0.047,0.0539,-0.0226,0.0052,0.0003,2026-05-18,49.82,50.91,49.75,50.72,2.243074e6,50.57893
2026-05-18T20:33:08.723,2,4,BAC260522C00055000,BAC,2026-05-22,call,55.0,0.0,0.0,0.03,105.0,0.015,0.01,5.0,,,,,,,2026-05-18,49.82,50.91,49.75,50.72,2.243074e6,50.57893
2026-05-18T20:33:08.723,2,4,BAC260522C00056000,BAC,2026-05-22,call,56.0,0.0,0.0,0.01,39.0,0.005,0.01,100.0,,,,,,,2026-05-18,49.82,50.91,49.75,50.72,2.243074e6,50.57893
2026-05-18T20:33:08.723,2,4,BAC260522C00057000,BAC,2026-05-22,call,57.0,0.0,0.0,0.03,6.0,0.015,0.01,1.0,,,,,,,2026-05-18,49.82,50.91,49.75,50.72,2.243074e6,50.57893
2026-05-18T20:33:08.723,2,4,BAC260522C00058000,BAC,2026-05-22,call,58.0,0.0,0.0,0.01,2.0,0.005,0.01,1.0,,,,,,,2026-05-18,49.82,50.91,49.75,50.72,2.243074e6,50.57893
2026-05-18T20:33:08.723,2,4,BAC260522C00059000,BAC,2026-05-22,call,59.0,0.0,0.0,0.1,471.0,0.05,0.06,5.0,,,,,,,2026-05-18,49.82,50.91,49.75,50.72,2.243074e6,50.57893
2026-05-18T20:33:08.723,2,4,BAC260522C00060000,BAC,2026-05-22,call,60.0,0.0,0.0,0.01,20.0,0.005,0.01,10.0,,,,,,,2026-05-18,49.82,50.91,49.75,50.72,2.243074e6,50.57893
2026-05-18T20:33:08.723,2,4,BAC260522C00061000,BAC,2026-05-22,call,61.0,0.0,0.0,0.03,1.0,0.015,0.03,1.0,,,,,,,2026-05-18,49.82,50.91,49.75,50.72,2.243074e6,50.57893
2026-05-18T20:33:08.723,2,4,BAC260522C00062000,BAC,2026-05-22,call,62.0,0.0,0.0,0.03,2.0,0.015,0.02,1.0,,,,,,,2026-05-18,49.82,50.91,49.75,50.72,2.243074e6,50.57893
2026-05-18T20:33:08.723,2,4,BAC260522C00063000,BAC,2026-05-22,call,63.0,0.0,0.0,0.03,2.0,0.015,0.03,1.0,,,,,,,2026-05-18,49.82,50.91,49.75,50.72,2.243074e6,50.57893
2026-05-18T20:33:08.723,2,4,BAC260522C00064000,BAC,2026-05-22,call,64.0,0.0,0.0,0.01,2.0,0.005,,,,,,,,,2026-05-18,49.82,50.91,49.75,50.72,2.243074e6,50.57893
2026-05-18T20:33:08.723,2,4,BAC260522C00065000,BAC,2026-05-22,call,65.0,0.0,0.0,0.01,2.0,0.005,0.01,2.0,,,,,,,2026-05-18,49.82,50.91,49.75,50.72,2.243074e6,50.57893
2026-05-18T20:33:08.723,2,4,BAC260522C00066000,BAC,2026-05-22,call,66.0,0.0,0.0,0.03,2.0,0.015,,,,,,,,,2026-05-18,49.82,50.91,49.75,50.72,2.243074e6,50.57893
2026-05-18T20:33:08.723,2,4,BAC260522P00030000,BAC,2026-05-22,put,30.0,0.0,0.0,0.04,2.0,0.02,,,,,,,,,2026-05-18,49.82,50.91,49.75,50.72,2.243074e6,50.57893
2026-05-18T20:33:08.723,2,4,BAC260522P00035000,BAC,2026-05-22,put,35.0,0.0,0.0,0.01,6.0,0.005,0.02,1.0,,,,,,,2026-05-18,49.82,50.91,49.75,50.72,2.243074e6,50.57893
2026-05-18T20:33:08.723,2,4,BAC260522P00037000,BAC,2026-05-22,put,37.0,0.0,0.0,0.04,2.0,0.02,,,,,,,,,2026-05-18,49.82,50.91,49.75,50.72,2.243074e6,50.57893
2026-05-18T20:33:08.723,2,4,BAC260522P00038000,BAC,2026-05-22,put,38.0,0.0,0.0,0.01,2.0,0.005,0.05,1.0,,,,,,,2026-05-18,49.82,50.91,49.75,50.72,2.243074e6,50.57893
2026-05-18T20:33:08.723,2,4,BAC260522P00039000,BAC,2026-05-22,put,39.0,0.0,0.0,0.01,2.0,0.005,0.01,1.0,,,,,,,2026-05-18,49.82,50.91,49.75,50.72,2.243074e6,50.57893
2026-05-18T20:33:08.723,2,4,BAC260522P00040000,BAC,2026-05-22,put,40.0,0.0,0.0,0.01,2.0,0.005,0.02,1.0,,,,,,,2026-05-18,49.82,50.91,49.75,50.72,2.243074e6,50.57893
2026-05-18T20:33:08.723,2,4,BAC260522P00041000,BAC,2026-05-22,put,41.0,0.0,0.0,0.86,382.0,0.43,0.01,2.0,,,,,,,2026-05-18,49.82,50.91,49.75,50.72,2.243074e6,50.57893
2026-05-18T20:33:08.723,2,4,BAC260522P00042000,BAC,2026-05-22,put,42.0,0.0,0.0,0.04,2.0,0.02,0.02,1.0,,,,,,,2026-05-18,49.82,50.91,49.75,50.72,2.243074e6,50.57893
2026-05-18T20:33:08.723,2,4,BAC260522P00043000,BAC,2026-05-22,put,43.0,0.0,0.0,0.04,2.0,0.02,0.01,1.0,,,,,,,2026-05-18,49.82,50.91,49.75,50.72,2.243074e6,50.57893
2026-05-18T20:33:08.723,2,4,BAC260522P00044000,BAC,2026-05-22,put,44.0,0.0,0.0,0.01,13.0,0.005,0.01,1.0,,,,,,,2026-05-18,49.82,50.91,49.75,50.72,2.243074e6,50.57893
2026-05-18T20:33:08.723,2,4,BAC260522P00045000,BAC,2026-05-22,put,45.0,0.0,0.0,0.01,118.0,0.005,0.01,1.0,,,,,,,2026-05-18,49.82,50.91,49.75,50.72,2.243074e6,50.57893
2026-05-18T20:33:08.723,2,4,BAC260522P00045500,BAC,2026-05-22,put,45.5,0.0,0.0,0.01,9.0,0.005,0.01,2.0,,,,,,,2026-05-18,49.82,50.91,49.75,50.72,2.243074e6,50.57893
2026-05-18T20:33:08.723,2,4,BAC260522P00046000,BAC,2026-05-22,put,46.0,0.0,0.0,0.04,263.0,0.02,0.02,4.0,,,,,,,2026-05-18,49.82,50.91,49.75,50.72,2.243074e6,50.57893
2026-05-18T20:33:08.723,2,4,BAC260522P00046500,BAC,2026-05-22,put,46.5,0.01,263.0,0.04,257.0,0.025,0.02,1.0,0.4463,-0.0271,0.0264,-0.0184,0.0033,-0.0002,2026-05-18,49.82,50.91,49.75,50.72,2.243074e6,50.57893
2026-05-18T20:33:08.723,2,4,BAC260522P00047000,BAC,2026-05-22,put,47.0,0.04,350.0,0.05,655.0,0.045,0.04,1.0,0.4471,-0.0452,0.04,-0.0281,0.0051,-0.0003,2026-05-18,49.82,50.91,49.75,50.72,2.243074e6,50.57893
2026-05-18T20:33:08.723,2,4,BAC260522P00047500,BAC,2026-05-22,put,47.5,0.01,189.0,0.06,692.0,0.034999999999999996,0.03,2.0,0.3782,-0.0422,0.0447,-0.0224,0.0048,-0.0002,2026-05-18,49.82,50.91,49.75,50.72,2.243074e6,50.57893
2026-05-18T20:33:08.723,2,4,BAC260522P00048000,BAC,2026-05-22,put,48.0,0.03,1075.0,0.04,315.0,0.035,0.04,11.0,0.33,-0.0475,0.0564,-0.0215,0.0053,-0.0003,2026-05-18,49.82,50.91,49.75,50.72,2.243074e6,50.57893
2026-05-18T20:33:08.723,2,4,BAC260522P00048500,BAC,2026-05-22,put,48.5,0.06,795.0,0.07,129.0,0.065,0.07,1.0,0.3242,-0.0817,0.0876,-0.0321,0.008,-0.0005,2026-05-18,49.82,50.91,49.75,50.72,2.243074e6,50.57893
2026-05-18T20:33:08.723,2,4,BAC260522P00049000,BAC,2026-05-22,put,49.0,0.16,120.0,0.17,116.0,0.165,0.16,1.0,0.3589,-0.1612,0.1281,-0.0575,0.013,-0.0009,2026-05-18,49.82,50.91,49.75,50.72,2.243074e6,50.57893
2026-05-18T20:33:08.723,2,4,BAC260522P00049500,BAC,2026-05-22,put,49.5,0.24,176.0,0.25,147.0,0.245,0.24,2.0,0.3442,-0.2271,0.1647,-0.0678,0.016,-0.0013,2026-05-18,49.82,50.91,49.75,50.72,2.243074e6,50.57893
2026-05-18T20:33:08.723,2,4,BAC260522P00050000,BAC,2026-05-22,put,50.0,0.33,1.0,0.38,31.0,0.355,0.37,1.0,0.3272,-0.3114,0.2031,-0.0753,0.0188,-0.0018,2026-05-18,49.82,50.91,49.75,50.72,2.243074e6,50.57893
2026-05-18T20:33:08.723,2,4,BAC260522P00050500,BAC,2026-05-22,put,50.5,0.54,238.0,0.56,148.0,0.55,0.56,1.0,0.3302,-0.4207,0.2227,-0.0837,0.0208,-0.0024,2026-05-18,49.82,50.91,49.75,50.72,2.243074e6,50.57893
2026-05-18T20:33:08.723,2,4,BAC260522P00051000,BAC,2026-05-22,put,51.0,0.73,185.0,0.8,20.0,0.765,0.8,27.0,0.3158,-0.536,0.2366,-0.0807,0.0211,-0.0031,2026-05-18,49.82,50.91,49.75,50.72,2.243074e6,50.57893
2026-05-18T20:33:08.723,2,4,BAC260522P00051500,BAC,2026-05-22,put,51.5,1.08,115.0,1.13,416.0,1.105,1.11,1.0,0.3344,-0.6414,0.2101,-0.0798,0.0199,-0.0037,2026-05-18,49.82,50.91,49.75,50.72,2.243074e6,50.57893
2026-05-18T20:33:08.723,2,4,BAC260522P00052000,BAC,2026-05-22,put,52.0,1.44,84.0,1.49,127.0,1.4649999999999999,1.44,1.0,0.3394,-0.7351,0.1815,-0.0701,0.0174,-0.0043,2026-05-18,49.82,50.91,49.75,50.72,2.243074e6,50.57893
2026-05-18T20:33:08.723,2,4,BAC260522P00052500,BAC,2026-05-22,put,52.5,1.84,153.0,1.97,255.0,1.905,3.03,1.0,0.3711,-0.7933,0.1447,-0.0663,0.0152,-0.0046,2026-05-18,49.82,50.91,49.75,50.72,2.243074e6,50.57893
2026-05-18T20:33:08.723,2,4,BAC260522P00053000,BAC,2026-05-22,put,53.0,2.29,159.0,2.43,183.0,2.3600000000000003,2.38,5.0,0.4007,-0.8365,0.1158,-0.0613,0.0131,-0.0049,2026-05-18,49.82,50.91,49.75,50.72,2.243074e6,50.57893
2026-05-18T20:33:08.723,2,4,BAC260522P00054000,BAC,2026-05-22,put,54.0,3.03,44.0,3.72,30.0,3.375,3.8,40.0,0.5254,-0.859,0.08,-0.0735,0.0119,-0.0052,2026-05-18,49.82,50.91,49.75,50.72,2.243074e6,50.57893
2026-05-18T20:33:08.723,2,4,BAC260522P00055000,BAC,2026-05-22,put,55.0,3.53,55.0,5.53,57.0,4.53,4.8,1.0,0.7579,-0.8306,0.0626,-0.1226,0.0134,-0.0051,2026-05-18,49.82,50.91,49.75,50.72,2.243074e6,50.57893
2026-05-18T20:33:08.723,2,4,BAC260522P00056000,BAC,2026-05-22,put,56.0,4.76,32.0,6.19,56.0,5.475,6.51,1.0,0.8214,-0.8612,0.0507,-0.116,0.0118,-0.0054,2026-05-18,49.82,50.91,49.75,50.72,2.243074e6,50.57893
2026-05-18T20:33:08.723,2,4,BAC260522P00057000,BAC,2026-05-22,put,57.0,5.67,116.0,7.26,173.0,6.465,6.55,30.0,0.9126,-0.8756,0.0423,-0.1194,0.0109,-0.0056,2026-05-18,49.82,50.91,49.75,50.72,2.243074e6,50.57893
2026-05-18T20:33:08.723,2,4,BAC260522P00058000,BAC,2026-05-22,put,58.0,6.67,82.0,8.86,78.0,7.765,7.95,1.0,1.2559,-0.8262,0.0384,-0.2093,0.0136,-0.0055,2026-05-18,49.82,50.91,49.75,50.72,2.243074e6,50.57893
2026-05-18T20:33:08.723,2,4,BAC260522P00059000,BAC,2026-05-22,put,59.0,7.63,129.0,9.73,184.0,8.68,6.5,1.0,,,,,,,2026-05-18,49.82,50.91,49.75,50.72,2.243074e6,50.57893
2026-05-18T20:33:08.723,2,4,BAC260522P00060000,BAC,2026-05-22,put,60.0,8.37,54.0,10.94,49.0,9.655,9.95,1.0,,,,,,,2026-05-18,49.82,50.91,49.75,50.72,2.243074e6,50.57893
2026-05-18T20:33:08.723,2,4,BAC260522P00061000,BAC,2026-05-22,put,61.0,9.54,86.0,11.7,76.0,10.62,8.5,1.0,,,,,,,2026-05-18,49.82,50.91,49.75,50.72,2.243074e6,50.57893
2026-05-18T20:33:08.723,2,4,BAC260522P00062000,BAC,2026-05-22,put,62.0,10.85,41.0,12.67,39.0,11.76,11.7,1.0,,,,,,,2026-05-18,49.82,50.91,49.75,50.72,2.243074e6,50.57893
2026-05-18T20:33:08.723,2,4,BAC260522P00063000,BAC,2026-05-22,put,63.0,11.12,11.0,13.49,20.0,12.305,12.7,1.0,,,,,,,2026-05-18,49.82,50.91,49.75,50.72,2.243074e6,50.57893
2026-05-18T20:33:08.723,2,4,BAC260522P00064000,BAC,2026-05-22,put,64.0,12.59,89.0,14.81,98.0,13.7,13.25,3.0,,,,,,,2026-05-18,49.82,50.91,49.75,50.72,2.243074e6,50.57893
2026-05-18T20:33:08.723,2,4,BAC260522P00065000,BAC,2026-05-22,put,65.0,13.9,34.0,15.8,87.0,14.850000000000001,15.05,1.0,,,,,,,2026-05-18,49.82,50.91,49.75,50.72,2.243074e6,50.57893
2026-05-18T20:33:08.723,2,4,BAC260522P00066000,BAC,2026-05-22,put,66.0,14.5,46.0,16.73,92.0,15.615,15.95,1.0,,,,,,,2026-05-18,49.82,50.91,49.75,50.72,2.243074e6,50.57893
2026-05-18T20:33:08.723,14,11,BAC260529C00030000,BAC,2026-05-29,call,30.0,19.81,150.0,21.45,86.0,20.63,20.6,1.0,,,,,,,2026-05-18,49.82,50.91,49.75,50.72,2.243074e6,50.57893
2026-05-18T20:33:08.723,14,11,BAC260529C00035000,BAC,2026-05-29,call,35.0,15.5,71.0,16.34,72.0,15.92,,,,,,,,,2026-05-18,49.82,50.91,49.75,50.72,2.243074e6,50.57893
2026-05-18T20:33:08.723,14,11,BAC260529C00038000,BAC,2026-05-29,call,38.0,12.51,118.0,12.89,78.0,12.7,12.6,1.0,,,,,,,2026-05-18,49.82,50.91,49.75,50.72,2.243074e6,50.57893
2026-05-18T20:33:08.723,14,11,BAC260529C00039000,BAC,2026-05-29,call,39.0,11.4,138.0,12.23,96.0,11.815000000000001,11.51,1.0,,,,,,,2026-05-18,49.82,50.91,49.75,50.72,2.243074e6,50.57893
2026-05-18T20:33:08.723,14,11,BAC260529C00040000,BAC,2026-05-29,call,40.0,10.33,113.0,11.34,101.0,10.835,13.22,3.0,,,,,,,2026-05-18,49.82,50.91,49.75,50.72,2.243074e6,50.57893
2026-05-18T20:33:08.723,14,11,BAC260529C00041000,BAC,2026-05-29,call,41.0,9.59,107.0,10.3,75.0,9.945,13.45,1.0,0.7232,0.9623,0.0129,-0.0276,0.0072,0.0117,2026-05-18,49.82,50.91,49.75,50.72,2.243074e6,50.57893
2026-05-18T20:33:08.723,14,11,BAC260529C00042000,BAC,2026-05-29,call,42.0,8.38,175.0,9.12,119.0,8.75,8.9,1.0,,,,,,,2026-05-18,49.82,50.91,49.75,50.72,2.243074e6,50.57893
2026-05-18T20:33:08.723,14,11,BAC260529C00043000,BAC,2026-05-29,call,43.0,7.48,160.0,8.01,109.0,7.745,7.6,1.0,,,,,,,2026-05-18,49.82,50.91,49.75,50.72,2.243074e6,50.57893
2026-05-18T20:33:08.723,14,11,BAC260529C00044000,BAC,2026-05-29,call,44.0,6.41,117.0,7.16,90.0,6.785,6.8,1.0,,,,,,,2026-05-18,49.82,50.91,49.75,50.72,2.243074e6,50.57893
2026-05-18T20:33:08.723,14,11,BAC260529C00045000,BAC,2026-05-29,call,45.0,5.37,139.0,6.0,122.0,5.6850000000000005,4.62,30.0,,,,,,,2026-05-18,49.82,50.91,49.75,50.72,2.243074e6,50.57893
2026-05-18T20:33:08.723,14,11,BAC260529C00045500,BAC,2026-05-29,call,45.5,4.88,37.0,5.62,37.0,5.25,,,,,,,,,2026-05-18,49.82,50.91,49.75,50.72,2.243074e6,50.57893
2026-05-18T20:33:08.723,14,11,BAC260529C00046000,BAC,2026-05-29,call,46.0,4.58,110.0,5.21,78.0,4.895,3.87,1.0,0.3309,0.9621,0.0283,-0.0153,0.0073,0.0133,2026-05-18,49.82,50.91,49.75,50.72,2.243074e6,50.57893
2026-05-18T20:33:08.723,14,11,BAC260529C00046500,BAC,2026-05-29,call,46.5,4.15,44.0,4.43,36.0,4.29,,,,,,,,,2026-05-18,49.82,50.91,49.75,50.72,2.243074e6,50.57893
2026-05-18T20:33:08.723,14,11,BAC260529C00047000,BAC,2026-05-29,call,47.0,3.75,74.0,3.97,37.0,3.8600000000000003,3.83,2.0,0.2084,0.986,0.0194,-0.0075,0.0032,0.0139,2026-05-18,49.82,50.91,49.75,50.72,2.243074e6,50.57893
2026-05-18T20:33:08.723,14,11,BAC260529C00047500,BAC,2026-05-29,call,47.5,3.23,39.0,3.39,38.0,3.31,,,,,,,,,2026-05-18,49.82,50.91,49.75,50.72,2.243074e6,50.57893
2026-05-18T20:33:08.723,14,11,BAC260529C00048000,BAC,2026-05-29,call,48.0,2.86,329.0,3.01,51.0,2.9349999999999996,2.17,2.0,0.2441,0.9169,0.0711,-0.0193,0.0135,0.0132,2026-05-18,49.82,50.91,49.75,50.72,2.243074e6,50.57893
2026-05-18T20:33:08.723,14,11,BAC260529C00048500,BAC,2026-05-29,call,48.5,2.44,584.0,2.58,79.0,2.51,2.38,5.0,0.254,0.8638,0.0975,-0.0263,0.0193,0.0125,2026-05-18,49.82,50.91,49.75,50.72,2.243074e6,50.57893
2026-05-18T20:33:08.723,14,11,BAC260529C00049000,BAC,2026-05-29,call,49.0,2.05,517.0,2.16,84.0,2.105,1.69,1.0,0.2569,0.8039,0.1221,-0.0323,0.0244,0.0117,2026-05-18,49.82,50.91,49.75,50.72,2.243074e6,50.57893
2026-05-18T20:33:08.723,14,11,BAC260529C00049500,BAC,2026-05-29,call,49.5,1.64,248.0,1.78,70.0,1.71,1.75,1.0,0.251,0.7395,0.1467,-0.0362,0.0286,0.0108,2026-05-18,49.82,50.91,49.75,50.72,2.243074e6,50.57893
2026-05-18T20:33:08.723,14,11,BAC260529C00050000,BAC,2026-05-29,call,50.0,1.33,236.0,1.39,99.0,1.3599999999999999,1.48,1.0,0.2485,0.6608,0.167,-0.0396,0.0323,0.0097,2026-05-18,49.82,50.91,49.75,50.72,2.243074e6,50.57893
2026-05-18T20:33:08.723,14,11,BAC260529C00050500,BAC,2026-05-29,call,50.5,1.05,37.0,1.08,156.0,1.065,1.05,4.0,0.25,0.5726,0.178,-0.0421,0.0346,0.0084,2026-05-18,49.82,50.91,49.75,50.72,2.243074e6,50.57893
2026-05-18T20:33:08.723,14,11,BAC260529C00051000,BAC,2026-05-29,call,51.0,0.79,19.0,0.81,395.0,0.8,0.81,2.0,0.2471,0.4821,0.1829,-0.0418,0.0351,0.0071,2026-05-18,49.82,50.91,49.75,50.72,2.243074e6,50.57893
2026-05-18T20:33:08.723,14,11,BAC260529C00051500,BAC,2026-05-29,call,51.5,0.57,49.0,0.62,47.0,0.595,0.57,3.0,0.2485,0.3934,0.1755,-0.0402,0.0339,0.0058,2026-05-18,49.82,50.91,49.75,50.72,2.243074e6,50.57893
2026-05-18T20:33:08.723,14,11,BAC260529C00052000,BAC,2026-05-29,call,52.0,0.44,162.0,0.46,161.0,0.45,0.44,1.0,0.2557,0.3159,0.1577,-0.038,0.0314,0.0047,2026-05-18,49.82,50.91,49.75,50.72,2.243074e6,50.57893
2026-05-18T20:33:08.723,14,11,BAC260529C00052500,BAC,2026-05-29,call,52.5,0.31,19.0,0.32,180.0,0.315,0.31,1.0,0.2546,0.2426,0.1392,-0.0331,0.0276,0.0036,2026-05-18,49.82,50.91,49.75,50.72,2.243074e6,50.57893
2026-05-18T20:33:08.723,14,11,BAC260529C00053000,BAC,2026-05-29,call,53.0,0.17,254.0,0.18,127.0,0.175,0.18,10.0,0.2364,0.162,0.1177,-0.024,0.0216,0.0024,2026-05-18,49.82,50.91,49.75,50.72,2.243074e6,50.57893
2026-05-18T20:33:08.723,14,11,BAC260529C00054000,BAC,2026-05-29,call,54.0,0.06,609.0,0.07,409.0,0.065,0.07,10.0,0.2335,0.0721,0.0667,-0.0132,0.0121,0.0011,2026-05-18,49.82,50.91,49.75,50.72,2.243074e6,50.57893
2026-05-18T20:33:08.723,14,11,BAC260529C00055000,BAC,2026-05-29,call,55.0,0.01,569.0,0.02,646.0,0.015,0.02,7.0,0.2202,0.0212,0.0261,-0.0046,0.0045,0.0003,2026-05-18,49.82,50.91,49.75,50.72,2.243074e6,50.57893
2026-05-18T20:33:08.723,14,11,BAC260529C00056000,BAC,2026-05-29,call,56.0,0.01,26.0,0.03,381.0,0.02,0.01,1.0,0.2739,0.0226,0.0222,-0.006,0.0047,0.0003,2026-05-18,49.82,50.91,49.75,50.72,2.243074e6,50.57893
2026-05-18T20:33:08.723,14,11,BAC260529C00057000,BAC,2026-05-29,call,57.0,0.03,29.0,0.05,1060.0,0.04,0.03,1.0,0.3527,0.0334,0.0239,-0.0107,0.0066,0.0005,2026-05-18,49.82,50.91,49.75,50.72,2.243074e6,50.57893
2026-05-18T20:33:08.723,14,11,BAC260529C00058000,BAC,2026-05-29,call,58.0,0.0,0.0,0.03,182.0,0.015,0.01,10.0,,,,,,,2026-05-18,49.82,50.91,49.75,50.72,2.243074e6,50.57893
2026-05-18T20:33:08.723,14,11,BAC260529C00059000,BAC,2026-05-29,call,59.0,0.0,0.0,0.28,261.0,0.14,0.05,14.0,,,,,,,2026-05-18,49.82,50.91,49.75,50.72,2.243074e6,50.57893
2026-05-18T20:33:08.723,14,11,BAC260529C00060000,BAC,2026-05-29,call,60.0,0.0,0.0,0.03,5.0,0.015,0.02,1.0,,,,,,,2026-05-18,49.82,50.91,49.75,50.72,2.243074e6,50.57893
2026-05-18T20:33:08.723,14,11,BAC260529C00061000,BAC,2026-05-29,call,61.0,0.0,0.0,0.03,1.0,0.015,0.01,1.0,,,,,,,2026-05-18,49.82,50.91,49.75,50.72,2.243074e6,50.57893
2026-05-18T20:33:08.723,14,11,BAC260529C00062000,BAC,2026-05-29,call,62.0,0.0,0.0,2.15,219.0,1.075,0.04,4.0,,,,,,,2026-05-18,49.82,50.91,49.75,50.72,2.243074e6,50.57893
2026-05-18T20:33:08.723,14,11,BAC260529C00063000,BAC,2026-05-29,call,63.0,0.0,0.0,2.15,228.0,1.075,,,,,,,,,2026-05-18,49.82,50.91,49.75,50.72,2.243074e6,50.57893
2026-05-18T20:33:08.723,14,11,BAC260529C00064000,BAC,2026-05-29,call,64.0,0.0,0.0,2.16,217.0,1.08,,,,,,,,,2026-05-18,49.82,50.91,49.75,50.72,2.243074e6,50.57893
2026-05-18T20:33:08.723,14,11,BAC260529C00065000,BAC,2026-05-29,call,65.0,0.0,0.0,2.15,265.0,1.075,,,,,,,,,2026-05-18,49.82,50.91,49.75,50.72,2.243074e6,50.57893
2026-05-18T20:33:08.723,14,11,BAC260529C00066000,BAC,2026-05-29,call,66.0,0.0,0.0,2.15,300.0,1.075,,,,,,,,,2026-05-18,49.82,50.91,49.75,50.72,2.243074e6,50.57893
2026-05-18T20:33:08.723,14,11,BAC260529P00030000,BAC,2026-05-29,put,30.0,0.0,0.0,0.01,2.0,0.005,0.03,1.0,,,,,,,2026-05-18,49.82,50.91,49.75,50.72,2.243074e6,50.57893
2026-05-18T20:33:08.723,14,11,BAC260529P00035000,BAC,2026-05-29,put,35.0,0.0,0.0,0.02,1.0,0.01,0.03,1.0,,,,,,,2026-05-18,49.82,50.91,49.75,50.72,2.243074e6,50.57893
2026-05-18T20:33:08.723,14,11,BAC260529P00038000,BAC,2026-05-29,put,38.0,0.0,0.0,0.1,1.0,0.05,,,,,,,,,2026-05-18,49.82,50.91,49.75,50.72,2.243074e6,50.57893
2026-05-18T20:33:08.723,14,11,BAC260529P00039000,BAC,2026-05-29,put,39.0,0.0,0.0,0.12,2.0,0.06,,,,,,,,,2026-05-18,49.82,50.91,49.75,50.72,2.243074e6,50.57893
2026-05-18T20:33:08.723,14,11,BAC260529P00040000,BAC,2026-05-29,put,40.0,0.0,0.0,0.09,598.0,0.045,0.01,1.0,,,,,,,2026-05-18,49.82,50.91,49.75,50.72,2.243074e6,50.57893
2026-05-18T20:33:08.723,14,11,BAC260529P00041000,BAC,2026-05-29,put,41.0,0.0,0.0,0.1,567.0,0.05,0.07,10.0,,,,,,,2026-05-18,49.82,50.91,49.75,50.72,2.243074e6,50.57893
2026-05-18T20:33:08.723,14,11,BAC260529P00042000,BAC,2026-05-29,put,42.0,0.0,0.0,0.08,1143.0,0.04,0.01,2.0,,,,,,,2026-05-18,49.82,50.91,49.75,50.72,2.243074e6,50.57893
2026-05-18T20:33:08.723,14,11,BAC260529P00043000,BAC,2026-05-29,put,43.0,0.0,0.0,0.13,780.0,0.065,0.02,1.0,,,,,,,2026-05-18,49.82,50.91,49.75,50.72,2.243074e6,50.57893
2026-05-18T20:33:08.723,14,11,BAC260529P00044000,BAC,2026-05-29,put,44.0,0.0,0.0,0.06,538.0,0.03,0.03,1.0,,,,,,,2026-05-18,49.82,50.91,49.75,50.72,2.243074e6,50.57893
2026-05-18T20:33:08.723,14,11,BAC260529P00045000,BAC,2026-05-29,put,45.0,0.04,300.0,0.05,356.0,0.045,0.04,1.0,0.3894,-0.0326,0.0212,-0.0112,0.0064,-0.0005,2026-05-18,49.82,50.91,49.75,50.72,2.243074e6,50.57893
2026-05-18T20:33:08.723,14,11,BAC260529P00045500,BAC,2026-05-29,put,45.5,0.05,341.0,0.06,374.0,0.055,0.03,2.0,0.3738,-0.0403,0.0263,-0.0128,0.0076,-0.0006,2026-05-18,49.82,50.91,49.75,50.72,2.243074e6,50.57893
2026-05-18T20:33:08.723,14,11,BAC260529P00046000,BAC,2026-05-29,put,46.0,0.06,958.0,0.07,594.0,0.065,0.06,15.0,0.3553,-0.0487,0.0322,-0.0141,0.0089,-0.0008,2026-05-18,49.82,50.91,49.75,50.72,2.243074e6,50.57893
2026-05-18T20:33:08.723,14,11,BAC260529P00046500,BAC,2026-05-29,put,46.5,0.04,398.0,0.05,613.0,0.045,0.05,3.0,0.3011,-0.041,0.0331,-0.0104,0.0078,-0.0006,2026-05-18,49.82,50.91,49.75,50.72,2.243074e6,50.57893
2026-05-18T20:33:08.723,14,11,BAC260529P00047000,BAC,2026-05-29,put,47.0,0.1,196.0,0.11,234.0,0.10500000000000001,0.11,6.0,0.3276,-0.0786,0.0508,-0.0189,0.0129,-0.0012,2026-05-18,49.82,50.91,49.75,50.72,2.243074e6,50.57893
2026-05-18T20:33:08.723,14,11,BAC260529P00047500,BAC,2026-05-29,put,47.5,0.1,365.0,0.11,366.0,0.10500000000000001,0.11,1.0,0.2938,-0.0863,0.0608,-0.0181,0.0139,-0.0014,2026-05-18,49.82,50.91,49.75,50.72,2.243074e6,50.57893
2026-05-18T20:33:08.723,14,11,BAC260529P00048000,BAC,2026-05-29,put,48.0,0.14,305.0,0.16,793.0,0.15000000000000002,0.18,1.0,0.2872,-0.1182,0.0782,-0.0222,0.0175,-0.0019,2026-05-18,49.82,50.91,49.75,50.72,2.243074e6,50.57893
2026-05-18T20:33:08.723,14,11,BAC260529P00048500,BAC,2026-05-29,put,48.5,0.25,230.0,0.26,34.0,0.255,0.25,3.0,0.3002,-0.1747,0.0973,-0.0301,0.0227,-0.0028,2026-05-18,49.82,50.91,49.75,50.72,2.243074e6,50.57893
2026-05-18T20:33:08.723,14,11,BAC260529P00049000,BAC,2026-05-29,put,49.0,0.3,100.0,0.35,57.0,0.32499999999999996,0.34,100.0,0.2858,-0.2195,0.1173,-0.0327,0.0261,-0.0035,2026-05-18,49.82,50.91,49.75,50.72,2.243074e6,50.57893
2026-05-18T20:33:08.723,14,11,BAC260529P00049500,BAC,2026-05-29,put,49.5,0.42,102.0,0.48,219.0,0.44999999999999996,0.48,1.0,0.2829,-0.2828,0.1356,-0.0369,0.0298,-0.0045,2026-05-18,49.82,50.91,49.75,50.72,2.243074e6,50.57893
2026-05-18T20:33:08.723,14,11,BAC260529P00050000,BAC,2026-05-29,put,50.0,0.61,434.0,0.64,251.0,0.625,0.63,15.0,0.285,-0.3567,0.1484,-0.0408,0.0329,-0.0056,2026-05-18,49.82,50.91,49.75,50.72,2.243074e6,50.57893
2026-05-18T20:33:08.723,14,11,BAC260529P00050500,BAC,2026-05-29,put,50.5,0.8,249.0,0.84,158.0,0.8200000000000001,0.84,1.0,0.2816,-0.4334,0.1584,-0.0422,0.0347,-0.0069,2026-05-18,49.82,50.91,49.75,50.72,2.243074e6,50.57893
2026-05-18T20:33:08.723,14,11,BAC260529P00051000,BAC,2026-05-29,put,51.0,1.0,118.0,1.04,163.0,1.02,1.04,2.0,0.2685,-0.5151,0.1684,-0.0402,0.0352,-0.0082,2026-05-18,49.82,50.91,49.75,50.72,2.243074e6,50.57893
2026-05-18T20:33:08.723,14,11,BAC260529P00051500,BAC,2026-05-29,put,51.5,1.32,90.0,1.41,123.0,1.365,1.31,40.0,0.2854,-0.5908,0.1544,-0.0414,0.0343,-0.0095,2026-05-18,49.82,50.91,49.75,50.72,2.243074e6,50.57893
2026-05-18T20:33:08.723,14,11,BAC260529P00052000,BAC,2026-05-29,put,52.0,1.64,126.0,1.77,603.0,1.705,1.62,2.0,0.2907,-0.6613,0.1427,-0.0392,0.0323,-0.0106,2026-05-18,49.82,50.91,49.75,50.72,2.243074e6,50.57893
2026-05-18T20:33:08.723,14,11,BAC260529P00052500,BAC,2026-05-29,put,52.5,1.98,121.0,2.12,775.0,2.05,2.02,2.0,0.287,-0.7304,0.1305,-0.0342,0.0291,-0.0118,2026-05-18,49.82,50.91,49.75,50.72,2.243074e6,50.57893
2026-05-18T20:33:08.723,14,11,BAC260529P00053000,BAC,2026-05-29,put,53.0,2.38,142.0,2.53,329.0,2.455,2.48,1.0,0.2938,-0.7836,0.1132,-0.0304,0.0259,-0.0127,2026-05-18,49.82,50.91,49.75,50.72,2.243074e6,50.57893
2026-05-18T20:33:08.723,14,11,BAC260529P00054000,BAC,2026-05-29,put,54.0,3.17,259.0,3.53,362.0,3.3499999999999996,3.38,1.0,0.3205,-0.8533,0.0813,-0.0249,0.0203,-0.0141,2026-05-18,49.82,50.91,49.75,50.72,2.243074e6,50.57893
2026-05-18T20:33:08.723,14,11,BAC260529P00055000,BAC,2026-05-29,put,55.0,4.05,261.0,4.66,123.0,4.355,4.35,2.0,0.3877,-0.8709,0.0616,-0.0279,0.0186,-0.0146,2026-05-18,49.82,50.91,49.75,50.72,2.243074e6,50.57893
2026-05-18T20:33:08.723,14,11,BAC260529P00056000,BAC,2026-05-29,put,56.0,5.02,37.0,5.85,77.0,5.435,3.85,2.0,0.4922,-0.8611,0.051,-0.0389,0.0195,-0.0148,2026-05-18,49.82,50.91,49.75,50.72,2.243074e6,50.57893
2026-05-18T20:33:08.723,14,11,BAC260529P00057000,BAC,2026-05-29,put,57.0,5.93,85.0,6.67,111.0,6.3,6.1,1.0,0.4701,-0.9126,0.0383,-0.0248,0.014,-0.0159,2026-05-18,49.82,50.91,49.75,50.72,2.243074e6,50.57893
2026-05-18T20:33:08.723,14,11,BAC260529P00058000,BAC,2026-05-29,put,58.0,7.02,34.0,8.62,51.0,7.819999999999999,7.3,1.0,0.7956,-0.8113,0.0385,-0.0814,0.0238,-0.0148,2026-05-18,49.82,50.91,49.75,50.72,2.243074e6,50.57893
2026-05-18T20:33:08.723,14,11,BAC260529P00059000,BAC,2026-05-29,put,59.0,7.96,32.0,9.67,37.0,8.815,8.3,1.0,0.857,-0.8223,0.0344,-0.0844,0.023,-0.0152,2026-05-18,49.82,50.91,49.75,50.72,2.243074e6,50.57893
2026-05-18T20:33:08.723,14,11,BAC260529P00060000,BAC,2026-05-29,put,60.0,8.94,37.0,10.48,37.0,9.71,9.35,1.0,0.8692,-0.8462,0.0309,-0.0774,0.0209,-0.0159,2026-05-18,49.82,50.91,49.75,50.72,2.243074e6,50.57893
2026-05-18T20:33:08.723,14,11,BAC260529P00061000,BAC,2026-05-29,put,61.0,9.99,30.0,11.45,37.0,10.719999999999999,10.35,1.0,0.9313,-0.8518,0.0282,-0.081,0.0204,-0.0163,2026-05-18,49.82,50.91,49.75,50.72,2.243074e6,50.57893
2026-05-18T20:33:08.723,14,11,BAC260529P00062000,BAC,2026-05-29,put,62.0,11.03,37.0,12.96,64.0,11.995000000000001,11.35,1.0,1.1151,-0.823,0.0264,-0.1108,0.0229,-0.0162,2026-05-18,49.82,50.91,49.75,50.72,2.243074e6,50.57893
2026-05-18T20:33:08.723,14,11,BAC260529P00063000,BAC,2026-05-29,put,63.0,11.47,34.0,13.44,76.0,12.455,10.6,1.0,0.8857,-0.9059,0.0215,-0.0538,0.0148,-0.0176,2026-05-18,49.82,50.91,49.75,50.72,2.243074e6,50.57893
2026-05-18T20:33:08.723,14,11,BAC260529P00064000,BAC,2026-05-29,put,64.0,12.92,37.0,14.46,59.0,13.690000000000001,13.27,1.0,1.0762,-0.8723,0.022,-0.0845,0.0184,-0.0175,2026-05-18,49.82,50.91,49.75,50.72,2.243074e6,50.57893
2026-05-18T20:33:08.723,14,11,BAC260529P00065000,BAC,2026-05-29,put,65.0,14.18,52.0,15.57,65.0,14.875,14.95,1.0,1.2229,-0.8531,0.0213,-0.107,0.0203,-0.0175,2026-05-18,49.82,50.91,49.75,50.72,2.243074e6,50.57893
2026-05-18T20:33:08.723,14,11,BAC260529P00066000,BAC,2026-05-29,put,66.0,15.09,29.0,16.66,57.0,15.875,15.35,1.0,,,,,,,2026-05-18,49.82,50.91,49.75,50.72,2.243074e6,50.57893
2026-05-18T20:33:08.723,30,31,BAC260618C00020000,BAC,2026-06-18,call,20.0,28.89,20.0,31.65,20.0,30.27,30.95,1.0,,,,,,,2026-05-18,49.82,50.91,49.75,50.72,2.243074e6,50.57893
2026-05-18T20:33:08.723,30,31,BAC260618C00023000,BAC,2026-06-18,call,23.0,27.14,171.0,27.98,171.0,27.560000000000002,30.2,1.0,,,,,,,2026-05-18,49.82,50.91,49.75,50.72,2.243074e6,50.57893
2026-05-18T20:33:08.723,30,31,BAC260618C00025000,BAC,2026-06-18,call,25.0,25.6,1070.0,26.67,641.0,26.135,25.52,1.0,,,,,,,2026-05-18,49.82,50.91,49.75,50.72,2.243074e6,50.57893
2026-05-18T20:33:08.723,30,31,BAC260618C00028000,BAC,2026-06-18,call,28.0,20.49,20.0,25.02,38.0,22.755,23.12,1.0,,,,,,,2026-05-18,49.82,50.91,49.75,50.72,2.243074e6,50.57893
2026-05-18T20:33:08.723,30,31,BAC260618C00030000,BAC,2026-06-18,call,30.0,20.06,1080.0,21.54,678.0,20.799999999999997,20.68,1.0,,,,,,,2026-05-18,49.82,50.91,49.75,50.72,2.243074e6,50.57893
2026-05-18T20:33:08.723,30,31,BAC260618C00033000,BAC,2026-06-18,call,33.0,15.74,1291.0,19.11,841.0,17.425,20.8,1.0,,,,,,,2026-05-18,49.82,50.91,49.75,50.72,2.243074e6,50.57893
2026-05-18T20:33:08.723,30,31,BAC260618C00035000,BAC,2026-06-18,call,35.0,14.75,1317.0,17.13,783.0,15.94,18.25,4.0,0.5813,0.9893,0.0033,-0.0073,0.0042,0.0291,2026-05-18,49.82,50.91,49.75,50.72,2.243074e6,50.57893
2026-05-18T20:33:08.723,30,31,BAC260618C00036000,BAC,2026-06-18,call,36.0,13.26,152.0,16.149,152.0,14.7045,,,,,,,,,2026-05-18,49.82,50.91,49.75,50.72,2.243074e6,50.57893
2026-05-18T20:33:08.723,30,31,BAC260618C00037000,BAC,2026-06-18,call,37.0,12.23,20.0,14.73,20.0,13.48,,,,,,,,,2026-05-18,49.82,50.91,49.75,50.72,2.243074e6,50.57893
2026-05-18T20:33:08.723,30,31,BAC260618C00038000,BAC,2026-06-18,call,38.0,11.8,1154.0,13.89,796.0,12.845,12.2,1.0,,,,,,,2026-05-18,49.82,50.91,49.75,50.72,2.243074e6,50.57893
2026-05-18T20:33:08.723,30,31,BAC260618C00039000,BAC,2026-06-18,call,39.0,10.31,27.0,13.15,27.0,11.73,,,,,,,,,2026-05-18,49.82,50.91,49.75,50.72,2.243074e6,50.57893
2026-05-18T20:33:08.723,30,31,BAC260618C00040000,BAC,2026-06-18,call,40.0,9.09,1406.0,11.63,756.0,10.36,9.94,3.0,,,,,,,2026-05-18,49.82,50.91,49.75,50.72,2.243074e6,50.57893
2026-05-18T20:33:08.723,30,31,BAC260618C00041000,BAC,2026-06-18,call,41.0,8.36,151.0,11.07,151.0,9.715,,,,,,,,,2026-05-18,49.82,50.91,49.75,50.72,2.243074e6,50.57893
2026-05-18T20:33:08.723,30,31,BAC260618C00042000,BAC,2026-06-18,call,42.0,8.51,847.0,9.11,802.0,8.809999999999999,7.55,1.0,,,,,,,2026-05-18,49.82,50.91,49.75,50.72,2.243074e6,50.57893
2026-05-18T20:33:08.723,30,31,BAC260618C00043000,BAC,2026-06-18,call,43.0,7.73,38.0,7.97,24.0,7.85,,,,,,,,,2026-05-18,49.82,50.91,49.75,50.72,2.243074e6,50.57893
2026-05-18T20:33:08.723,30,31,BAC260618C00044000,BAC,2026-06-18,call,44.0,6.73,53.0,6.87,38.0,6.800000000000001,6.75,3.0,,,,,,,2026-05-18,49.82,50.91,49.75,50.72,2.243074e6,50.57893
2026-05-18T20:33:08.723,30,31,BAC260618C00045000,BAC,2026-06-18,call,45.0,5.75,552.0,6.11,161.0,5.93,5.92,5.0,,,,,,,2026-05-18,49.82,50.91,49.75,50.72,2.243074e6,50.57893
2026-05-18T20:33:08.723,30,31,BAC260618C00045500,BAC,2026-06-18,call,45.5,5.36,43.0,5.57,29.0,5.465,,,0.198,0.9768,0.0188,-0.007,0.0081,0.0375,2026-05-18,49.82,50.91,49.75,50.72,2.243074e6,50.57893
2026-05-18T20:33:08.723,30,31,BAC260618C00046000,BAC,2026-06-18,call,46.0,4.78,724.0,5.03,138.0,4.905,4.85,8.0,,,,,,,2026-05-18,49.82,50.91,49.75,50.72,2.243074e6,50.57893
2026-05-18T20:33:08.723,30,31,BAC260618C00046500,BAC,2026-06-18,call,46.5,4.38,550.0,4.7,126.0,4.54,,,0.2153,0.9319,0.0413,-0.011,0.0195,0.0364,2026-05-18,49.82,50.91,49.75,50.72,2.243074e6,50.57893
2026-05-18T20:33:08.723,30,31,BAC260618C00047000,BAC,2026-06-18,call,47.0,4.07,152.0,4.18,183.0,4.125,4.25,1.0,0.23,0.8923,0.0544,-0.0142,0.0274,0.035,2026-05-18,49.82,50.91,49.75,50.72,2.243074e6,50.57893
2026-05-18T20:33:08.723,30,31,BAC260618C00047500,BAC,2026-06-18,call,47.5,3.53,523.0,3.82,116.0,3.675,,,0.2239,0.8663,0.0651,-0.0155,0.0319,0.0343,2026-05-18,49.82,50.91,49.75,50.72,2.243074e6,50.57893
2026-05-18T20:33:08.723,30,31,BAC260618C00048000,BAC,2026-06-18,call,48.0,3.13,884.0,3.36,302.0,3.245,3.06,1.0,0.2198,0.8327,0.077,-0.017,0.0371,0.0332,2026-05-18,49.82,50.91,49.75,50.72,2.243074e6,50.57893
2026-05-18T20:33:08.723,30,31,BAC260618C00048500,BAC,2026-06-18,call,48.5,2.79,260.0,2.93,130.0,2.8600000000000003,,,0.2222,0.7867,0.0884,-0.0191,0.0431,0.0315,2026-05-18,49.82,50.91,49.75,50.72,2.243074e6,50.57893
2026-05-18T20:33:08.723,30,31,BAC260618C00049000,BAC,2026-06-18,call,49.0,2.43,397.0,2.64,34.0,2.535,2.49,1.0,0.2315,0.7303,0.0964,-0.0217,0.0489,0.0294,2026-05-18,49.82,50.91,49.75,50.72,2.243074e6,50.57893
2026-05-18T20:33:08.723,30,31,BAC260618C00049500,BAC,2026-06-18,call,49.5,2.14,507.0,2.28,41.0,2.21,2.09,1.0,0.2342,0.6768,0.1036,-0.0233,0.0532,0.0273,2026-05-18,49.82,50.91,49.75,50.72,2.243074e6,50.57893
2026-05-18T20:33:08.723,30,31,BAC260618C00050000,BAC,2026-06-18,call,50.0,1.87,184.0,1.95,1.0,1.9100000000000001,1.91,3.0,0.2362,0.6215,0.1087,-0.0244,0.0563,0.0252,2026-05-18,49.82,50.91,49.75,50.72,2.243074e6,50.57893
2026-05-18T20:33:08.723,30,31,BAC260618C00050500,BAC,2026-06-18,call,50.5,1.55,619.0,1.67,116.0,1.6099999999999999,1.65,1.0,0.2332,0.566,0.114,-0.0246,0.0583,0.0231,2026-05-18,49.82,50.91,49.75,50.72,2.243074e6,50.57893
2026-05-18T20:33:08.723,30,31,BAC260618C00051000,BAC,2026-06-18,call,51.0,1.31,133.0,1.37,125.0,1.34,1.34,3.0,0.2305,0.5082,0.1169,-0.0244,0.059,0.0208,2026-05-18,49.82,50.91,49.75,50.72,2.243074e6,50.57893
2026-05-18T20:33:08.723,30,31,BAC260618C00051500,BAC,2026-06-18,call,51.5,1.12,601.0,1.14,131.0,1.13,1.14,1.0,0.2332,0.4513,0.1147,-0.0242,0.0586,0.0185,2026-05-18,49.82,50.91,49.75,50.72,2.243074e6,50.57893
2026-05-18T20:33:08.723,30,31,BAC260618C00052000,BAC,2026-06-18,call,52.0,0.92,184.0,0.93,78.0,0.925,0.94,5.0,0.232,0.395,0.1121,-0.0232,0.057,0.0163,2026-05-18,49.82,50.91,49.75,50.72,2.243074e6,50.57893
2026-05-18T20:33:08.723,30,31,BAC260618C00052500,BAC,2026-06-18,call,52.5,0.75,138.0,0.79,411.0,0.77,0.75,5.0,0.2349,0.3439,0.1058,-0.0223,0.0545,0.0142,2026-05-18,49.82,50.91,49.75,50.72,2.243074e6,50.57893
2026-05-18T20:33:08.723,30,31,BAC260618C00053000,BAC,2026-06-18,call,53.0,0.6,208.0,0.64,6.0,0.62,0.62,2.0,0.2343,0.2939,0.0993,-0.0207,0.051,0.0122,2026-05-18,49.82,50.91,49.75,50.72,2.243074e6,50.57893
2026-05-18T20:33:08.723,30,31,BAC260618C00054000,BAC,2026-06-18,call,54.0,0.35,118.0,0.41,25.0,0.38,0.39,1.0,0.2313,0.2041,0.0828,-0.0166,0.0419,0.0085,2026-05-18,49.82,50.91,49.75,50.72,2.243074e6,50.57893
2026-05-18T20:33:08.723,30,31,BAC260618C00055000,BAC,2026-06-18,call,55.0,0.2,124.0,0.21,8.0,0.20500000000000002,0.21,1.0,0.2239,0.1275,0.063,-0.0118,0.0309,0.0053,2026-05-18,49.82,50.91,49.75,50.72,2.243074e6,50.57893
2026-05-18T20:33:08.723,30,31,BAC260618C00056000,BAC,2026-06-18,call,56.0,0.15,163.0,0.16,287.0,0.155,0.13,8.0,0.241,0.0953,0.0475,-0.0102,0.0251,0.004,2026-05-18,49.82,50.91,49.75,50.72,2.243074e6,50.57893
2026-05-18T20:33:08.723,30,31,BAC260618C00057000,BAC,2026-06-18,call,57.0,0.1,280.0,0.11,544.0,0.10500000000000001,0.1,66.0,0.25,0.0665,0.0349,-0.008,0.0191,0.0028,2026-05-18,49.82,50.91,49.75,50.72,2.243074e6,50.57893
2026-05-18T20:33:08.723,30,31,BAC260618C00057500,BAC,2026-06-18,call,57.5,0.04,222.0,0.09,357.0,0.065,0.06,17.0,0.2404,0.0455,0.0269,-0.0057,0.0142,0.0019,2026-05-18,49.82,50.91,49.75,50.72,2.243074e6,50.57893
2026-05-18T20:33:08.723,30,31,BAC260618C00058000,BAC,2026-06-18,call,58.0,0.03,331.0,0.04,309.0,0.035,0.05,7.0,0.228,0.0277,0.0189,-0.0036,0.0094,0.0012,2026-05-18,49.82,50.91,49.75,50.72,2.243074e6,50.57893
2026-05-18T20:33:08.723,30,31,BAC260618C00059000,BAC,2026-06-18,call,59.0,0.05,448.0,0.06,284.0,0.055,0.05,29.0,0.2724,0.0354,0.0193,-0.0052,0.0115,0.0015,2026-05-18,49.82,50.91,49.75,50.72,2.243074e6,50.57893
2026-05-18T20:33:08.723,30,31,BAC260618C00060000,BAC,2026-06-18,call,60.0,0.01,126.0,0.06,1.0,0.034999999999999996,0.03,15.0,0.2765,0.0234,0.0135,-0.0038,0.0082,0.001,2026-05-18,49.82,50.91,49.75,50.72,2.243074e6,50.57893
2026-05-18T20:33:08.723,30,31,BAC260618C00061000,BAC,2026-06-18,call,61.0,0.0,0.0,0.12,1265.0,0.06,,,,,,,,,2026-05-18,49.82,50.91,49.75,50.72,2.243074e6,50.57893
2026-05-18T20:33:08.723,30,31,BAC260618C00062500,BAC,2026-06-18,call,62.5,0.0,0.0,0.01,676.0,0.005,0.01,10.0,,,,,,,2026-05-18,49.82,50.91,49.75,50.72,2.243074e6,50.57893
2026-05-18T20:33:08.723,30,31,BAC260618C00065000,BAC,2026-06-18,call,65.0,0.0,0.0,0.04,3.0,0.02,0.01,1.0,,,,,,,2026-05-18,49.82,50.91,49.75,50.72,2.243074e6,50.57893
2026-05-18T20:33:08.723,30,31,BAC260618C00070000,BAC,2026-06-18,call,70.0,0.0,0.0,0.01,2.0,0.005,0.01,29.0,,,,,,,2026-05-18,49.82,50.91,49.75,50.72,2.243074e6,50.57893
2026-05-18T20:33:08.723,30,31,BAC260618C00075000,BAC,2026-06-18,call,75.0,0.0,0.0,0.27,365.0,0.135,0.02,4.0,,,,,,,2026-05-18,49.82,50.91,49.75,50.72,2.243074e6,50.57893
2026-05-18T20:33:08.723,30,31,BAC260618P00020000,BAC,2026-06-18,put,20.0,0.0,0.0,0.05,4.0,0.025,0.01,1.0,,,,,,,2026-05-18,49.82,50.91,49.75,50.72,2.243074e6,50.57893
2026-05-18T20:33:08.723,30,31,BAC260618P00023000,BAC,2026-06-18,put,23.0,0.0,0.0,0.01,2.0,0.005,0.01,68.0,,,,,,,2026-05-18,49.82,50.91,49.75,50.72,2.243074e6,50.57893
2026-05-18T20:33:08.723,30,31,BAC260618P00025000,BAC,2026-06-18,put,25.0,0.0,0.0,0.03,3.0,0.015,0.03,3.0,,,,,,,2026-05-18,49.82,50.91,49.75,50.72,2.243074e6,50.57893
2026-05-18T20:33:08.723,30,31,BAC260618P00028000,BAC,2026-06-18,put,28.0,0.0,0.0,0.01,2.0,0.005,0.01,2.0,,,,,,,2026-05-18,49.82,50.91,49.75,50.72,2.243074e6,50.57893
2026-05-18T20:33:08.723,30,31,BAC260618P00030000,BAC,2026-06-18,put,30.0,0.0,0.0,0.04,56.0,0.02,0.01,1.0,,,,,,,2026-05-18,49.82,50.91,49.75,50.72,2.243074e6,50.57893
2026-05-18T20:33:08.723,30,31,BAC260618P00033000,BAC,2026-06-18,put,33.0,0.03,1.0,0.15,149.0,0.09,0.05,1.0,0.7674,-0.02,0.0043,-0.0088,0.0072,-0.0009,2026-05-18,49.82,50.91,49.75,50.72,2.243074e6,50.57893
2026-05-18T20:33:08.723,30,31,BAC260618P00035000,BAC,2026-06-18,put,35.0,0.03,1.0,0.05,5.0,0.04,0.03,15.0,0.5968,-0.0123,0.0036,-0.0045,0.0047,-0.0006,2026-05-18,49.82,50.91,49.75,50.72,2.243074e6,50.57893
2026-05-18T20:33:08.723,30,31,BAC260618P00036000,BAC,2026-06-18,put,36.0,0.0,0.0,0.13,1247.0,0.065,,,,,,,,,2026-05-18,49.82,50.91,49.75,50.72,2.243074e6,50.57893
2026-05-18T20:33:08.723,30,31,BAC260618P00037000,BAC,2026-06-18,put,37.0,0.0,0.0,0.12,1049.0,0.06,,,,,,,,,2026-05-18,49.82,50.91,49.75,50.72,2.243074e6,50.57893
2026-05-18T20:33:08.723,30,31,BAC260618P00038000,BAC,2026-06-18,put,38.0,0.0,0.0,0.18,2155.0,0.09,0.05,5.0,,,,,,,2026-05-18,49.82,50.91,49.75,50.72,2.243074e6,50.57893
2026-05-18T20:33:08.723,30,31,BAC260618P00039000,BAC,2026-06-18,put,39.0,0.0,0.0,0.1,972.0,0.05,,,,,,,,,2026-05-18,49.82,50.91,49.75,50.72,2.243074e6,50.57893
2026-05-18T20:33:08.723,30,31,BAC260618P00040000,BAC,2026-06-18,put,40.0,0.02,15.0,0.27,2311.0,0.14500000000000002,0.03,3.0,0.51,-0.0443,0.0124,-0.0112,0.0139,-0.002,2026-05-18,49.82,50.91,49.75,50.72,2.243074e6,50.57893
2026-05-18T20:33:08.723,30,31,BAC260618P00041000,BAC,2026-06-18,put,41.0,0.03,293.0,0.08,406.0,0.055,0.08,1.0,0.3896,-0.0243,0.0099,-0.0052,0.0085,-0.0011,2026-05-18,49.82,50.91,49.75,50.72,2.243074e6,50.57893
2026-05-18T20:33:08.723,30,31,BAC260618P00042000,BAC,2026-06-18,put,42.0,0.05,342.0,0.1,314.0,0.07500000000000001,0.09,3.0,0.3725,-0.0333,0.0134,-0.0064,0.011,-0.0015,2026-05-18,49.82,50.91,49.75,50.72,2.243074e6,50.57893
2026-05-18T20:33:08.723,30,31,BAC260618P00043000,BAC,2026-06-18,put,43.0,0.08,7.0,0.09,113.0,0.08499999999999999,0.12,10.0,0.3425,-0.04,0.017,-0.0068,0.0128,-0.0018,2026-05-18,49.82,50.91,49.75,50.72,2.243074e6,50.57893
2026-05-18T20:33:08.723,30,31,BAC260618P00044000,BAC,2026-06-18,put,44.0,0.16,167.0,0.17,316.0,0.165,0.16,2.0,0.3516,-0.069,0.0255,-0.0108,0.0197,-0.0031,2026-05-18,49.82,50.91,49.75,50.72,2.243074e6,50.57893
2026-05-18T20:33:08.723,30,31,BAC260618P00045000,BAC,2026-06-18,put,45.0,0.23,316.0,0.24,156.0,0.235,0.23,15.0,0.3392,-0.0957,0.0338,-0.0133,0.0252,-0.0043,2026-05-18,49.82,50.91,49.75,50.72,2.243074e6,50.57893
2026-05-18T20:33:08.723,30,31,BAC260618P00045500,BAC,2026-06-18,put,45.5,0.27,59.0,0.28,32.0,0.275,0.27,6.0,0.3314,-0.1111,0.0386,-0.0144,0.028,-0.005,2026-05-18,49.82,50.91,49.75,50.72,2.243074e6,50.57893
2026-05-18T20:33:08.723,30,31,BAC260618P00046000,BAC,2026-06-18,put,46.0,0.28,393.0,0.3,97.0,0.29000000000000004,0.31,1.0,0.3133,-0.1217,0.0436,-0.0145,0.0299,-0.0055,2026-05-18,49.82,50.91,49.75,50.72,2.243074e6,50.57893
2026-05-18T20:33:08.723,30,31,BAC260618P00046500,BAC,2026-06-18,put,46.5,0.39,181.0,0.41,181.0,0.4,0.39,1.0,0.3227,-0.1539,0.0496,-0.0175,0.0351,-0.007,2026-05-18,49.82,50.91,49.75,50.72,2.243074e6,50.57893
2026-05-18T20:33:08.723,30,31,BAC260618P00047000,BAC,2026-06-18,put,47.0,0.46,222.0,0.48,233.0,0.47,0.46,1.0,0.316,-0.1779,0.0557,-0.0187,0.0386,-0.0081,2026-05-18,49.82,50.91,49.75,50.72,2.243074e6,50.57893
2026-05-18T20:33:08.723,30,31,BAC260618P00047500,BAC,2026-06-18,put,47.5,0.55,149.0,0.59,492.0,0.5700000000000001,0.52,1.0,0.3138,-0.2079,0.0617,-0.0204,0.0424,-0.0095,2026-05-18,49.82,50.91,49.75,50.72,2.243074e6,50.57893
2026-05-18T20:33:08.723,30,31,BAC260618P00048000,BAC,2026-06-18,put,48.0,0.66,112.0,0.7,667.0,0.6799999999999999,0.67,2.0,0.3103,-0.2401,0.0677,-0.0218,0.046,-0.0109,2026-05-18,49.82,50.91,49.75,50.72,2.243074e6,50.57893
2026-05-18T20:33:08.723,30,31,BAC260618P00048500,BAC,2026-06-18,put,48.5,0.74,141.0,0.79,515.0,0.765,0.8,1.0,0.2984,-0.2704,0.0749,-0.0221,0.049,-0.0123,2026-05-18,49.82,50.91,49.75,50.72,2.243074e6,50.57893
2026-05-18T20:33:08.723,30,31,BAC260618P00049000,BAC,2026-06-18,put,49.0,0.93,107.0,0.94,822.0,0.935,0.93,4.0,0.3003,-0.3117,0.0796,-0.0237,0.0524,-0.0142,2026-05-18,49.82,50.91,49.75,50.72,2.243074e6,50.57893
2026-05-18T20:33:08.723,30,31,BAC260618P00049500,BAC,2026-06-18,put,49.5,1.05,229.0,1.13,781.0,1.0899999999999999,1.1,1.0,0.2954,-0.3521,0.0849,-0.0243,0.055,-0.0161,2026-05-18,49.82,50.91,49.75,50.72,2.243074e6,50.57893
2026-05-18T20:33:08.723,30,31,BAC260618P00050000,BAC,2026-06-18,put,50.0,1.25,97.0,1.37,1001.0,1.31,1.33,1.0,0.2984,-0.397,0.0873,-0.0254,0.0571,-0.0182,2026-05-18,49.82,50.91,49.75,50.72,2.243074e6,50.57893
2026-05-18T20:33:08.723,30,31,BAC260618P00050500,BAC,2026-06-18,put,50.5,1.52,20.0,1.54,236.0,1.53,1.55,1.0,0.2973,-0.4416,0.0897,-0.0257,0.0584,-0.0204,2026-05-18,49.82,50.91,49.75,50.72,2.243074e6,50.57893
2026-05-18T20:33:08.723,30,31,BAC260618P00051000,BAC,2026-06-18,put,51.0,1.74,153.0,1.84,401.0,1.79,1.75,13.0,0.2993,-0.4866,0.09,-0.0259,0.059,-0.0225,2026-05-18,49.82,50.91,49.75,50.72,2.243074e6,50.57893
2026-05-18T20:33:08.723,30,31,BAC260618P00051500,BAC,2026-06-18,put,51.5,2.02,127.0,2.12,137.0,2.0700000000000003,2.05,1.0,0.3008,-0.5308,0.0893,-0.0257,0.0589,-0.0247,2026-05-18,49.82,50.91,49.75,50.72,2.243074e6,50.57893
2026-05-18T20:33:08.723,30,31,BAC260618P00052000,BAC,2026-06-18,put,52.0,2.27,119.0,2.43,514.0,2.35,2.33,2.0,0.2986,-0.5752,0.0886,-0.0248,0.058,-0.0268,2026-05-18,49.82,50.91,49.75,50.72,2.243074e6,50.57893
2026-05-18T20:33:08.723,30,31,BAC260618P00052500,BAC,2026-06-18,put,52.5,2.6,115.0,2.66,425.0,2.63,2.65,6.0,0.2926,-0.6208,0.0878,-0.0232,0.0563,-0.029,2026-05-18,49.82,50.91,49.75,50.72,2.243074e6,50.57893
2026-05-18T20:33:08.723,30,31,BAC260618P00053000,BAC,2026-06-18,put,53.0,2.95,171.0,3.12,469.0,3.035,,,0.3054,-0.6545,0.0815,-0.0233,0.0546,-0.0308,2026-05-18,49.82,50.91,49.75,50.72,2.243074e6,50.57893
2026-05-18T20:33:08.723,30,31,BAC260618P00054000,BAC,2026-06-18,put,54.0,3.63,174.0,3.99,316.0,3.81,,,0.3164,-0.7201,0.0718,-0.0214,0.0498,-0.0343,2026-05-18,49.82,50.91,49.75,50.72,2.243074e6,50.57893
2026-05-18T20:33:08.723,30,31,BAC260618P00055000,BAC,2026-06-18,put,55.0,4.6,154.0,4.8,791.0,4.699999999999999,4.64,2.0,0.3415,-0.7635,0.061,-0.0209,0.0457,-0.0369,2026-05-18,49.82,50.91,49.75,50.72,2.243074e6,50.57893
2026-05-18T20:33:08.723,30,31,BAC260618P00056000,BAC,2026-06-18,put,56.0,5.39,27.0,5.73,38.0,5.5600000000000005,,,0.3527,-0.807,0.0525,-0.0185,0.0406,-0.0395,2026-05-18,49.82,50.91,49.75,50.72,2.243074e6,50.57893
2026-05-18T20:33:08.723,30,31,BAC260618P00057000,BAC,2026-06-18,put,57.0,6.48,38.0,6.75,173.0,6.615,,,0.4072,-0.812,0.0447,-0.0215,0.0399,-0.0407,2026-05-18,49.82,50.91,49.75,50.72,2.243074e6,50.57893
2026-05-18T20:33:08.723,30,31,BAC260618P00057500,BAC,2026-06-18,put,57.5,6.72,583.0,7.38,503.0,7.05,7.82,4.0,0.4101,-0.8292,0.0418,-0.02,0.0376,-0.0418,2026-05-18,49.82,50.91,49.75,50.72,2.243074e6,50.57893
2026-05-18T20:33:08.723,30,31,BAC260618P00058000,BAC,2026-06-18,put,58.0,7.18,75.0,9.04,69.0,8.11,,,0.563,-0.7603,0.0373,-0.0372,0.046,-0.0397,2026-05-18,49.82,50.91,49.75,50.72,2.243074e6,50.57893
2026-05-18T20:33:08.723,30,31,BAC260618P00059000,BAC,2026-06-18,put,59.0,7.09,83.0,9.92,83.0,8.504999999999999,,,0.4532,-0.8517,0.0345,-0.0199,0.0343,-0.044,2026-05-18,49.82,50.91,49.75,50.72,2.243074e6,50.57893
2026-05-18T20:33:08.723,30,31,BAC260618P00060000,BAC,2026-06-18,put,60.0,7.97,626.0,10.95,481.0,9.459999999999999,9.0,3.0,0.4745,-0.867,0.0306,-0.0191,0.0318,-0.0454,2026-05-18,49.82,50.91,49.75,50.72,2.243074e6,50.57893
2026-05-18T20:33:08.723,30,31,BAC260618P00061000,BAC,2026-06-18,put,61.0,9.11,151.0,11.82,156.0,10.465,,,0.5096,-0.8723,0.0277,-0.02,0.0309,-0.0465,2026-05-18,49.82,50.91,49.75,50.72,2.243074e6,50.57893
2026-05-18T20:33:08.723,30,31,BAC260618P00062500,BAC,2026-06-18,put,62.5,10.96,151.0,13.45,151.0,12.205,8.45,10.0,0.6317,-0.8455,0.0254,-0.0304,0.0352,-0.0468,2026-05-18,49.82,50.91,49.75,50.72,2.243074e6,50.57893
2026-05-18T20:33:08.723,30,31,BAC260618P00065000,BAC,2026-06-18,put,65.0,13.32,154.0,15.89,155.0,14.605,15.05,1.0,0.6813,-0.8701,0.021,-0.0286,0.0313,-0.0499,2026-05-18,49.82,50.91,49.75,50.72,2.243074e6,50.57893
2026-05-18T20:33:08.723,30,31,BAC260618P00070000,BAC,2026-06-18,put,70.0,17.89,20.0,21.01,20.0,19.450000000000003,17.34,1.0,0.7668,-0.9048,0.0149,-0.0246,0.0251,-0.0556,2026-05-18,49.82,50.91,49.75,50.72,2.243074e6,50.57893
2026-05-18T20:33:08.723,30,31,BAC260618P00075000,BAC,2026-06-18,put,75.0,22.8,20.0,26.02,20.0,24.41,20.03,2.0,0.8739,-0.9178,0.0117,-0.0247,0.0225,-0.0603,2026-05-18,49.82,50.91,49.75,50.72,2.243074e6,50.57893
2026-05-18T20:33:08.723,60,60,BAC260717C00025000,BAC,2026-07-17,call,25.0,24.15,21.0,26.56,20.0,25.354999999999997,29.65,1.0,,,,,,,2026-05-18,49.82,50.91,49.75,50.72,2.243074e6,50.57893
2026-05-18T20:33:08.723,60,60,BAC260717C00030000,BAC,2026-07-17,call,30.0,20.18,464.0,21.03,355.0,20.605,22.77,1.0,,,,,,,2026-05-18,49.82,50.91,49.75,50.72,2.243074e6,50.57893
2026-05-18T20:33:08.723,60,60,BAC260717C00035000,BAC,2026-07-17,call,35.0,14.69,769.0,16.8,623.0,15.745000000000001,15.52,1.0,,,,,,,2026-05-18,49.82,50.91,49.75,50.72,2.243074e6,50.57893
2026-05-18T20:33:08.723,60,60,BAC260717C00036000,BAC,2026-07-17,call,36.0,13.4,156.0,15.92,156.0,14.66,,,,,,,,,2026-05-18,49.82,50.91,49.75,50.72,2.243074e6,50.57893
2026-05-18T20:33:08.723,60,60,BAC260717C00037000,BAC,2026-07-17,call,37.0,12.68,20.0,14.84,21.0,13.76,,,,,,,,,2026-05-18,49.82,50.91,49.75,50.72,2.243074e6,50.57893
2026-05-18T20:33:08.723,60,60,BAC260717C00038000,BAC,2026-07-17,call,38.0,12.73,73.0,13.21,73.0,12.97,,,,,,,,,2026-05-18,49.82,50.91,49.75,50.72,2.243074e6,50.57893
2026-05-18T20:33:08.723,60,60,BAC260717C00039000,BAC,2026-07-17,call,39.0,11.6,70.0,12.09,84.0,11.844999999999999,,,,,,,,,2026-05-18,49.82,50.91,49.75,50.72,2.243074e6,50.57893
2026-05-18T20:33:08.723,60,60,BAC260717C00040000,BAC,2026-07-17,call,40.0,10.68,718.0,11.05,623.0,10.865,10.9,5.0,,,,,,,2026-05-18,49.82,50.91,49.75,50.72,2.243074e6,50.57893
2026-05-18T20:33:08.723,60,60,BAC260717C00041000,BAC,2026-07-17,call,41.0,9.63,41.0,9.95,59.0,9.79,,,,,,,,,2026-05-18,49.82,50.91,49.75,50.72,2.243074e6,50.57893
2026-05-18T20:33:08.723,60,60,BAC260717C00042000,BAC,2026-07-17,call,42.0,8.87,42.0,9.11,30.0,8.989999999999998,,,,,,,,,2026-05-18,49.82,50.91,49.75,50.72,2.243074e6,50.57893
2026-05-18T20:33:08.723,60,60,BAC260717C00043000,BAC,2026-07-17,call,43.0,7.92,412.0,8.21,642.0,8.065000000000001,,,0.1803,0.9918,0.0061,-0.0049,0.0046,0.0696,2026-05-18,49.82,50.91,49.75,50.72,2.243074e6,50.57893
2026-05-18T20:33:08.723,60,60,BAC260717C00044000,BAC,2026-07-17,call,44.0,6.87,496.0,7.34,484.0,7.105,,,0.1969,0.9722,0.0157,-0.0063,0.0132,0.0695,2026-05-18,49.82,50.91,49.75,50.72,2.243074e6,50.57893
2026-05-18T20:33:08.723,60,60,BAC260717C00045000,BAC,2026-07-17,call,45.0,6.27,785.0,6.6,721.0,6.435,6.4,10.0,0.2829,0.8782,0.0347,-0.0136,0.0416,0.0628,2026-05-18,49.82,50.91,49.75,50.72,2.243074e6,50.57893
2026-05-18T20:33:08.723,60,60,BAC260717C00046000,BAC,2026-07-17,call,46.0,5.44,457.0,5.5,329.0,5.470000000000001,5.36,2.0,0.2542,0.8582,0.0429,-0.0136,0.0463,0.0627,2026-05-18,49.82,50.91,49.75,50.72,2.243074e6,50.57893
2026-05-18T20:33:08.723,60,60,BAC260717C00047000,BAC,2026-07-17,call,47.0,4.6,795.0,4.76,700.0,4.68,4.7,1.0,0.2562,0.8045,0.0523,-0.0157,0.0569,0.0595,2026-05-18,49.82,50.91,49.75,50.72,2.243074e6,50.57893
2026-05-18T20:33:08.723,60,60,BAC260717C00048000,BAC,2026-07-17,call,48.0,3.81,615.0,4.12,134.0,3.965,3.25,1.0,0.2597,0.7414,0.0605,-0.0178,0.0666,0.0554,2026-05-18,49.82,50.91,49.75,50.72,2.243074e6,50.57893
2026-05-18T20:33:08.723,60,60,BAC260717C00049000,BAC,2026-07-17,call,49.0,3.23,896.0,3.29,185.0,3.26,3.3,1.0,0.2546,0.6768,0.0685,-0.0188,0.074,0.0512,2026-05-18,49.82,50.91,49.75,50.72,2.243074e6,50.57893
2026-05-18T20:33:08.723,60,60,BAC260717C00050000,BAC,2026-07-17,call,50.0,2.64,464.0,2.76,320.0,2.7,2.64,1.0,0.2593,0.6026,0.0722,-0.0199,0.0794,0.0459,2026-05-18,49.82,50.91,49.75,50.72,2.243074e6,50.57893
2026-05-18T20:33:08.723,60,60,BAC260717C00052500,BAC,2026-07-17,call,52.5,1.43,100.0,1.52,28.0,1.475,1.43,1.0,0.2519,0.4156,0.0752,-0.0188,0.0803,0.0323,2026-05-18,49.82,50.91,49.75,50.72,2.243074e6,50.57893
2026-05-18T20:33:08.723,60,60,BAC260717C00055000,BAC,2026-07-17,call,55.0,0.69,7.0,0.71,227.0,0.7,0.69,15.0,0.2453,0.2453,0.0623,-0.0144,0.0648,0.0193,2026-05-18,49.82,50.91,49.75,50.72,2.243074e6,50.57893
2026-05-18T20:33:08.723,60,60,BAC260717C00057500,BAC,2026-07-17,call,57.5,0.27,656.0,0.34,388.0,0.30500000000000005,0.3,1.0,0.2443,0.1269,0.0413,-0.0093,0.0428,0.0101,2026-05-18,49.82,50.91,49.75,50.72,2.243074e6,50.57893
2026-05-18T20:33:08.723,60,60,BAC260717C00060000,BAC,2026-07-17,call,60.0,0.1,413.0,0.11,552.0,0.10500000000000001,0.11,102.0,0.2375,0.0528,0.022,-0.0046,0.0222,0.0042,2026-05-18,49.82,50.91,49.75,50.72,2.243074e6,50.57893
2026-05-18T20:33:08.723,60,60,BAC260717C00062500,BAC,2026-07-17,call,62.5,0.03,186.0,0.08,362.0,0.055,0.05,3.0,0.2538,0.0284,0.0124,-0.003,0.0134,0.0023,2026-05-18,49.82,50.91,49.75,50.72,2.243074e6,50.57893
2026-05-18T20:33:08.723,60,60,BAC260717C00065000,BAC,2026-07-17,call,65.0,0.01,1.0,0.03,13.0,0.02,0.02,4.0,0.255,0.0114,0.0057,-0.0014,0.0062,0.0009,2026-05-18,49.82,50.91,49.75,50.72,2.243074e6,50.57893
2026-05-18T20:33:08.723,60,60,BAC260717C00070000,BAC,2026-07-17,call,70.0,0.0,0.0,0.09,1.0,0.045,0.01,1.0,,,,,,,2026-05-18,49.82,50.91,49.75,50.72,2.243074e6,50.57893
2026-05-18T20:33:08.723,60,60,BAC260717C00075000,BAC,2026-07-17,call,75.0,0.0,0.0,0.04,14.0,0.02,0.01,6.0,,,,,,,2026-05-18,49.82,50.91,49.75,50.72,2.243074e6,50.57893
2026-05-18T20:33:08.723,60,60,BAC260717P00025000,BAC,2026-07-17,put,25.0,0.0,0.0,0.08,743.0,0.04,0.01,1.0,,,,,,,2026-05-18,49.82,50.91,49.75,50.72,2.243074e6,50.57893
2026-05-18T20:33:08.723,60,60,BAC260717P00030000,BAC,2026-07-17,put,30.0,0.01,176.0,0.06,964.0,0.034999999999999996,0.03,10.0,0.576,-0.0083,0.0019,-0.0022,0.0046,-0.0007,2026-05-18,49.82,50.91,49.75,50.72,2.243074e6,50.57893
2026-05-18T20:33:08.723,60,60,BAC260717P00035000,BAC,2026-07-17,put,35.0,0.03,94.0,0.09,995.0,0.06,0.07,2.0,0.4585,-0.0166,0.0044,-0.0032,0.0085,-0.0015,2026-05-18,49.82,50.91,49.75,50.72,2.243074e6,50.57893
2026-05-18T20:33:08.723,60,60,BAC260717P00036000,BAC,2026-07-17,put,36.0,0.05,64.0,0.1,24.0,0.07500000000000001,0.1,18.0,0.444,-0.0209,0.0055,-0.0037,0.0103,-0.0019,2026-05-18,49.82,50.91,49.75,50.72,2.243074e6,50.57893
2026-05-18T20:33:08.723,60,60,BAC260717P00037000,BAC,2026-07-17,put,37.0,0.07,179.0,0.08,194.0,0.07500000000000001,,,0.4138,-0.0223,0.0062,-0.0037,0.0109,-0.002,2026-05-18,49.82,50.91,49.75,50.72,2.243074e6,50.57893
2026-05-18T20:33:08.723,60,60,BAC260717P00038000,BAC,2026-07-17,put,38.0,0.09,165.0,0.1,410.0,0.095,0.1,11.0,0.4003,-0.0283,0.0079,-0.0043,0.0134,-0.0025,2026-05-18,49.82,50.91,49.75,50.72,2.243074e6,50.57893
2026-05-18T20:33:08.723,60,60,BAC260717P00039000,BAC,2026-07-17,put,39.0,0.11,475.0,0.13,116.0,0.12,0.15,1.0,0.3869,-0.0358,0.0099,-0.005,0.0162,-0.0032,2026-05-18,49.82,50.91,49.75,50.72,2.243074e6,50.57893
2026-05-18T20:33:08.723,60,60,BAC260717P00040000,BAC,2026-07-17,put,40.0,0.15,195.0,0.2,278.0,0.175,0.18,1.0,0.3851,-0.0498,0.013,-0.0065,0.0212,-0.0044,2026-05-18,49.82,50.91,49.75,50.72,2.243074e6,50.57893
2026-05-18T20:33:08.723,60,60,BAC260717P00041000,BAC,2026-07-17,put,41.0,0.19,196.0,0.25,188.0,0.22,0.24,1.0,0.3722,-0.0624,0.016,-0.0075,0.0253,-0.0056,2026-05-18,49.82,50.91,49.75,50.72,2.243074e6,50.57893
2026-05-18T20:33:08.723,60,60,BAC260717P00042000,BAC,2026-07-17,put,42.0,0.25,191.0,0.31,73.0,0.28,0.28,1.0,0.3607,-0.0786,0.0197,-0.0087,0.0302,-0.007,2026-05-18,49.82,50.91,49.75,50.72,2.243074e6,50.57893
2026-05-18T20:33:08.723,60,60,BAC260717P00043000,BAC,2026-07-17,put,43.0,0.33,222.0,0.36,835.0,0.345,0.36,3.0,0.3464,-0.0969,0.024,-0.0097,0.0353,-0.0087,2026-05-18,49.82,50.91,49.75,50.72,2.243074e6,50.57893
2026-05-18T20:33:08.723,60,60,BAC260717P00044000,BAC,2026-07-17,put,44.0,0.47,184.0,0.51,827.0,0.49,0.49,2.0,0.3475,-0.1287,0.0294,-0.0118,0.0433,-0.0116,2026-05-18,49.82,50.91,49.75,50.72,2.243074e6,50.57893
2026-05-18T20:33:08.723,60,60,BAC260717P00045000,BAC,2026-07-17,put,45.0,0.57,58.0,0.65,90.0,0.61,0.6,4.0,0.3356,-0.158,0.0349,-0.013,0.0497,-0.0142,2026-05-18,49.82,50.91,49.75,50.72,2.243074e6,50.57893
2026-05-18T20:33:08.723,60,60,BAC260717P00046000,BAC,2026-07-17,put,46.0,0.73,163.0,0.82,870.0,0.7749999999999999,0.76,5.0,0.3268,-0.1949,0.0409,-0.0144,0.0568,-0.0175,2026-05-18,49.82,50.91,49.75,50.72,2.243074e6,50.57893
2026-05-18T20:33:08.723,60,60,BAC260717P00047000,BAC,2026-07-17,put,47.0,0.95,25.0,1.03,1042.0,0.99,0.98,1.0,0.3201,-0.239,0.047,-0.0157,0.0639,-0.0216,2026-05-18,49.82,50.91,49.75,50.72,2.243074e6,50.57893
2026-05-18T20:33:08.723,60,60,BAC260717P00048000,BAC,2026-07-17,put,48.0,1.2,133.0,1.25,231.0,1.225,1.23,4.0,0.3099,-0.2873,0.0534,-0.0166,0.0702,-0.026,2026-05-18,49.82,50.91,49.75,50.72,2.243074e6,50.57893
2026-05-18T20:33:08.723,60,60,BAC260717P00049000,BAC,2026-07-17,put,49.0,1.52,110.0,1.61,587.0,1.565,1.59,2.0,0.3072,-0.3447,0.0582,-0.0175,0.0759,-0.0314,2026-05-18,49.82,50.91,49.75,50.72,2.243074e6,50.57893
2026-05-18T20:33:08.723,60,60,BAC260717P00050000,BAC,2026-07-17,put,50.0,1.95,40.0,1.99,456.0,1.97,1.95,1.0,0.3053,-0.4059,0.0617,-0.0181,0.0799,-0.0371,2026-05-18,49.82,50.91,49.75,50.72,2.243074e6,50.57893
2026-05-18T20:33:08.723,60,60,BAC260717P00052500,BAC,2026-07-17,put,52.5,3.23,171.0,3.27,105.0,3.25,3.26,1.0,0.2996,-0.5641,0.0638,-0.0171,0.0811,-0.0524,2026-05-18,49.82,50.91,49.75,50.72,2.243074e6,50.57893
2026-05-18T20:33:08.723,60,60,BAC260717P00055000,BAC,2026-07-17,put,55.0,4.66,846.0,5.1,506.0,4.88,5.0,1.0,0.2905,-0.714,0.0568,-0.0129,0.07,-0.0676,2026-05-18,49.82,50.91,49.75,50.72,2.243074e6,50.57893
2026-05-18T20:33:08.723,60,60,BAC260717P00057500,BAC,2026-07-17,put,57.5,6.8,837.0,7.23,524.0,7.015000000000001,7.4,1.0,0.314,-0.8059,0.0425,-0.0101,0.0566,-0.0788,2026-05-18,49.82,50.91,49.75,50.72,2.243074e6,50.57893
2026-05-18T20:33:08.723,60,60,BAC260717P00060000,BAC,2026-07-17,put,60.0,9.28,136.0,9.59,96.0,9.434999999999999,8.03,1.0,0.3681,-0.8416,0.0319,-0.0101,0.0498,-0.0858,2026-05-18,49.82,50.91,49.75,50.72,2.243074e6,50.57893
2026-05-18T20:33:08.723,60,60,BAC260717P00062500,BAC,2026-07-17,put,62.5,10.89,21.0,13.11,21.0,12.0,12.65,1.0,0.4446,-0.8478,0.0257,-0.0125,0.0485,-0.0905,2026-05-18,49.82,50.91,49.75,50.72,2.243074e6,50.57893
2026-05-18T20:33:08.723,60,60,BAC260717P00065000,BAC,2026-07-17,put,65.0,13.26,21.0,15.66,176.0,14.46,13.32,1.0,0.495,-0.8639,0.0214,-0.0128,0.045,-0.0959,2026-05-18,49.82,50.91,49.75,50.72,2.243074e6,50.57893
2026-05-18T20:33:08.723,60,60,BAC260717P00070000,BAC,2026-07-17,put,70.0,17.71,20.0,21.42,28.0,19.565,18.2,10.0,0.6269,-0.8667,0.0167,-0.0169,0.0443,-0.1045,2026-05-18,49.82,50.91,49.75,50.72,2.243074e6,50.57893
2026-05-18T20:33:08.723,60,60,BAC260717P00075000,BAC,2026-07-17,put,75.0,23.28,20.0,25.64,20.0,24.46,23.5,1.0,0.6994,-0.8871,0.0133,-0.0161,0.0395,-0.1143,2026-05-18,49.82,50.91,49.75,50.72,2.243074e6,50.57893
